#-----------------------------------------------------------
# Vivado v2020.2 (64-bit)
# SW Build 3064766 on Wed Nov 18 09:12:45 MST 2020
# IP Build 3064653 on Wed Nov 18 14:17:31 MST 2020
# Start of session at: Tue Mar 31 18:19:54 2026
# Process ID: 19728
# Current directory: C:/Users/jaswa/VLSI_LAB/Course Project/FINAL_TEST2
# Command line: vivado.exe -gui_launcher_event rodinguilauncherevent6000 C:\Users\jaswa\VLSI_LAB\Course Project\FINAL_TEST2\FINAL_TEST2.xpr
# Log file: C:/Users/jaswa/VLSI_LAB/Course Project/FINAL_TEST2/vivado.log
# Journal file: C:/Users/jaswa/VLSI_LAB/Course Project/FINAL_TEST2\vivado.jou
#-----------------------------------------------------------
start_gui
open_project {C:/Users/jaswa/VLSI_LAB/Course Project/FINAL_TEST2/FINAL_TEST2.xpr}
Scanning sources...
Finished scanning sources
INFO: [IP_Flow 19-234] Refreshing IP repositories
INFO: [IP_Flow 19-1704] No user IP repositories specified
INFO: [IP_Flow 19-2313] Loaded Vivado IP repository 'C:/Xilinx/Vivado/2020.2/data/ip'.
open_project: Time (s): cpu = 00:00:20 ; elapsed = 00:00:08 . Memory (MB): peak = 1144.422 ; gain = 0.000
update_compile_order -fileset sources_1
launch_simulation
Command: launch_simulation 
INFO: [Vivado 12-5682] Launching behavioral simulation in 'C:/Users/jaswa/VLSI_LAB/Course Project/FINAL_TEST2/FINAL_TEST2.sim/sim_1/behav/xsim'
INFO: [Vivado 12-4795] Using compiled simulation libraries for IPs
INFO: [SIM-utils-51] Simulation object is 'sim_1'
INFO: [USF-XSim-7] Finding pre-compiled libraries...
INFO: [USF-XSim-11] File 'C:/Xilinx/Vivado/2020.2/data/xsim/xsim.ini' copied to run dir:'C:/Users/jaswa/VLSI_LAB/Course Project/FINAL_TEST2/FINAL_TEST2.sim/sim_1/behav/xsim'
INFO: [SIM-utils-54] Inspecting design source files for 'RiscV_BD_wrapper_tb' in fileset 'sim_1'...
INFO: [SIM-utils-43] Exported 'C:/Users/jaswa/VLSI_LAB/Course Project/FINAL_TEST2/FINAL_TEST2.sim/sim_1/behav/xsim/RiscV_BD_blk_mem_gen_0_0.mif'
INFO: [SIM-utils-43] Exported 'C:/Users/jaswa/VLSI_LAB/Course Project/FINAL_TEST2/FINAL_TEST2.sim/sim_1/behav/xsim/instruction_memory.coe'
INFO: [SIM-utils-43] Exported 'C:/Users/jaswa/VLSI_LAB/Course Project/FINAL_TEST2/FINAL_TEST2.sim/sim_1/behav/xsim/RiscV_BD_blk_mem_gen_1_0.mif'
INFO: [SIM-utils-43] Exported 'C:/Users/jaswa/VLSI_LAB/Course Project/FINAL_TEST2/FINAL_TEST2.sim/sim_1/behav/xsim/data_memory.coe'
INFO: [SIM-utils-43] Exported 'C:/Users/jaswa/VLSI_LAB/Course Project/FINAL_TEST2/FINAL_TEST2.sim/sim_1/behav/xsim/instruction_memory.coe'
INFO: [USF-XSim-97] Finding global include files...
INFO: [USF-XSim-98] Fetching design files from 'sim_1'...
INFO: [USF-XSim-2] XSim::Compile design
INFO: [USF-XSim-61] Executing 'COMPILE and ANALYZE' step in 'C:/Users/jaswa/VLSI_LAB/Course Project/FINAL_TEST2/FINAL_TEST2.sim/sim_1/behav/xsim'
"xvlog --incr --relax -prj RiscV_BD_wrapper_tb_vlog.prj"
INFO: [VRFC 10-2263] Analyzing Verilog file "C:/Users/jaswa/VLSI_LAB/Course Project/FINAL_TEST2/FINAL_TEST2.srcs/sources_1/imports/sources_1/imports/new/Booth_PP.v" into library xil_defaultlib
INFO: [VRFC 10-311] analyzing module Booth_PP_FM
INFO: [VRFC 10-2263] Analyzing Verilog file "C:/Users/jaswa/VLSI_LAB/Course Project/FINAL_TEST2/FINAL_TEST2.srcs/sources_1/imports/new/Dadda_tree.v" into library xil_defaultlib
INFO: [VRFC 10-311] analyzing module Dadda_tree
INFO: [VRFC 10-2263] Analyzing Verilog file "C:/Users/jaswa/VLSI_LAB/Course Project/FINAL_TEST2/FINAL_TEST2.srcs/sources_1/imports/new/Q16_16.v" into library xil_defaultlib
INFO: [VRFC 10-311] analyzing module Q16_16_Mult
INFO: [VRFC 10-2263] Analyzing Verilog file "C:/Users/jaswa/VLSI_LAB/Course Project/FINAL_TEST2/FINAL_TEST2.srcs/sources_1/imports/COURSE PRPJECT/Decode/reg_file.v" into library xil_defaultlib
INFO: [VRFC 10-311] analyzing module register_file
INFO: [VRFC 10-2263] Analyzing Verilog file "C:/Users/jaswa/VLSI_LAB/Course Project/FINAL_TEST2/FINAL_TEST2.srcs/sources_1/imports/COURSE PRPJECT/Decode/imm_extend.v" into library xil_defaultlib
INFO: [VRFC 10-311] analyzing module imm_extend
INFO: [VRFC 10-2263] Analyzing Verilog file "C:/Users/jaswa/VLSI_LAB/Course Project/FINAL_TEST2/FINAL_TEST2.srcs/sources_1/imports/codes/min_csr.v" into library xil_defaultlib
INFO: [VRFC 10-311] analyzing module csr
INFO: [VRFC 10-2263] Analyzing Verilog file "C:/Users/jaswa/VLSI_LAB/Course Project/FINAL_TEST2/FINAL_TEST2.srcs/sources_1/imports/codes/controller.v" into library xil_defaultlib
INFO: [VRFC 10-311] analyzing module controller
INFO: [VRFC 10-2263] Analyzing Verilog file "C:/Users/jaswa/VLSI_LAB/Course Project/FINAL_TEST2/FINAL_TEST2.srcs/sources_1/imports/codes/alu_fixed_point_mux.v" into library xil_defaultlib
INFO: [VRFC 10-311] analyzing module alu_fixed_point_mux
INFO: [VRFC 10-2263] Analyzing Verilog file "C:/Users/jaswa/VLSI_LAB/Course Project/FINAL_TEST2/FINAL_TEST2.srcs/sources_1/imports/codes/csr_mux.v" into library xil_defaultlib
INFO: [VRFC 10-311] analyzing module csr_mux
INFO: [VRFC 10-2263] Analyzing Verilog file "C:/Users/jaswa/VLSI_LAB/Course Project/FINAL_TEST2/FINAL_TEST2.srcs/sources_1/imports/codes/forwarding_mux.v" into library xil_defaultlib
INFO: [VRFC 10-311] analyzing module forwarding_mux
INFO: [VRFC 10-2263] Analyzing Verilog file "C:/Users/jaswa/VLSI_LAB/Course Project/FINAL_TEST2/FINAL_TEST2.srcs/sources_1/imports/codes/alu_muxes.v" into library xil_defaultlib
INFO: [VRFC 10-311] analyzing module alu_muxes
INFO: [VRFC 10-2458] undeclared symbol alu_op, assumed default net type wire [C:/Users/jaswa/VLSI_LAB/Course Project/FINAL_TEST2/FINAL_TEST2.srcs/sources_1/imports/codes/alu_muxes.v:49]
INFO: [VRFC 10-2263] Analyzing Verilog file "C:/Users/jaswa/VLSI_LAB/Course Project/FINAL_TEST2/FINAL_TEST2.srcs/sources_1/imports/codes/branch_fsm.v" into library xil_defaultlib
INFO: [VRFC 10-311] analyzing module branch_fsm
INFO: [VRFC 10-2263] Analyzing Verilog file "C:/Users/jaswa/VLSI_LAB/Course Project/FINAL_TEST2/FINAL_TEST2.srcs/sources_1/imports/codes/mul_fsm.v" into library xil_defaultlib
INFO: [VRFC 10-311] analyzing module mul_fsm
INFO: [VRFC 10-2263] Analyzing Verilog file "C:/Users/jaswa/VLSI_LAB/Course Project/FINAL_TEST2/FINAL_TEST2.srcs/sources_1/new/EX_MA_PR.v" into library xil_defaultlib
INFO: [VRFC 10-311] analyzing module EX_MA_PR
INFO: [VRFC 10-2263] Analyzing Verilog file "C:/Users/jaswa/VLSI_LAB/Course Project/FINAL_TEST2/FINAL_TEST2.srcs/sources_1/new/MA_WB_PR.v" into library xil_defaultlib
INFO: [VRFC 10-311] analyzing module MA_WB_PR
INFO: [VRFC 10-2263] Analyzing Verilog file "C:/Users/jaswa/VLSI_LAB/Course Project/FINAL_TEST2/FINAL_TEST2.srcs/sources_1/imports/codes/load_extend.v" into library xil_defaultlib
INFO: [VRFC 10-311] analyzing module load_extend
INFO: [VRFC 10-2263] Analyzing Verilog file "C:/Users/jaswa/VLSI_LAB/Course Project/FINAL_TEST2/FINAL_TEST2.srcs/sources_1/new/Write_back_Mux.v" into library xil_defaultlib
INFO: [VRFC 10-311] analyzing module Write_back_Mux
INFO: [VRFC 10-2263] Analyzing Verilog file "C:/Users/jaswa/VLSI_LAB/Course Project/FINAL_TEST2/FINAL_TEST2.srcs/sources_1/new/combinational.v" into library xil_defaultlib
INFO: [VRFC 10-311] analyzing module combinational
INFO: [VRFC 10-2263] Analyzing Verilog file "C:/Users/jaswa/VLSI_LAB/Course Project/FINAL_TEST2/FINAL_TEST2.srcs/sources_1/imports/codes/inst_retire_mux.v" into library xil_defaultlib
INFO: [VRFC 10-311] analyzing module instr_retire_mux
INFO: [VRFC 10-2263] Analyzing Verilog file "C:/Users/jaswa/VLSI_LAB/Course Project/FINAL_TEST2/FINAL_TEST2.srcs/sources_1/new/concat_2to1.v" into library xil_defaultlib
INFO: [VRFC 10-311] analyzing module concat_2to1
INFO: [VRFC 10-2263] Analyzing Verilog file "C:/Users/jaswa/VLSI_LAB/Course Project/FINAL_TEST2/FINAL_TEST2.srcs/sources_1/new/hazard_unit.v" into library xil_defaultlib
INFO: [VRFC 10-311] analyzing module hazard_unit
INFO: [VRFC 10-2263] Analyzing Verilog file "C:/Users/jaswa/VLSI_LAB/Course Project/FINAL_TEST2/FINAL_TEST2.srcs/sources_1/imports/DESIGN LAB/pc.v" into library xil_defaultlib
INFO: [VRFC 10-311] analyzing module pc
INFO: [VRFC 10-2263] Analyzing Verilog file "C:/Users/jaswa/VLSI_LAB/Course Project/FINAL_TEST2/FINAL_TEST2.srcs/sources_1/new/ID_EX_PR.v" into library xil_defaultlib
INFO: [VRFC 10-311] analyzing module ID_EX_PR
INFO: [VRFC 10-2263] Analyzing Verilog file "C:/Users/jaswa/VLSI_LAB/Course Project/FINAL_TEST2/FINAL_TEST2.srcs/sources_1/imports/new/Booth_PP.v" into library xil_defaultlib
INFO: [VRFC 10-311] analyzing module Booth_PP
INFO: [VRFC 10-2263] Analyzing Verilog file "C:/Users/jaswa/VLSI_LAB/Course Project/FINAL_TEST2/FINAL_TEST2.srcs/sources_1/imports/sources_1/imports/new/Dadda_Stage_1.v" into library xil_defaultlib
INFO: [VRFC 10-311] analyzing module Dadda_stage1
INFO: [VRFC 10-2263] Analyzing Verilog file "C:/Users/jaswa/VLSI_LAB/Course Project/FINAL_TEST2/FINAL_TEST2.srcs/sources_1/imports/sources_1/imports/new/Dadda_stage_2.v" into library xil_defaultlib
INFO: [VRFC 10-311] analyzing module Dadda_stage2
INFO: [VRFC 10-2263] Analyzing Verilog file "C:/Users/jaswa/VLSI_LAB/Course Project/FINAL_TEST2/FINAL_TEST2.srcs/sources_1/imports/sources_1/imports/new/mul_top.v" into library xil_defaultlib
INFO: [VRFC 10-311] analyzing module mul_top
INFO: [VRFC 10-2263] Analyzing Verilog file "C:/Users/jaswa/VLSI_LAB/Course Project/FINAL_TEST2/FINAL_TEST2.srcs/sources_1/imports/sources_1/new/ALU_OPER.v" into library xil_defaultlib
INFO: [VRFC 10-311] analyzing module ALU_OPER
INFO: [VRFC 10-2263] Analyzing Verilog file "C:/Users/jaswa/VLSI_LAB/Course Project/FINAL_TEST2/FINAL_TEST2.srcs/sources_1/new/IF_ID_PR.v" into library xil_defaultlib
INFO: [VRFC 10-311] analyzing module IF_ID_PR
INFO: [VRFC 10-2263] Analyzing Verilog file "C:/Users/jaswa/VLSI_LAB/Course Project/FINAL_TEST2/FINAL_TEST2.srcs/sources_1/new/OR_gate.v" into library xil_defaultlib
INFO: [VRFC 10-311] analyzing module or_gate
INFO: [VRFC 10-2263] Analyzing Verilog file "C:/Users/jaswa/VLSI_LAB/Course Project/FINAL_TEST2/FINAL_TEST2.ip_user_files/bd/RiscV_BD/ip/RiscV_BD_Q16_16_Mult_0_0/sim/RiscV_BD_Q16_16_Mult_0_0.v" into library xil_defaultlib
INFO: [VRFC 10-311] analyzing module RiscV_BD_Q16_16_Mult_0_0
INFO: [VRFC 10-2263] Analyzing Verilog file "C:/Users/jaswa/VLSI_LAB/Course Project/FINAL_TEST2/FINAL_TEST2.ip_user_files/bd/RiscV_BD/ip/RiscV_BD_register_file_0_0/sim/RiscV_BD_register_file_0_0.v" into library xil_defaultlib
INFO: [VRFC 10-311] analyzing module RiscV_BD_register_file_0_0
INFO: [VRFC 10-2263] Analyzing Verilog file "C:/Users/jaswa/VLSI_LAB/Course Project/FINAL_TEST2/FINAL_TEST2.ip_user_files/bd/RiscV_BD/ip/RiscV_BD_imm_extend_0_0/sim/RiscV_BD_imm_extend_0_0.v" into library xil_defaultlib
INFO: [VRFC 10-311] analyzing module RiscV_BD_imm_extend_0_0
INFO: [VRFC 10-2263] Analyzing Verilog file "C:/Users/jaswa/VLSI_LAB/Course Project/FINAL_TEST2/FINAL_TEST2.ip_user_files/bd/RiscV_BD/ip/RiscV_BD_csr_0_0/sim/RiscV_BD_csr_0_0.v" into library xil_defaultlib
INFO: [VRFC 10-311] analyzing module RiscV_BD_csr_0_0
INFO: [VRFC 10-2263] Analyzing Verilog file "C:/Users/jaswa/VLSI_LAB/Course Project/FINAL_TEST2/FINAL_TEST2.ip_user_files/bd/RiscV_BD/ip/RiscV_BD_controller_0_0/sim/RiscV_BD_controller_0_0.v" into library xil_defaultlib
INFO: [VRFC 10-311] analyzing module RiscV_BD_controller_0_0
INFO: [VRFC 10-2263] Analyzing Verilog file "C:/Users/jaswa/VLSI_LAB/Course Project/FINAL_TEST2/FINAL_TEST2.ip_user_files/bd/RiscV_BD/ip/RiscV_BD_alu_fixed_point_mux_0_0/sim/RiscV_BD_alu_fixed_point_mux_0_0.v" into library xil_defaultlib
INFO: [VRFC 10-311] analyzing module RiscV_BD_alu_fixed_point_mux_0_0
INFO: [VRFC 10-2263] Analyzing Verilog file "C:/Users/jaswa/VLSI_LAB/Course Project/FINAL_TEST2/FINAL_TEST2.ip_user_files/bd/RiscV_BD/ip/RiscV_BD_csr_mux_0_0/sim/RiscV_BD_csr_mux_0_0.v" into library xil_defaultlib
INFO: [VRFC 10-311] analyzing module RiscV_BD_csr_mux_0_0
INFO: [VRFC 10-2263] Analyzing Verilog file "C:/Users/jaswa/VLSI_LAB/Course Project/FINAL_TEST2/FINAL_TEST2.ip_user_files/bd/RiscV_BD/ip/RiscV_BD_forwarding_mux_0_0/sim/RiscV_BD_forwarding_mux_0_0.v" into library xil_defaultlib
INFO: [VRFC 10-311] analyzing module RiscV_BD_forwarding_mux_0_0
INFO: [VRFC 10-2263] Analyzing Verilog file "C:/Users/jaswa/VLSI_LAB/Course Project/FINAL_TEST2/FINAL_TEST2.ip_user_files/bd/RiscV_BD/ip/RiscV_BD_alu_muxes_0_2/sim/RiscV_BD_alu_muxes_0_2.v" into library xil_defaultlib
INFO: [VRFC 10-311] analyzing module RiscV_BD_alu_muxes_0_2
INFO: [VRFC 10-2263] Analyzing Verilog file "C:/Users/jaswa/VLSI_LAB/Course Project/FINAL_TEST2/FINAL_TEST2.ip_user_files/bd/RiscV_BD/ip/RiscV_BD_branch_fsm_0_0/sim/RiscV_BD_branch_fsm_0_0.v" into library xil_defaultlib
INFO: [VRFC 10-311] analyzing module RiscV_BD_branch_fsm_0_0
INFO: [VRFC 10-2263] Analyzing Verilog file "C:/Users/jaswa/VLSI_LAB/Course Project/FINAL_TEST2/FINAL_TEST2.ip_user_files/bd/RiscV_BD/ip/RiscV_BD_mul_fsm_0_0/sim/RiscV_BD_mul_fsm_0_0.v" into library xil_defaultlib
INFO: [VRFC 10-311] analyzing module RiscV_BD_mul_fsm_0_0
INFO: [VRFC 10-2263] Analyzing Verilog file "C:/Users/jaswa/VLSI_LAB/Course Project/FINAL_TEST2/FINAL_TEST2.ip_user_files/bd/RiscV_BD/ip/RiscV_BD_EX_MA_PR_0_0/sim/RiscV_BD_EX_MA_PR_0_0.v" into library xil_defaultlib
INFO: [VRFC 10-311] analyzing module RiscV_BD_EX_MA_PR_0_0
INFO: [VRFC 10-2263] Analyzing Verilog file "C:/Users/jaswa/VLSI_LAB/Course Project/FINAL_TEST2/FINAL_TEST2.ip_user_files/bd/RiscV_BD/ip/RiscV_BD_MA_WB_PR_0_0/sim/RiscV_BD_MA_WB_PR_0_0.v" into library xil_defaultlib
INFO: [VRFC 10-311] analyzing module RiscV_BD_MA_WB_PR_0_0
INFO: [VRFC 10-2263] Analyzing Verilog file "C:/Users/jaswa/VLSI_LAB/Course Project/FINAL_TEST2/FINAL_TEST2.ip_user_files/bd/RiscV_BD/ip/RiscV_BD_load_extend_0_0/sim/RiscV_BD_load_extend_0_0.v" into library xil_defaultlib
INFO: [VRFC 10-311] analyzing module RiscV_BD_load_extend_0_0
INFO: [VRFC 10-2263] Analyzing Verilog file "C:/Users/jaswa/VLSI_LAB/Course Project/FINAL_TEST2/FINAL_TEST2.ip_user_files/bd/RiscV_BD/ip/RiscV_BD_Write_back_Mux_0_0/sim/RiscV_BD_Write_back_Mux_0_0.v" into library xil_defaultlib
INFO: [VRFC 10-311] analyzing module RiscV_BD_Write_back_Mux_0_0
INFO: [VRFC 10-2263] Analyzing Verilog file "C:/Users/jaswa/VLSI_LAB/Course Project/FINAL_TEST2/FINAL_TEST2.ip_user_files/bd/RiscV_BD/ip/RiscV_BD_combinational_0_0/sim/RiscV_BD_combinational_0_0.v" into library xil_defaultlib
INFO: [VRFC 10-311] analyzing module RiscV_BD_combinational_0_0
INFO: [VRFC 10-2263] Analyzing Verilog file "C:/Users/jaswa/VLSI_LAB/Course Project/FINAL_TEST2/FINAL_TEST2.ip_user_files/bd/RiscV_BD/ip/RiscV_BD_instr_retire_mux_0_0/sim/RiscV_BD_instr_retire_mux_0_0.v" into library xil_defaultlib
INFO: [VRFC 10-311] analyzing module RiscV_BD_instr_retire_mux_0_0
INFO: [VRFC 10-2263] Analyzing Verilog file "C:/Users/jaswa/VLSI_LAB/Course Project/FINAL_TEST2/FINAL_TEST2.ip_user_files/bd/RiscV_BD/ip/RiscV_BD_blk_mem_gen_0_0/sim/RiscV_BD_blk_mem_gen_0_0.v" into library xil_defaultlib
INFO: [VRFC 10-311] analyzing module RiscV_BD_blk_mem_gen_0_0
INFO: [VRFC 10-2263] Analyzing Verilog file "C:/Users/jaswa/VLSI_LAB/Course Project/FINAL_TEST2/FINAL_TEST2.ip_user_files/bd/RiscV_BD/ip/RiscV_BD_blk_mem_gen_1_0/sim/RiscV_BD_blk_mem_gen_1_0.v" into library xil_defaultlib
INFO: [VRFC 10-311] analyzing module RiscV_BD_blk_mem_gen_1_0
INFO: [VRFC 10-2263] Analyzing Verilog file "C:/Users/jaswa/VLSI_LAB/Course Project/FINAL_TEST2/FINAL_TEST2.ip_user_files/bd/RiscV_BD/ip/RiscV_BD_concat_2to1_0_0/sim/RiscV_BD_concat_2to1_0_0.v" into library xil_defaultlib
INFO: [VRFC 10-311] analyzing module RiscV_BD_concat_2to1_0_0
INFO: [VRFC 10-2263] Analyzing Verilog file "C:/Users/jaswa/VLSI_LAB/Course Project/FINAL_TEST2/FINAL_TEST2.ip_user_files/bd/RiscV_BD/ip/RiscV_BD_concat_2to1_1_0/sim/RiscV_BD_concat_2to1_1_0.v" into library xil_defaultlib
INFO: [VRFC 10-311] analyzing module RiscV_BD_concat_2to1_1_0
INFO: [VRFC 10-2263] Analyzing Verilog file "C:/Users/jaswa/VLSI_LAB/Course Project/FINAL_TEST2/FINAL_TEST2.ip_user_files/bd/RiscV_BD/ip/RiscV_BD_hazard_unit_0_0/sim/RiscV_BD_hazard_unit_0_0.v" into library xil_defaultlib
INFO: [VRFC 10-311] analyzing module RiscV_BD_hazard_unit_0_0
INFO: [VRFC 10-2263] Analyzing Verilog file "C:/Users/jaswa/VLSI_LAB/Course Project/FINAL_TEST2/FINAL_TEST2.ip_user_files/bd/RiscV_BD/ip/RiscV_BD_pc_0_0/sim/RiscV_BD_pc_0_0.v" into library xil_defaultlib
INFO: [VRFC 10-311] analyzing module RiscV_BD_pc_0_0
INFO: [VRFC 10-2263] Analyzing Verilog file "C:/Users/jaswa/VLSI_LAB/Course Project/FINAL_TEST2/FINAL_TEST2.ip_user_files/bd/RiscV_BD/ip/RiscV_BD_concat_2to1_2_0/sim/RiscV_BD_concat_2to1_2_0.v" into library xil_defaultlib
INFO: [VRFC 10-311] analyzing module RiscV_BD_concat_2to1_2_0
INFO: [VRFC 10-2263] Analyzing Verilog file "C:/Users/jaswa/VLSI_LAB/Course Project/FINAL_TEST2/FINAL_TEST2.ip_user_files/bd/RiscV_BD/ip/RiscV_BD_ID_EX_PR_0_0/sim/RiscV_BD_ID_EX_PR_0_0.v" into library xil_defaultlib
INFO: [VRFC 10-311] analyzing module RiscV_BD_ID_EX_PR_0_0
INFO: [VRFC 10-2263] Analyzing Verilog file "C:/Users/jaswa/VLSI_LAB/Course Project/FINAL_TEST2/FINAL_TEST2.ip_user_files/bd/RiscV_BD/ip/RiscV_BD_ALU_OPER_0_0/sim/RiscV_BD_ALU_OPER_0_0.v" into library xil_defaultlib
INFO: [VRFC 10-311] analyzing module RiscV_BD_ALU_OPER_0_0
INFO: [VRFC 10-2263] Analyzing Verilog file "C:/Users/jaswa/VLSI_LAB/Course Project/FINAL_TEST2/FINAL_TEST2.ip_user_files/bd/RiscV_BD/ip/RiscV_BD_IF_ID_PR_0_0/sim/RiscV_BD_IF_ID_PR_0_0.v" into library xil_defaultlib
INFO: [VRFC 10-311] analyzing module RiscV_BD_IF_ID_PR_0_0
INFO: [VRFC 10-2263] Analyzing Verilog file "C:/Users/jaswa/VLSI_LAB/Course Project/FINAL_TEST2/FINAL_TEST2.ip_user_files/bd/RiscV_BD/ip/RiscV_BD_or_gate_1_0/sim/RiscV_BD_or_gate_1_0.v" into library xil_defaultlib
INFO: [VRFC 10-311] analyzing module RiscV_BD_or_gate_1_0
INFO: [VRFC 10-2263] Analyzing Verilog file "C:/Users/jaswa/VLSI_LAB/Course Project/FINAL_TEST2/FINAL_TEST2.ip_user_files/bd/RiscV_BD/sim/RiscV_BD.v" into library xil_defaultlib
INFO: [VRFC 10-311] analyzing module RiscV_BD
INFO: [VRFC 10-2263] Analyzing Verilog file "C:/Users/jaswa/VLSI_LAB/Course Project/FINAL_TEST2/FINAL_TEST2.gen/sources_1/bd/RiscV_BD/hdl/RiscV_BD_wrapper.v" into library xil_defaultlib
INFO: [VRFC 10-311] analyzing module RiscV_BD_wrapper
INFO: [VRFC 10-2263] Analyzing Verilog file "C:/Users/jaswa/VLSI_LAB/Course Project/FINAL_TEST2/FINAL_TEST2.srcs/sim_1/new/RiscV_BD_wrapper_tb.v" into library xil_defaultlib
INFO: [VRFC 10-311] analyzing module RiscV_BD_wrapper_tb
INFO: [VRFC 10-2263] Analyzing Verilog file "C:/Users/jaswa/VLSI_LAB/Course Project/FINAL_TEST2/FINAL_TEST2.sim/sim_1/behav/xsim/glbl.v" into library xil_defaultlib
INFO: [VRFC 10-311] analyzing module glbl
run_program: Time (s): cpu = 00:00:00 ; elapsed = 00:00:07 . Memory (MB): peak = 1144.422 ; gain = 0.000
INFO: [USF-XSim-69] 'compile' step finished in '7' seconds
INFO: [USF-XSim-3] XSim::Elaborate design
INFO: [USF-XSim-61] Executing 'ELABORATE' step in 'C:/Users/jaswa/VLSI_LAB/Course Project/FINAL_TEST2/FINAL_TEST2.sim/sim_1/behav/xsim'
"xelab -wto 825d914d5bae4902b22375897d789401 --incr --debug typical --relax --mt 2 -L xil_defaultlib -L blk_mem_gen_v8_4_4 -L unisims_ver -L unimacro_ver -L secureip -L xpm --snapshot RiscV_BD_wrapper_tb_behav xil_defaultlib.RiscV_BD_wrapper_tb xil_defaultlib.glbl -log elaborate.log"
Vivado Simulator 2020.2
Copyright 1986-1999, 2001-2020 Xilinx, Inc. All Rights Reserved.
Running: C:/Xilinx/Vivado/2020.2/bin/unwrapped/win64.o/xelab.exe -wto 825d914d5bae4902b22375897d789401 --incr --debug typical --relax --mt 2 -L xil_defaultlib -L blk_mem_gen_v8_4_4 -L unisims_ver -L unimacro_ver -L secureip -L xpm --snapshot RiscV_BD_wrapper_tb_behav xil_defaultlib.RiscV_BD_wrapper_tb xil_defaultlib.glbl -log elaborate.log 
Using 2 slave threads.
Starting static elaboration
Pass Through NonSizing Optimizer
ERROR: [VRFC 10-3180] cannot find port 'rst' on this module [C:/Users/jaswa/VLSI_LAB/Course Project/FINAL_TEST2/FINAL_TEST2.ip_user_files/bd/RiscV_BD/ip/RiscV_BD_or_gate_1_0/sim/RiscV_BD_or_gate_1_0.v:74]
ERROR: [XSIM 43-3322] Static elaboration of top level Verilog design unit(s) in library work failed.
INFO: [USF-XSim-69] 'elaborate' step finished in '1' seconds
INFO: [USF-XSim-99] Step results log file:'C:/Users/jaswa/VLSI_LAB/Course Project/FINAL_TEST2/FINAL_TEST2.sim/sim_1/behav/xsim/elaborate.log'
ERROR: [USF-XSim-62] 'elaborate' step failed with error(s). Please check the Tcl console output or 'C:/Users/jaswa/VLSI_LAB/Course Project/FINAL_TEST2/FINAL_TEST2.sim/sim_1/behav/xsim/elaborate.log' file for more information.
ERROR: [Vivado 12-4473] Detected error while running simulation. Please correct the issue and retry this operation.
launch_simulation: Time (s): cpu = 00:00:06 ; elapsed = 00:00:36 . Memory (MB): peak = 1144.422 ; gain = 0.000
ERROR: [Common 17-39] 'launch_simulation' failed due to earlier errors.
reset_target all [get_files  {{C:/Users/jaswa/VLSI_LAB/Course Project/FINAL_TEST2/FINAL_TEST2.srcs/sources_1/bd/RiscV_BD/RiscV_BD.bd}}]
export_ip_user_files -of_objects  [get_files  {{C:/Users/jaswa/VLSI_LAB/Course Project/FINAL_TEST2/FINAL_TEST2.srcs/sources_1/bd/RiscV_BD/RiscV_BD.bd}}] -sync -no_script -force -quiet
generate_target all [get_files  {{C:/Users/jaswa/VLSI_LAB/Course Project/FINAL_TEST2/FINAL_TEST2.srcs/sources_1/bd/RiscV_BD/RiscV_BD.bd}}]
INFO: [BD 41-1662] The design 'RiscV_BD.bd' is already validated. Therefore parameter propagation will not be re-run.
CRITICAL WARNING: [BD 41-759] The input pins (listed below) are either not connected or do not have a source port, and they don't have a tie-off specified. These pins are tied-off to all 0's to avoid error in Implementation flow.
Please check your design and connect them as needed: 
/instr_retire_mux_0/instr_stalled
/hazard_unit_0/memtoreg

VHDL Output written to : c:/Users/jaswa/VLSI_LAB/Course Project/FINAL_TEST2/FINAL_TEST2.gen/sources_1/bd/RiscV_BD/synth/RiscV_BD.v
VHDL Output written to : c:/Users/jaswa/VLSI_LAB/Course Project/FINAL_TEST2/FINAL_TEST2.gen/sources_1/bd/RiscV_BD/sim/RiscV_BD.v
VHDL Output written to : c:/Users/jaswa/VLSI_LAB/Course Project/FINAL_TEST2/FINAL_TEST2.gen/sources_1/bd/RiscV_BD/hdl/RiscV_BD_wrapper.v
INFO: [BD 41-1029] Generation completed for the IP Integrator block Q16_16_Mult_0 .
INFO: [BD 41-1029] Generation completed for the IP Integrator block register_file_0 .
INFO: [BD 41-1029] Generation completed for the IP Integrator block imm_extend_0 .
INFO: [BD 41-1029] Generation completed for the IP Integrator block csr_0 .
INFO: [BD 41-1029] Generation completed for the IP Integrator block controller_0 .
INFO: [BD 41-1029] Generation completed for the IP Integrator block alu_fixed_point_mux_0 .
INFO: [BD 41-1029] Generation completed for the IP Integrator block csr_mux_0 .
INFO: [BD 41-1029] Generation completed for the IP Integrator block forwarding_mux_0 .
INFO: [BD 41-1029] Generation completed for the IP Integrator block alu_muxes_0 .
INFO: [BD 41-1029] Generation completed for the IP Integrator block branch_fsm_0 .
INFO: [BD 41-1029] Generation completed for the IP Integrator block mul_fsm_0 .
INFO: [BD 41-1029] Generation completed for the IP Integrator block EX_MA_PR_0 .
INFO: [BD 41-1029] Generation completed for the IP Integrator block MA_WB_PR_0 .
INFO: [BD 41-1029] Generation completed for the IP Integrator block load_extend_0 .
INFO: [BD 41-1029] Generation completed for the IP Integrator block Write_back_Mux_0 .
INFO: [BD 41-1029] Generation completed for the IP Integrator block combinational_0 .
INFO: [BD 41-1029] Generation completed for the IP Integrator block instr_retire_mux_0 .
INFO: [BD 41-1029] Generation completed for the IP Integrator block blk_mem_gen_0 .
INFO: [BD 41-1029] Generation completed for the IP Integrator block blk_mem_gen_1 .
INFO: [BD 41-1029] Generation completed for the IP Integrator block concat_2to1_0 .
INFO: [BD 41-1029] Generation completed for the IP Integrator block concat_2to1_1 .
INFO: [BD 41-1029] Generation completed for the IP Integrator block hazard_unit_0 .
INFO: [BD 41-1029] Generation completed for the IP Integrator block pc_0 .
INFO: [BD 41-1029] Generation completed for the IP Integrator block concat_2to1_2 .
INFO: [BD 41-1029] Generation completed for the IP Integrator block ID_EX_PR_0 .
INFO: [BD 41-1029] Generation completed for the IP Integrator block ALU_OPER_0 .
INFO: [BD 41-1029] Generation completed for the IP Integrator block IF_ID_PR_0 .
INFO: [BD 41-1029] Generation completed for the IP Integrator block or_gate_1 .
Exporting to file c:/Users/jaswa/VLSI_LAB/Course Project/FINAL_TEST2/FINAL_TEST2.gen/sources_1/bd/RiscV_BD/hw_handoff/RiscV_BD.hwh
Generated Block Design Tcl file c:/Users/jaswa/VLSI_LAB/Course Project/FINAL_TEST2/FINAL_TEST2.gen/sources_1/bd/RiscV_BD/hw_handoff/RiscV_BD_bd.tcl
Generated Hardware Definition File c:/Users/jaswa/VLSI_LAB/Course Project/FINAL_TEST2/FINAL_TEST2.gen/sources_1/bd/RiscV_BD/synth/RiscV_BD.hwdef
export_ip_user_files -of_objects [get_files {{C:/Users/jaswa/VLSI_LAB/Course Project/FINAL_TEST2/FINAL_TEST2.srcs/sources_1/bd/RiscV_BD/RiscV_BD.bd}}] -no_script -sync -force -quiet
export_simulation -of_objects [get_files {{C:/Users/jaswa/VLSI_LAB/Course Project/FINAL_TEST2/FINAL_TEST2.srcs/sources_1/bd/RiscV_BD/RiscV_BD.bd}}] -directory {C:/Users/jaswa/VLSI_LAB/Course Project/FINAL_TEST2/FINAL_TEST2.ip_user_files/sim_scripts} -ip_user_files_dir {C:/Users/jaswa/VLSI_LAB/Course Project/FINAL_TEST2/FINAL_TEST2.ip_user_files} -ipstatic_source_dir {C:/Users/jaswa/VLSI_LAB/Course Project/FINAL_TEST2/FINAL_TEST2.ip_user_files/ipstatic} -lib_map_path [list {modelsim=C:/Users/jaswa/VLSI_LAB/Course Project/FINAL_TEST2/FINAL_TEST2.cache/compile_simlib/modelsim} {questa=C:/Users/jaswa/VLSI_LAB/Course Project/FINAL_TEST2/FINAL_TEST2.cache/compile_simlib/questa} {riviera=C:/Users/jaswa/VLSI_LAB/Course Project/FINAL_TEST2/FINAL_TEST2.cache/compile_simlib/riviera} {activehdl=C:/Users/jaswa/VLSI_LAB/Course Project/FINAL_TEST2/FINAL_TEST2.cache/compile_simlib/activehdl}] -use_ip_compiled_libs -force -quiet
launch_simulation
Command: launch_simulation 
INFO: [Vivado 12-5682] Launching behavioral simulation in 'C:/Users/jaswa/VLSI_LAB/Course Project/FINAL_TEST2/FINAL_TEST2.sim/sim_1/behav/xsim'
INFO: [Vivado 12-4795] Using compiled simulation libraries for IPs
INFO: [SIM-utils-51] Simulation object is 'sim_1'
INFO: [USF-XSim-7] Finding pre-compiled libraries...
INFO: [USF-XSim-11] File 'C:/Xilinx/Vivado/2020.2/data/xsim/xsim.ini' copied to run dir:'C:/Users/jaswa/VLSI_LAB/Course Project/FINAL_TEST2/FINAL_TEST2.sim/sim_1/behav/xsim'
INFO: [SIM-utils-54] Inspecting design source files for 'RiscV_BD_wrapper_tb' in fileset 'sim_1'...
INFO: [SIM-utils-43] Exported 'C:/Users/jaswa/VLSI_LAB/Course Project/FINAL_TEST2/FINAL_TEST2.sim/sim_1/behav/xsim/instruction_memory.coe'
INFO: [SIM-utils-43] Exported 'C:/Users/jaswa/VLSI_LAB/Course Project/FINAL_TEST2/FINAL_TEST2.sim/sim_1/behav/xsim/RiscV_BD_blk_mem_gen_0_0.mif'
INFO: [SIM-utils-43] Exported 'C:/Users/jaswa/VLSI_LAB/Course Project/FINAL_TEST2/FINAL_TEST2.sim/sim_1/behav/xsim/data_memory.coe'
INFO: [SIM-utils-43] Exported 'C:/Users/jaswa/VLSI_LAB/Course Project/FINAL_TEST2/FINAL_TEST2.sim/sim_1/behav/xsim/RiscV_BD_blk_mem_gen_1_0.mif'
INFO: [SIM-utils-43] Exported 'C:/Users/jaswa/VLSI_LAB/Course Project/FINAL_TEST2/FINAL_TEST2.sim/sim_1/behav/xsim/instruction_memory.coe'
INFO: [USF-XSim-97] Finding global include files...
INFO: [USF-XSim-98] Fetching design files from 'sim_1'...
INFO: [USF-XSim-2] XSim::Compile design
INFO: [USF-XSim-61] Executing 'COMPILE and ANALYZE' step in 'C:/Users/jaswa/VLSI_LAB/Course Project/FINAL_TEST2/FINAL_TEST2.sim/sim_1/behav/xsim'
"xvlog --incr --relax -prj RiscV_BD_wrapper_tb_vlog.prj"
INFO: [VRFC 10-2263] Analyzing Verilog file "C:/Users/jaswa/VLSI_LAB/Course Project/FINAL_TEST2/FINAL_TEST2.srcs/sources_1/imports/sources_1/imports/new/Booth_PP.v" into library xil_defaultlib
INFO: [VRFC 10-311] analyzing module Booth_PP_FM
INFO: [VRFC 10-2263] Analyzing Verilog file "C:/Users/jaswa/VLSI_LAB/Course Project/FINAL_TEST2/FINAL_TEST2.srcs/sources_1/imports/new/Dadda_tree.v" into library xil_defaultlib
INFO: [VRFC 10-311] analyzing module Dadda_tree
INFO: [VRFC 10-2263] Analyzing Verilog file "C:/Users/jaswa/VLSI_LAB/Course Project/FINAL_TEST2/FINAL_TEST2.srcs/sources_1/imports/new/Q16_16.v" into library xil_defaultlib
INFO: [VRFC 10-311] analyzing module Q16_16_Mult
INFO: [VRFC 10-2263] Analyzing Verilog file "C:/Users/jaswa/VLSI_LAB/Course Project/FINAL_TEST2/FINAL_TEST2.srcs/sources_1/imports/COURSE PRPJECT/Decode/reg_file.v" into library xil_defaultlib
INFO: [VRFC 10-311] analyzing module register_file
INFO: [VRFC 10-2263] Analyzing Verilog file "C:/Users/jaswa/VLSI_LAB/Course Project/FINAL_TEST2/FINAL_TEST2.srcs/sources_1/imports/COURSE PRPJECT/Decode/imm_extend.v" into library xil_defaultlib
INFO: [VRFC 10-311] analyzing module imm_extend
INFO: [VRFC 10-2263] Analyzing Verilog file "C:/Users/jaswa/VLSI_LAB/Course Project/FINAL_TEST2/FINAL_TEST2.srcs/sources_1/imports/codes/min_csr.v" into library xil_defaultlib
INFO: [VRFC 10-311] analyzing module csr
INFO: [VRFC 10-2263] Analyzing Verilog file "C:/Users/jaswa/VLSI_LAB/Course Project/FINAL_TEST2/FINAL_TEST2.srcs/sources_1/imports/codes/controller.v" into library xil_defaultlib
INFO: [VRFC 10-311] analyzing module controller
INFO: [VRFC 10-2263] Analyzing Verilog file "C:/Users/jaswa/VLSI_LAB/Course Project/FINAL_TEST2/FINAL_TEST2.srcs/sources_1/imports/codes/alu_fixed_point_mux.v" into library xil_defaultlib
INFO: [VRFC 10-311] analyzing module alu_fixed_point_mux
INFO: [VRFC 10-2263] Analyzing Verilog file "C:/Users/jaswa/VLSI_LAB/Course Project/FINAL_TEST2/FINAL_TEST2.srcs/sources_1/imports/codes/csr_mux.v" into library xil_defaultlib
INFO: [VRFC 10-311] analyzing module csr_mux
INFO: [VRFC 10-2263] Analyzing Verilog file "C:/Users/jaswa/VLSI_LAB/Course Project/FINAL_TEST2/FINAL_TEST2.srcs/sources_1/imports/codes/forwarding_mux.v" into library xil_defaultlib
INFO: [VRFC 10-311] analyzing module forwarding_mux
INFO: [VRFC 10-2263] Analyzing Verilog file "C:/Users/jaswa/VLSI_LAB/Course Project/FINAL_TEST2/FINAL_TEST2.srcs/sources_1/imports/codes/alu_muxes.v" into library xil_defaultlib
INFO: [VRFC 10-311] analyzing module alu_muxes
INFO: [VRFC 10-2458] undeclared symbol alu_op, assumed default net type wire [C:/Users/jaswa/VLSI_LAB/Course Project/FINAL_TEST2/FINAL_TEST2.srcs/sources_1/imports/codes/alu_muxes.v:49]
INFO: [VRFC 10-2263] Analyzing Verilog file "C:/Users/jaswa/VLSI_LAB/Course Project/FINAL_TEST2/FINAL_TEST2.srcs/sources_1/imports/codes/branch_fsm.v" into library xil_defaultlib
INFO: [VRFC 10-311] analyzing module branch_fsm
INFO: [VRFC 10-2263] Analyzing Verilog file "C:/Users/jaswa/VLSI_LAB/Course Project/FINAL_TEST2/FINAL_TEST2.srcs/sources_1/imports/codes/mul_fsm.v" into library xil_defaultlib
INFO: [VRFC 10-311] analyzing module mul_fsm
INFO: [VRFC 10-2263] Analyzing Verilog file "C:/Users/jaswa/VLSI_LAB/Course Project/FINAL_TEST2/FINAL_TEST2.srcs/sources_1/new/EX_MA_PR.v" into library xil_defaultlib
INFO: [VRFC 10-311] analyzing module EX_MA_PR
INFO: [VRFC 10-2263] Analyzing Verilog file "C:/Users/jaswa/VLSI_LAB/Course Project/FINAL_TEST2/FINAL_TEST2.srcs/sources_1/new/MA_WB_PR.v" into library xil_defaultlib
INFO: [VRFC 10-311] analyzing module MA_WB_PR
INFO: [VRFC 10-2263] Analyzing Verilog file "C:/Users/jaswa/VLSI_LAB/Course Project/FINAL_TEST2/FINAL_TEST2.srcs/sources_1/imports/codes/load_extend.v" into library xil_defaultlib
INFO: [VRFC 10-311] analyzing module load_extend
INFO: [VRFC 10-2263] Analyzing Verilog file "C:/Users/jaswa/VLSI_LAB/Course Project/FINAL_TEST2/FINAL_TEST2.srcs/sources_1/new/Write_back_Mux.v" into library xil_defaultlib
INFO: [VRFC 10-311] analyzing module Write_back_Mux
INFO: [VRFC 10-2263] Analyzing Verilog file "C:/Users/jaswa/VLSI_LAB/Course Project/FINAL_TEST2/FINAL_TEST2.srcs/sources_1/new/combinational.v" into library xil_defaultlib
INFO: [VRFC 10-311] analyzing module combinational
INFO: [VRFC 10-2263] Analyzing Verilog file "C:/Users/jaswa/VLSI_LAB/Course Project/FINAL_TEST2/FINAL_TEST2.srcs/sources_1/imports/codes/inst_retire_mux.v" into library xil_defaultlib
INFO: [VRFC 10-311] analyzing module instr_retire_mux
INFO: [VRFC 10-2263] Analyzing Verilog file "C:/Users/jaswa/VLSI_LAB/Course Project/FINAL_TEST2/FINAL_TEST2.srcs/sources_1/new/concat_2to1.v" into library xil_defaultlib
INFO: [VRFC 10-311] analyzing module concat_2to1
INFO: [VRFC 10-2263] Analyzing Verilog file "C:/Users/jaswa/VLSI_LAB/Course Project/FINAL_TEST2/FINAL_TEST2.srcs/sources_1/new/hazard_unit.v" into library xil_defaultlib
INFO: [VRFC 10-311] analyzing module hazard_unit
INFO: [VRFC 10-2263] Analyzing Verilog file "C:/Users/jaswa/VLSI_LAB/Course Project/FINAL_TEST2/FINAL_TEST2.srcs/sources_1/imports/DESIGN LAB/pc.v" into library xil_defaultlib
INFO: [VRFC 10-311] analyzing module pc
INFO: [VRFC 10-2263] Analyzing Verilog file "C:/Users/jaswa/VLSI_LAB/Course Project/FINAL_TEST2/FINAL_TEST2.srcs/sources_1/new/ID_EX_PR.v" into library xil_defaultlib
INFO: [VRFC 10-311] analyzing module ID_EX_PR
INFO: [VRFC 10-2263] Analyzing Verilog file "C:/Users/jaswa/VLSI_LAB/Course Project/FINAL_TEST2/FINAL_TEST2.srcs/sources_1/imports/new/Booth_PP.v" into library xil_defaultlib
INFO: [VRFC 10-311] analyzing module Booth_PP
INFO: [VRFC 10-2263] Analyzing Verilog file "C:/Users/jaswa/VLSI_LAB/Course Project/FINAL_TEST2/FINAL_TEST2.srcs/sources_1/imports/sources_1/imports/new/Dadda_Stage_1.v" into library xil_defaultlib
INFO: [VRFC 10-311] analyzing module Dadda_stage1
INFO: [VRFC 10-2263] Analyzing Verilog file "C:/Users/jaswa/VLSI_LAB/Course Project/FINAL_TEST2/FINAL_TEST2.srcs/sources_1/imports/sources_1/imports/new/Dadda_stage_2.v" into library xil_defaultlib
INFO: [VRFC 10-311] analyzing module Dadda_stage2
INFO: [VRFC 10-2263] Analyzing Verilog file "C:/Users/jaswa/VLSI_LAB/Course Project/FINAL_TEST2/FINAL_TEST2.srcs/sources_1/imports/sources_1/imports/new/mul_top.v" into library xil_defaultlib
INFO: [VRFC 10-311] analyzing module mul_top
INFO: [VRFC 10-2263] Analyzing Verilog file "C:/Users/jaswa/VLSI_LAB/Course Project/FINAL_TEST2/FINAL_TEST2.srcs/sources_1/imports/sources_1/new/ALU_OPER.v" into library xil_defaultlib
INFO: [VRFC 10-311] analyzing module ALU_OPER
INFO: [VRFC 10-2263] Analyzing Verilog file "C:/Users/jaswa/VLSI_LAB/Course Project/FINAL_TEST2/FINAL_TEST2.srcs/sources_1/new/IF_ID_PR.v" into library xil_defaultlib
INFO: [VRFC 10-311] analyzing module IF_ID_PR
INFO: [VRFC 10-2263] Analyzing Verilog file "C:/Users/jaswa/VLSI_LAB/Course Project/FINAL_TEST2/FINAL_TEST2.srcs/sources_1/new/OR_gate.v" into library xil_defaultlib
INFO: [VRFC 10-311] analyzing module or_gate
INFO: [VRFC 10-2263] Analyzing Verilog file "C:/Users/jaswa/VLSI_LAB/Course Project/FINAL_TEST2/FINAL_TEST2.ip_user_files/bd/RiscV_BD/ip/RiscV_BD_Q16_16_Mult_0_0/sim/RiscV_BD_Q16_16_Mult_0_0.v" into library xil_defaultlib
INFO: [VRFC 10-311] analyzing module RiscV_BD_Q16_16_Mult_0_0
INFO: [VRFC 10-2263] Analyzing Verilog file "C:/Users/jaswa/VLSI_LAB/Course Project/FINAL_TEST2/FINAL_TEST2.ip_user_files/bd/RiscV_BD/ip/RiscV_BD_register_file_0_0/sim/RiscV_BD_register_file_0_0.v" into library xil_defaultlib
INFO: [VRFC 10-311] analyzing module RiscV_BD_register_file_0_0
INFO: [VRFC 10-2263] Analyzing Verilog file "C:/Users/jaswa/VLSI_LAB/Course Project/FINAL_TEST2/FINAL_TEST2.ip_user_files/bd/RiscV_BD/ip/RiscV_BD_imm_extend_0_0/sim/RiscV_BD_imm_extend_0_0.v" into library xil_defaultlib
INFO: [VRFC 10-311] analyzing module RiscV_BD_imm_extend_0_0
INFO: [VRFC 10-2263] Analyzing Verilog file "C:/Users/jaswa/VLSI_LAB/Course Project/FINAL_TEST2/FINAL_TEST2.ip_user_files/bd/RiscV_BD/ip/RiscV_BD_csr_0_0/sim/RiscV_BD_csr_0_0.v" into library xil_defaultlib
INFO: [VRFC 10-311] analyzing module RiscV_BD_csr_0_0
INFO: [VRFC 10-2263] Analyzing Verilog file "C:/Users/jaswa/VLSI_LAB/Course Project/FINAL_TEST2/FINAL_TEST2.ip_user_files/bd/RiscV_BD/ip/RiscV_BD_controller_0_0/sim/RiscV_BD_controller_0_0.v" into library xil_defaultlib
INFO: [VRFC 10-311] analyzing module RiscV_BD_controller_0_0
INFO: [VRFC 10-2263] Analyzing Verilog file "C:/Users/jaswa/VLSI_LAB/Course Project/FINAL_TEST2/FINAL_TEST2.ip_user_files/bd/RiscV_BD/ip/RiscV_BD_alu_fixed_point_mux_0_0/sim/RiscV_BD_alu_fixed_point_mux_0_0.v" into library xil_defaultlib
INFO: [VRFC 10-311] analyzing module RiscV_BD_alu_fixed_point_mux_0_0
INFO: [VRFC 10-2263] Analyzing Verilog file "C:/Users/jaswa/VLSI_LAB/Course Project/FINAL_TEST2/FINAL_TEST2.ip_user_files/bd/RiscV_BD/ip/RiscV_BD_csr_mux_0_0/sim/RiscV_BD_csr_mux_0_0.v" into library xil_defaultlib
INFO: [VRFC 10-311] analyzing module RiscV_BD_csr_mux_0_0
INFO: [VRFC 10-2263] Analyzing Verilog file "C:/Users/jaswa/VLSI_LAB/Course Project/FINAL_TEST2/FINAL_TEST2.ip_user_files/bd/RiscV_BD/ip/RiscV_BD_forwarding_mux_0_0/sim/RiscV_BD_forwarding_mux_0_0.v" into library xil_defaultlib
INFO: [VRFC 10-311] analyzing module RiscV_BD_forwarding_mux_0_0
INFO: [VRFC 10-2263] Analyzing Verilog file "C:/Users/jaswa/VLSI_LAB/Course Project/FINAL_TEST2/FINAL_TEST2.ip_user_files/bd/RiscV_BD/ip/RiscV_BD_alu_muxes_0_2/sim/RiscV_BD_alu_muxes_0_2.v" into library xil_defaultlib
INFO: [VRFC 10-311] analyzing module RiscV_BD_alu_muxes_0_2
INFO: [VRFC 10-2263] Analyzing Verilog file "C:/Users/jaswa/VLSI_LAB/Course Project/FINAL_TEST2/FINAL_TEST2.ip_user_files/bd/RiscV_BD/ip/RiscV_BD_branch_fsm_0_0/sim/RiscV_BD_branch_fsm_0_0.v" into library xil_defaultlib
INFO: [VRFC 10-311] analyzing module RiscV_BD_branch_fsm_0_0
INFO: [VRFC 10-2263] Analyzing Verilog file "C:/Users/jaswa/VLSI_LAB/Course Project/FINAL_TEST2/FINAL_TEST2.ip_user_files/bd/RiscV_BD/ip/RiscV_BD_mul_fsm_0_0/sim/RiscV_BD_mul_fsm_0_0.v" into library xil_defaultlib
INFO: [VRFC 10-311] analyzing module RiscV_BD_mul_fsm_0_0
INFO: [VRFC 10-2263] Analyzing Verilog file "C:/Users/jaswa/VLSI_LAB/Course Project/FINAL_TEST2/FINAL_TEST2.ip_user_files/bd/RiscV_BD/ip/RiscV_BD_EX_MA_PR_0_0/sim/RiscV_BD_EX_MA_PR_0_0.v" into library xil_defaultlib
INFO: [VRFC 10-311] analyzing module RiscV_BD_EX_MA_PR_0_0
INFO: [VRFC 10-2263] Analyzing Verilog file "C:/Users/jaswa/VLSI_LAB/Course Project/FINAL_TEST2/FINAL_TEST2.ip_user_files/bd/RiscV_BD/ip/RiscV_BD_MA_WB_PR_0_0/sim/RiscV_BD_MA_WB_PR_0_0.v" into library xil_defaultlib
INFO: [VRFC 10-311] analyzing module RiscV_BD_MA_WB_PR_0_0
INFO: [VRFC 10-2263] Analyzing Verilog file "C:/Users/jaswa/VLSI_LAB/Course Project/FINAL_TEST2/FINAL_TEST2.ip_user_files/bd/RiscV_BD/ip/RiscV_BD_load_extend_0_0/sim/RiscV_BD_load_extend_0_0.v" into library xil_defaultlib
INFO: [VRFC 10-311] analyzing module RiscV_BD_load_extend_0_0
INFO: [VRFC 10-2263] Analyzing Verilog file "C:/Users/jaswa/VLSI_LAB/Course Project/FINAL_TEST2/FINAL_TEST2.ip_user_files/bd/RiscV_BD/ip/RiscV_BD_Write_back_Mux_0_0/sim/RiscV_BD_Write_back_Mux_0_0.v" into library xil_defaultlib
INFO: [VRFC 10-311] analyzing module RiscV_BD_Write_back_Mux_0_0
INFO: [VRFC 10-2263] Analyzing Verilog file "C:/Users/jaswa/VLSI_LAB/Course Project/FINAL_TEST2/FINAL_TEST2.ip_user_files/bd/RiscV_BD/ip/RiscV_BD_combinational_0_0/sim/RiscV_BD_combinational_0_0.v" into library xil_defaultlib
INFO: [VRFC 10-311] analyzing module RiscV_BD_combinational_0_0
INFO: [VRFC 10-2263] Analyzing Verilog file "C:/Users/jaswa/VLSI_LAB/Course Project/FINAL_TEST2/FINAL_TEST2.ip_user_files/bd/RiscV_BD/ip/RiscV_BD_instr_retire_mux_0_0/sim/RiscV_BD_instr_retire_mux_0_0.v" into library xil_defaultlib
INFO: [VRFC 10-311] analyzing module RiscV_BD_instr_retire_mux_0_0
INFO: [VRFC 10-2263] Analyzing Verilog file "C:/Users/jaswa/VLSI_LAB/Course Project/FINAL_TEST2/FINAL_TEST2.ip_user_files/bd/RiscV_BD/ip/RiscV_BD_blk_mem_gen_0_0/sim/RiscV_BD_blk_mem_gen_0_0.v" into library xil_defaultlib
INFO: [VRFC 10-311] analyzing module RiscV_BD_blk_mem_gen_0_0
INFO: [VRFC 10-2263] Analyzing Verilog file "C:/Users/jaswa/VLSI_LAB/Course Project/FINAL_TEST2/FINAL_TEST2.ip_user_files/bd/RiscV_BD/ip/RiscV_BD_blk_mem_gen_1_0/sim/RiscV_BD_blk_mem_gen_1_0.v" into library xil_defaultlib
INFO: [VRFC 10-311] analyzing module RiscV_BD_blk_mem_gen_1_0
INFO: [VRFC 10-2263] Analyzing Verilog file "C:/Users/jaswa/VLSI_LAB/Course Project/FINAL_TEST2/FINAL_TEST2.ip_user_files/bd/RiscV_BD/ip/RiscV_BD_concat_2to1_0_0/sim/RiscV_BD_concat_2to1_0_0.v" into library xil_defaultlib
INFO: [VRFC 10-311] analyzing module RiscV_BD_concat_2to1_0_0
INFO: [VRFC 10-2263] Analyzing Verilog file "C:/Users/jaswa/VLSI_LAB/Course Project/FINAL_TEST2/FINAL_TEST2.ip_user_files/bd/RiscV_BD/ip/RiscV_BD_concat_2to1_1_0/sim/RiscV_BD_concat_2to1_1_0.v" into library xil_defaultlib
INFO: [VRFC 10-311] analyzing module RiscV_BD_concat_2to1_1_0
INFO: [VRFC 10-2263] Analyzing Verilog file "C:/Users/jaswa/VLSI_LAB/Course Project/FINAL_TEST2/FINAL_TEST2.ip_user_files/bd/RiscV_BD/ip/RiscV_BD_hazard_unit_0_0/sim/RiscV_BD_hazard_unit_0_0.v" into library xil_defaultlib
INFO: [VRFC 10-311] analyzing module RiscV_BD_hazard_unit_0_0
INFO: [VRFC 10-2263] Analyzing Verilog file "C:/Users/jaswa/VLSI_LAB/Course Project/FINAL_TEST2/FINAL_TEST2.ip_user_files/bd/RiscV_BD/ip/RiscV_BD_pc_0_0/sim/RiscV_BD_pc_0_0.v" into library xil_defaultlib
INFO: [VRFC 10-311] analyzing module RiscV_BD_pc_0_0
INFO: [VRFC 10-2263] Analyzing Verilog file "C:/Users/jaswa/VLSI_LAB/Course Project/FINAL_TEST2/FINAL_TEST2.ip_user_files/bd/RiscV_BD/ip/RiscV_BD_concat_2to1_2_0/sim/RiscV_BD_concat_2to1_2_0.v" into library xil_defaultlib
INFO: [VRFC 10-311] analyzing module RiscV_BD_concat_2to1_2_0
INFO: [VRFC 10-2263] Analyzing Verilog file "C:/Users/jaswa/VLSI_LAB/Course Project/FINAL_TEST2/FINAL_TEST2.ip_user_files/bd/RiscV_BD/ip/RiscV_BD_ID_EX_PR_0_0/sim/RiscV_BD_ID_EX_PR_0_0.v" into library xil_defaultlib
INFO: [VRFC 10-311] analyzing module RiscV_BD_ID_EX_PR_0_0
INFO: [VRFC 10-2263] Analyzing Verilog file "C:/Users/jaswa/VLSI_LAB/Course Project/FINAL_TEST2/FINAL_TEST2.ip_user_files/bd/RiscV_BD/ip/RiscV_BD_ALU_OPER_0_0/sim/RiscV_BD_ALU_OPER_0_0.v" into library xil_defaultlib
INFO: [VRFC 10-311] analyzing module RiscV_BD_ALU_OPER_0_0
INFO: [VRFC 10-2263] Analyzing Verilog file "C:/Users/jaswa/VLSI_LAB/Course Project/FINAL_TEST2/FINAL_TEST2.ip_user_files/bd/RiscV_BD/ip/RiscV_BD_IF_ID_PR_0_0/sim/RiscV_BD_IF_ID_PR_0_0.v" into library xil_defaultlib
INFO: [VRFC 10-311] analyzing module RiscV_BD_IF_ID_PR_0_0
INFO: [VRFC 10-2263] Analyzing Verilog file "C:/Users/jaswa/VLSI_LAB/Course Project/FINAL_TEST2/FINAL_TEST2.ip_user_files/bd/RiscV_BD/ip/RiscV_BD_or_gate_1_0/sim/RiscV_BD_or_gate_1_0.v" into library xil_defaultlib
INFO: [VRFC 10-311] analyzing module RiscV_BD_or_gate_1_0
INFO: [VRFC 10-2263] Analyzing Verilog file "C:/Users/jaswa/VLSI_LAB/Course Project/FINAL_TEST2/FINAL_TEST2.ip_user_files/bd/RiscV_BD/sim/RiscV_BD.v" into library xil_defaultlib
INFO: [VRFC 10-311] analyzing module RiscV_BD
INFO: [VRFC 10-2263] Analyzing Verilog file "C:/Users/jaswa/VLSI_LAB/Course Project/FINAL_TEST2/FINAL_TEST2.gen/sources_1/bd/RiscV_BD/hdl/RiscV_BD_wrapper.v" into library xil_defaultlib
INFO: [VRFC 10-311] analyzing module RiscV_BD_wrapper
INFO: [VRFC 10-2263] Analyzing Verilog file "C:/Users/jaswa/VLSI_LAB/Course Project/FINAL_TEST2/FINAL_TEST2.srcs/sim_1/new/RiscV_BD_wrapper_tb.v" into library xil_defaultlib
INFO: [VRFC 10-311] analyzing module RiscV_BD_wrapper_tb
run_program: Time (s): cpu = 00:00:01 ; elapsed = 00:00:07 . Memory (MB): peak = 1273.027 ; gain = 0.000
INFO: [USF-XSim-69] 'compile' step finished in '7' seconds
INFO: [USF-XSim-3] XSim::Elaborate design
INFO: [USF-XSim-61] Executing 'ELABORATE' step in 'C:/Users/jaswa/VLSI_LAB/Course Project/FINAL_TEST2/FINAL_TEST2.sim/sim_1/behav/xsim'
"xelab -wto 825d914d5bae4902b22375897d789401 --incr --debug typical --relax --mt 2 -L xil_defaultlib -L blk_mem_gen_v8_4_4 -L unisims_ver -L unimacro_ver -L secureip -L xpm --snapshot RiscV_BD_wrapper_tb_behav xil_defaultlib.RiscV_BD_wrapper_tb xil_defaultlib.glbl -log elaborate.log"
Vivado Simulator 2020.2
Copyright 1986-1999, 2001-2020 Xilinx, Inc. All Rights Reserved.
Running: C:/Xilinx/Vivado/2020.2/bin/unwrapped/win64.o/xelab.exe -wto 825d914d5bae4902b22375897d789401 --incr --debug typical --relax --mt 2 -L xil_defaultlib -L blk_mem_gen_v8_4_4 -L unisims_ver -L unimacro_ver -L secureip -L xpm --snapshot RiscV_BD_wrapper_tb_behav xil_defaultlib.RiscV_BD_wrapper_tb xil_defaultlib.glbl -log elaborate.log 
Using 2 slave threads.
Starting static elaboration
Pass Through NonSizing Optimizer
Completed static elaboration
Starting simulation data flow analysis
Completed simulation data flow analysis
Time Resolution for simulation is 1ps
Compiling module xil_defaultlib.Booth_PP
Compiling module xil_defaultlib.Dadda_stage1
Compiling module xil_defaultlib.Dadda_stage2
Compiling module xil_defaultlib.mul_top
Compiling module xil_defaultlib.ALU_OPER
Compiling module xil_defaultlib.RiscV_BD_ALU_OPER_0_0
Compiling module xil_defaultlib.EX_MA_PR
Compiling module xil_defaultlib.RiscV_BD_EX_MA_PR_0_0
Compiling module xil_defaultlib.ID_EX_PR
Compiling module xil_defaultlib.RiscV_BD_ID_EX_PR_0_0
Compiling module xil_defaultlib.IF_ID_PR
Compiling module xil_defaultlib.RiscV_BD_IF_ID_PR_0_0
Compiling module xil_defaultlib.MA_WB_PR
Compiling module xil_defaultlib.RiscV_BD_MA_WB_PR_0_0
Compiling module xil_defaultlib.Booth_PP_FM
Compiling module xil_defaultlib.Dadda_tree
Compiling module xil_defaultlib.Q16_16_Mult
Compiling module xil_defaultlib.RiscV_BD_Q16_16_Mult_0_0
Compiling module xil_defaultlib.Write_back_Mux
Compiling module xil_defaultlib.RiscV_BD_Write_back_Mux_0_0
Compiling module xil_defaultlib.alu_fixed_point_mux
Compiling module xil_defaultlib.RiscV_BD_alu_fixed_point_mux_0_0
Compiling module xil_defaultlib.alu_muxes
Compiling module xil_defaultlib.RiscV_BD_alu_muxes_0_2
Compiling module blk_mem_gen_v8_4_4.blk_mem_gen_v8_4_4_output_stage(...
Compiling module blk_mem_gen_v8_4_4.blk_mem_gen_v8_4_4_output_stage(...
Compiling module blk_mem_gen_v8_4_4.blk_mem_gen_v8_4_4_softecc_outpu...
Compiling module blk_mem_gen_v8_4_4.blk_mem_gen_v8_4_4_mem_module(C_...
Compiling module blk_mem_gen_v8_4_4.blk_mem_gen_v8_4_4(C_FAMILY="zyn...
Compiling module xil_defaultlib.RiscV_BD_blk_mem_gen_0_0
Compiling module blk_mem_gen_v8_4_4.blk_mem_gen_v8_4_4_mem_module(C_...
Compiling module blk_mem_gen_v8_4_4.blk_mem_gen_v8_4_4(C_FAMILY="zyn...
Compiling module xil_defaultlib.RiscV_BD_blk_mem_gen_1_0
Compiling module xil_defaultlib.branch_fsm
Compiling module xil_defaultlib.RiscV_BD_branch_fsm_0_0
Compiling module xil_defaultlib.combinational
Compiling module xil_defaultlib.RiscV_BD_combinational_0_0
Compiling module xil_defaultlib.concat_2to1
Compiling module xil_defaultlib.RiscV_BD_concat_2to1_0_0
Compiling module xil_defaultlib.RiscV_BD_concat_2to1_1_0
Compiling module xil_defaultlib.RiscV_BD_concat_2to1_2_0
Compiling module xil_defaultlib.controller
Compiling module xil_defaultlib.RiscV_BD_controller_0_0
Compiling module xil_defaultlib.csr
Compiling module xil_defaultlib.RiscV_BD_csr_0_0
Compiling module xil_defaultlib.csr_mux
Compiling module xil_defaultlib.RiscV_BD_csr_mux_0_0
Compiling module xil_defaultlib.forwarding_mux
Compiling module xil_defaultlib.RiscV_BD_forwarding_mux_0_0
Compiling module xil_defaultlib.hazard_unit
Compiling module xil_defaultlib.RiscV_BD_hazard_unit_0_0
Compiling module xil_defaultlib.imm_extend
Compiling module xil_defaultlib.RiscV_BD_imm_extend_0_0
Compiling module xil_defaultlib.instr_retire_mux
Compiling module xil_defaultlib.RiscV_BD_instr_retire_mux_0_0
Compiling module xil_defaultlib.load_extend
Compiling module xil_defaultlib.RiscV_BD_load_extend_0_0
Compiling module xil_defaultlib.mul_fsm
Compiling module xil_defaultlib.RiscV_BD_mul_fsm_0_0
Compiling module xil_defaultlib.or_gate
Compiling module xil_defaultlib.RiscV_BD_or_gate_1_0
Compiling module xil_defaultlib.pc
Compiling module xil_defaultlib.RiscV_BD_pc_0_0
Compiling module xil_defaultlib.register_file
Compiling module xil_defaultlib.RiscV_BD_register_file_0_0
Compiling module xil_defaultlib.RiscV_BD
Compiling module xil_defaultlib.RiscV_BD_wrapper
Compiling module xil_defaultlib.RiscV_BD_wrapper_tb
Compiling module xil_defaultlib.glbl
Built simulation snapshot RiscV_BD_wrapper_tb_behav

****** Webtalk v2020.2 (64-bit)
  **** SW Build 3064766 on Wed Nov 18 09:12:45 MST 2020
  **** IP Build 3064653 on Wed Nov 18 14:17:31 MST 2020
    ** Copyright 1986-2020 Xilinx, Inc. All Rights Reserved.

source C:/Users/jaswa/VLSI_LAB/Course -notrace
couldn't read file "C:/Users/jaswa/VLSI_LAB/Course": permission denied
INFO: [Common 17-206] Exiting Webtalk at Tue Mar 31 18:24:47 2026...
run_program: Time (s): cpu = 00:00:00 ; elapsed = 00:00:11 . Memory (MB): peak = 1273.027 ; gain = 0.000
INFO: [USF-XSim-69] 'elaborate' step finished in '11' seconds
INFO: [USF-XSim-4] XSim::Simulate design
INFO: [USF-XSim-61] Executing 'SIMULATE' step in 'C:/Users/jaswa/VLSI_LAB/Course Project/FINAL_TEST2/FINAL_TEST2.sim/sim_1/behav/xsim'
INFO: [USF-XSim-98] *** Running xsim
   with args "RiscV_BD_wrapper_tb_behav -key {Behavioral:sim_1:Functional:RiscV_BD_wrapper_tb} -tclbatch {RiscV_BD_wrapper_tb.tcl} -protoinst "protoinst_files/RiscV_BD.protoinst" -view {{C:/Users/jaswa/VLSI_LAB/Course Project/FINAL_TEST2/FINAL_TEST2.srcs/sim_1/imports/VLSI_RISC_V_IM/RiscV_BD_wrapper_tb_behav.wcfg}} -log {simulate.log}"
INFO: [USF-XSim-8] Loading simulator feature
Vivado Simulator 2020.2
INFO: [Wavedata 42-565] Reading protoinst file protoinst_files/RiscV_BD.protoinst
Time resolution is 1 ps
open_wave_config {C:/Users/jaswa/VLSI_LAB/Course Project/FINAL_TEST2/FINAL_TEST2.srcs/sim_1/imports/VLSI_RISC_V_IM/RiscV_BD_wrapper_tb_behav.wcfg}
WARNING: Simulation object /RiscV_BD_wrapper_tb/uut/RiscV_BD_i/or_gate_1/rst was not found in the design.
source RiscV_BD_wrapper_tb.tcl
# set curr_wave [current_wave_config]
# if { [string length $curr_wave] == 0 } {
#   if { [llength [get_objects]] > 0} {
#     add_wave /
#     set_property needs_save false [current_wave_config]
#   } else {
#      send_msg_id Add_Wave-1 WARNING "No top level signals found. Simulator will start without a wave window. If you want to open a wave window go to 'File->New Waveform Configuration' or type 'create_wave_config' in the TCL console."
#   }
# }
# run 1000ns
 Block Memory Generator module loading initial data...
 Block Memory Generator data initialization complete.
Block Memory Generator module RiscV_BD_wrapper_tb.uut.RiscV_BD_i.blk_mem_gen_0.inst.\native_mem_mapped_module.blk_mem_gen_v8_4_4_inst  is using a behavioral model for simulation which will not precisely model memory collision behavior.
 Block Memory Generator module loading initial data...
 Block Memory Generator data initialization complete.
Block Memory Generator module RiscV_BD_wrapper_tb.uut.RiscV_BD_i.blk_mem_gen_1.inst.\native_mem_mapped_module.blk_mem_gen_v8_4_4_inst  is using a behavioral model for simulation which will not precisely model memory collision behavior.
Simulation complete.
$finish called at time : 2115 ps : File "C:/Users/jaswa/VLSI_LAB/Course Project/FINAL_TEST2/FINAL_TEST2.srcs/sim_1/new/RiscV_BD_wrapper_tb.v" Line 35
xsim: Time (s): cpu = 00:00:06 ; elapsed = 00:00:07 . Memory (MB): peak = 1287.039 ; gain = 14.012
INFO: [USF-XSim-96] XSim completed. Design snapshot 'RiscV_BD_wrapper_tb_behav' loaded.
INFO: [USF-XSim-97] XSim simulation ran for 1000ns
launch_simulation: Time (s): cpu = 00:00:09 ; elapsed = 00:00:26 . Memory (MB): peak = 1287.039 ; gain = 14.012
open_bd_design {C:/Users/jaswa/VLSI_LAB/Course Project/FINAL_TEST2/FINAL_TEST2.srcs/sources_1/bd/RiscV_BD/RiscV_BD.bd}
Reading block design file <C:/Users/jaswa/VLSI_LAB/Course Project/FINAL_TEST2/FINAL_TEST2.srcs/sources_1/bd/RiscV_BD/RiscV_BD.bd>...
Adding component instance block -- xilinx.com:module_ref:Q16_16_Mult:1.0 - Q16_16_Mult_0
Adding component instance block -- xilinx.com:module_ref:register_file:1.0 - register_file_0
Adding component instance block -- xilinx.com:module_ref:imm_extend:1.0 - imm_extend_0
Adding component instance block -- xilinx.com:module_ref:csr:1.0 - csr_0
Adding component instance block -- xilinx.com:module_ref:controller:1.0 - controller_0
Adding component instance block -- xilinx.com:module_ref:alu_fixed_point_mux:1.0 - alu_fixed_point_mux_0
Adding component instance block -- xilinx.com:module_ref:csr_mux:1.0 - csr_mux_0
Adding component instance block -- xilinx.com:module_ref:forwarding_mux:1.0 - forwarding_mux_0
Adding component instance block -- xilinx.com:module_ref:alu_muxes:1.0 - alu_muxes_0
Adding component instance block -- xilinx.com:module_ref:branch_fsm:1.0 - branch_fsm_0
Adding component instance block -- xilinx.com:module_ref:mul_fsm:1.0 - mul_fsm_0
Adding component instance block -- xilinx.com:module_ref:EX_MA_PR:1.0 - EX_MA_PR_0
Adding component instance block -- xilinx.com:module_ref:MA_WB_PR:1.0 - MA_WB_PR_0
Adding component instance block -- xilinx.com:module_ref:load_extend:1.0 - load_extend_0
Adding component instance block -- xilinx.com:module_ref:Write_back_Mux:1.0 - Write_back_Mux_0
Adding component instance block -- xilinx.com:module_ref:combinational:1.0 - combinational_0
Adding component instance block -- xilinx.com:module_ref:instr_retire_mux:1.0 - instr_retire_mux_0
Adding component instance block -- xilinx.com:ip:blk_mem_gen:8.4 - blk_mem_gen_0
Adding component instance block -- xilinx.com:ip:blk_mem_gen:8.4 - blk_mem_gen_1
Adding component instance block -- xilinx.com:module_ref:concat_2to1:1.0 - concat_2to1_0
Adding component instance block -- xilinx.com:module_ref:concat_2to1:1.0 - concat_2to1_1
Adding component instance block -- xilinx.com:module_ref:hazard_unit:1.0 - hazard_unit_0
Adding component instance block -- xilinx.com:module_ref:pc:1.0 - pc_0
Adding component instance block -- xilinx.com:module_ref:concat_2to1:1.0 - concat_2to1_2
Adding component instance block -- xilinx.com:module_ref:ID_EX_PR:1.0 - ID_EX_PR_0
Adding component instance block -- xilinx.com:module_ref:ALU_OPER:1.0 - ALU_OPER_0
Adding component instance block -- xilinx.com:module_ref:IF_ID_PR:1.0 - IF_ID_PR_0
Adding component instance block -- xilinx.com:module_ref:or_gate:1.0 - or_gate_1
Successfully read diagram <RiscV_BD> from block design file <C:/Users/jaswa/VLSI_LAB/Course Project/FINAL_TEST2/FINAL_TEST2.srcs/sources_1/bd/RiscV_BD/RiscV_BD.bd>
open_bd_design: Time (s): cpu = 00:00:07 ; elapsed = 00:00:05 . Memory (MB): peak = 1568.168 ; gain = 92.160
close_bd_design [get_bd_designs RiscV_BD]
Wrote  : <C:/Users/jaswa/VLSI_LAB/Course Project/FINAL_TEST2/FINAL_TEST2.srcs/sources_1/bd/RiscV_BD/ui/bd_3ef32312.ui> 
close_sim
INFO: [Simtcl 6-16] Simulation closed
launch_simulation
Command: launch_simulation 
INFO: [Vivado 12-5682] Launching behavioral simulation in 'C:/Users/jaswa/VLSI_LAB/Course Project/FINAL_TEST2/FINAL_TEST2.sim/sim_1/behav/xsim'
INFO: [Vivado 12-4795] Using compiled simulation libraries for IPs
INFO: [SIM-utils-51] Simulation object is 'sim_1'
INFO: [USF-XSim-7] Finding pre-compiled libraries...
INFO: [USF-XSim-11] File 'C:/Xilinx/Vivado/2020.2/data/xsim/xsim.ini' copied to run dir:'C:/Users/jaswa/VLSI_LAB/Course Project/FINAL_TEST2/FINAL_TEST2.sim/sim_1/behav/xsim'
INFO: [SIM-utils-54] Inspecting design source files for 'RiscV_BD_wrapper_tb' in fileset 'sim_1'...
INFO: [SIM-utils-43] Exported 'C:/Users/jaswa/VLSI_LAB/Course Project/FINAL_TEST2/FINAL_TEST2.sim/sim_1/behav/xsim/instruction_memory.coe'
INFO: [SIM-utils-43] Exported 'C:/Users/jaswa/VLSI_LAB/Course Project/FINAL_TEST2/FINAL_TEST2.sim/sim_1/behav/xsim/RiscV_BD_blk_mem_gen_0_0.mif'
INFO: [SIM-utils-43] Exported 'C:/Users/jaswa/VLSI_LAB/Course Project/FINAL_TEST2/FINAL_TEST2.sim/sim_1/behav/xsim/data_memory.coe'
INFO: [SIM-utils-43] Exported 'C:/Users/jaswa/VLSI_LAB/Course Project/FINAL_TEST2/FINAL_TEST2.sim/sim_1/behav/xsim/RiscV_BD_blk_mem_gen_1_0.mif'
INFO: [SIM-utils-43] Exported 'C:/Users/jaswa/VLSI_LAB/Course Project/FINAL_TEST2/FINAL_TEST2.sim/sim_1/behav/xsim/instruction_memory.coe'
INFO: [USF-XSim-97] Finding global include files...
INFO: [USF-XSim-98] Fetching design files from 'sim_1'...
INFO: [USF-XSim-2] XSim::Compile design
INFO: [USF-XSim-61] Executing 'COMPILE and ANALYZE' step in 'C:/Users/jaswa/VLSI_LAB/Course Project/FINAL_TEST2/FINAL_TEST2.sim/sim_1/behav/xsim'
"xvlog --incr --relax -prj RiscV_BD_wrapper_tb_vlog.prj"
INFO: [VRFC 10-2263] Analyzing Verilog file "C:/Users/jaswa/VLSI_LAB/Course Project/FINAL_TEST2/FINAL_TEST2.srcs/sources_1/imports/sources_1/imports/new/Booth_PP.v" into library xil_defaultlib
INFO: [VRFC 10-311] analyzing module Booth_PP_FM
INFO: [VRFC 10-2263] Analyzing Verilog file "C:/Users/jaswa/VLSI_LAB/Course Project/FINAL_TEST2/FINAL_TEST2.srcs/sources_1/imports/new/Dadda_tree.v" into library xil_defaultlib
INFO: [VRFC 10-311] analyzing module Dadda_tree
INFO: [VRFC 10-2263] Analyzing Verilog file "C:/Users/jaswa/VLSI_LAB/Course Project/FINAL_TEST2/FINAL_TEST2.srcs/sources_1/imports/new/Q16_16.v" into library xil_defaultlib
INFO: [VRFC 10-311] analyzing module Q16_16_Mult
INFO: [VRFC 10-2263] Analyzing Verilog file "C:/Users/jaswa/VLSI_LAB/Course Project/FINAL_TEST2/FINAL_TEST2.srcs/sources_1/imports/COURSE PRPJECT/Decode/reg_file.v" into library xil_defaultlib
INFO: [VRFC 10-311] analyzing module register_file
INFO: [VRFC 10-2263] Analyzing Verilog file "C:/Users/jaswa/VLSI_LAB/Course Project/FINAL_TEST2/FINAL_TEST2.srcs/sources_1/imports/COURSE PRPJECT/Decode/imm_extend.v" into library xil_defaultlib
INFO: [VRFC 10-311] analyzing module imm_extend
INFO: [VRFC 10-2263] Analyzing Verilog file "C:/Users/jaswa/VLSI_LAB/Course Project/FINAL_TEST2/FINAL_TEST2.srcs/sources_1/imports/codes/min_csr.v" into library xil_defaultlib
INFO: [VRFC 10-311] analyzing module csr
INFO: [VRFC 10-2263] Analyzing Verilog file "C:/Users/jaswa/VLSI_LAB/Course Project/FINAL_TEST2/FINAL_TEST2.srcs/sources_1/imports/codes/controller.v" into library xil_defaultlib
INFO: [VRFC 10-311] analyzing module controller
INFO: [VRFC 10-2263] Analyzing Verilog file "C:/Users/jaswa/VLSI_LAB/Course Project/FINAL_TEST2/FINAL_TEST2.srcs/sources_1/imports/codes/alu_fixed_point_mux.v" into library xil_defaultlib
INFO: [VRFC 10-311] analyzing module alu_fixed_point_mux
INFO: [VRFC 10-2263] Analyzing Verilog file "C:/Users/jaswa/VLSI_LAB/Course Project/FINAL_TEST2/FINAL_TEST2.srcs/sources_1/imports/codes/csr_mux.v" into library xil_defaultlib
INFO: [VRFC 10-311] analyzing module csr_mux
INFO: [VRFC 10-2263] Analyzing Verilog file "C:/Users/jaswa/VLSI_LAB/Course Project/FINAL_TEST2/FINAL_TEST2.srcs/sources_1/imports/codes/forwarding_mux.v" into library xil_defaultlib
INFO: [VRFC 10-311] analyzing module forwarding_mux
INFO: [VRFC 10-2263] Analyzing Verilog file "C:/Users/jaswa/VLSI_LAB/Course Project/FINAL_TEST2/FINAL_TEST2.srcs/sources_1/imports/codes/alu_muxes.v" into library xil_defaultlib
INFO: [VRFC 10-311] analyzing module alu_muxes
INFO: [VRFC 10-2458] undeclared symbol alu_op, assumed default net type wire [C:/Users/jaswa/VLSI_LAB/Course Project/FINAL_TEST2/FINAL_TEST2.srcs/sources_1/imports/codes/alu_muxes.v:49]
INFO: [VRFC 10-2263] Analyzing Verilog file "C:/Users/jaswa/VLSI_LAB/Course Project/FINAL_TEST2/FINAL_TEST2.srcs/sources_1/imports/codes/branch_fsm.v" into library xil_defaultlib
INFO: [VRFC 10-311] analyzing module branch_fsm
INFO: [VRFC 10-2263] Analyzing Verilog file "C:/Users/jaswa/VLSI_LAB/Course Project/FINAL_TEST2/FINAL_TEST2.srcs/sources_1/imports/codes/mul_fsm.v" into library xil_defaultlib
INFO: [VRFC 10-311] analyzing module mul_fsm
INFO: [VRFC 10-2263] Analyzing Verilog file "C:/Users/jaswa/VLSI_LAB/Course Project/FINAL_TEST2/FINAL_TEST2.srcs/sources_1/new/EX_MA_PR.v" into library xil_defaultlib
INFO: [VRFC 10-311] analyzing module EX_MA_PR
INFO: [VRFC 10-2263] Analyzing Verilog file "C:/Users/jaswa/VLSI_LAB/Course Project/FINAL_TEST2/FINAL_TEST2.srcs/sources_1/new/MA_WB_PR.v" into library xil_defaultlib
INFO: [VRFC 10-311] analyzing module MA_WB_PR
INFO: [VRFC 10-2263] Analyzing Verilog file "C:/Users/jaswa/VLSI_LAB/Course Project/FINAL_TEST2/FINAL_TEST2.srcs/sources_1/imports/codes/load_extend.v" into library xil_defaultlib
INFO: [VRFC 10-311] analyzing module load_extend
INFO: [VRFC 10-2263] Analyzing Verilog file "C:/Users/jaswa/VLSI_LAB/Course Project/FINAL_TEST2/FINAL_TEST2.srcs/sources_1/new/Write_back_Mux.v" into library xil_defaultlib
INFO: [VRFC 10-311] analyzing module Write_back_Mux
INFO: [VRFC 10-2263] Analyzing Verilog file "C:/Users/jaswa/VLSI_LAB/Course Project/FINAL_TEST2/FINAL_TEST2.srcs/sources_1/new/combinational.v" into library xil_defaultlib
INFO: [VRFC 10-311] analyzing module combinational
INFO: [VRFC 10-2263] Analyzing Verilog file "C:/Users/jaswa/VLSI_LAB/Course Project/FINAL_TEST2/FINAL_TEST2.srcs/sources_1/imports/codes/inst_retire_mux.v" into library xil_defaultlib
INFO: [VRFC 10-311] analyzing module instr_retire_mux
INFO: [VRFC 10-2263] Analyzing Verilog file "C:/Users/jaswa/VLSI_LAB/Course Project/FINAL_TEST2/FINAL_TEST2.srcs/sources_1/new/concat_2to1.v" into library xil_defaultlib
INFO: [VRFC 10-311] analyzing module concat_2to1
INFO: [VRFC 10-2263] Analyzing Verilog file "C:/Users/jaswa/VLSI_LAB/Course Project/FINAL_TEST2/FINAL_TEST2.srcs/sources_1/new/hazard_unit.v" into library xil_defaultlib
INFO: [VRFC 10-311] analyzing module hazard_unit
INFO: [VRFC 10-2263] Analyzing Verilog file "C:/Users/jaswa/VLSI_LAB/Course Project/FINAL_TEST2/FINAL_TEST2.srcs/sources_1/imports/DESIGN LAB/pc.v" into library xil_defaultlib
INFO: [VRFC 10-311] analyzing module pc
INFO: [VRFC 10-2263] Analyzing Verilog file "C:/Users/jaswa/VLSI_LAB/Course Project/FINAL_TEST2/FINAL_TEST2.srcs/sources_1/new/ID_EX_PR.v" into library xil_defaultlib
INFO: [VRFC 10-311] analyzing module ID_EX_PR
INFO: [VRFC 10-2263] Analyzing Verilog file "C:/Users/jaswa/VLSI_LAB/Course Project/FINAL_TEST2/FINAL_TEST2.srcs/sources_1/imports/new/Booth_PP.v" into library xil_defaultlib
INFO: [VRFC 10-311] analyzing module Booth_PP
INFO: [VRFC 10-2263] Analyzing Verilog file "C:/Users/jaswa/VLSI_LAB/Course Project/FINAL_TEST2/FINAL_TEST2.srcs/sources_1/imports/sources_1/imports/new/Dadda_Stage_1.v" into library xil_defaultlib
INFO: [VRFC 10-311] analyzing module Dadda_stage1
INFO: [VRFC 10-2263] Analyzing Verilog file "C:/Users/jaswa/VLSI_LAB/Course Project/FINAL_TEST2/FINAL_TEST2.srcs/sources_1/imports/sources_1/imports/new/Dadda_stage_2.v" into library xil_defaultlib
INFO: [VRFC 10-311] analyzing module Dadda_stage2
INFO: [VRFC 10-2263] Analyzing Verilog file "C:/Users/jaswa/VLSI_LAB/Course Project/FINAL_TEST2/FINAL_TEST2.srcs/sources_1/imports/sources_1/imports/new/mul_top.v" into library xil_defaultlib
INFO: [VRFC 10-311] analyzing module mul_top
INFO: [VRFC 10-2263] Analyzing Verilog file "C:/Users/jaswa/VLSI_LAB/Course Project/FINAL_TEST2/FINAL_TEST2.srcs/sources_1/imports/sources_1/new/ALU_OPER.v" into library xil_defaultlib
INFO: [VRFC 10-311] analyzing module ALU_OPER
INFO: [VRFC 10-2263] Analyzing Verilog file "C:/Users/jaswa/VLSI_LAB/Course Project/FINAL_TEST2/FINAL_TEST2.srcs/sources_1/new/IF_ID_PR.v" into library xil_defaultlib
INFO: [VRFC 10-311] analyzing module IF_ID_PR
INFO: [VRFC 10-2263] Analyzing Verilog file "C:/Users/jaswa/VLSI_LAB/Course Project/FINAL_TEST2/FINAL_TEST2.srcs/sources_1/new/OR_gate.v" into library xil_defaultlib
INFO: [VRFC 10-311] analyzing module or_gate
INFO: [VRFC 10-2263] Analyzing Verilog file "C:/Users/jaswa/VLSI_LAB/Course Project/FINAL_TEST2/FINAL_TEST2.ip_user_files/bd/RiscV_BD/ip/RiscV_BD_Q16_16_Mult_0_0/sim/RiscV_BD_Q16_16_Mult_0_0.v" into library xil_defaultlib
INFO: [VRFC 10-311] analyzing module RiscV_BD_Q16_16_Mult_0_0
INFO: [VRFC 10-2263] Analyzing Verilog file "C:/Users/jaswa/VLSI_LAB/Course Project/FINAL_TEST2/FINAL_TEST2.ip_user_files/bd/RiscV_BD/ip/RiscV_BD_register_file_0_0/sim/RiscV_BD_register_file_0_0.v" into library xil_defaultlib
INFO: [VRFC 10-311] analyzing module RiscV_BD_register_file_0_0
INFO: [VRFC 10-2263] Analyzing Verilog file "C:/Users/jaswa/VLSI_LAB/Course Project/FINAL_TEST2/FINAL_TEST2.ip_user_files/bd/RiscV_BD/ip/RiscV_BD_imm_extend_0_0/sim/RiscV_BD_imm_extend_0_0.v" into library xil_defaultlib
INFO: [VRFC 10-311] analyzing module RiscV_BD_imm_extend_0_0
INFO: [VRFC 10-2263] Analyzing Verilog file "C:/Users/jaswa/VLSI_LAB/Course Project/FINAL_TEST2/FINAL_TEST2.ip_user_files/bd/RiscV_BD/ip/RiscV_BD_csr_0_0/sim/RiscV_BD_csr_0_0.v" into library xil_defaultlib
INFO: [VRFC 10-311] analyzing module RiscV_BD_csr_0_0
INFO: [VRFC 10-2263] Analyzing Verilog file "C:/Users/jaswa/VLSI_LAB/Course Project/FINAL_TEST2/FINAL_TEST2.ip_user_files/bd/RiscV_BD/ip/RiscV_BD_controller_0_0/sim/RiscV_BD_controller_0_0.v" into library xil_defaultlib
INFO: [VRFC 10-311] analyzing module RiscV_BD_controller_0_0
INFO: [VRFC 10-2263] Analyzing Verilog file "C:/Users/jaswa/VLSI_LAB/Course Project/FINAL_TEST2/FINAL_TEST2.ip_user_files/bd/RiscV_BD/ip/RiscV_BD_alu_fixed_point_mux_0_0/sim/RiscV_BD_alu_fixed_point_mux_0_0.v" into library xil_defaultlib
INFO: [VRFC 10-311] analyzing module RiscV_BD_alu_fixed_point_mux_0_0
INFO: [VRFC 10-2263] Analyzing Verilog file "C:/Users/jaswa/VLSI_LAB/Course Project/FINAL_TEST2/FINAL_TEST2.ip_user_files/bd/RiscV_BD/ip/RiscV_BD_csr_mux_0_0/sim/RiscV_BD_csr_mux_0_0.v" into library xil_defaultlib
INFO: [VRFC 10-311] analyzing module RiscV_BD_csr_mux_0_0
INFO: [VRFC 10-2263] Analyzing Verilog file "C:/Users/jaswa/VLSI_LAB/Course Project/FINAL_TEST2/FINAL_TEST2.ip_user_files/bd/RiscV_BD/ip/RiscV_BD_forwarding_mux_0_0/sim/RiscV_BD_forwarding_mux_0_0.v" into library xil_defaultlib
INFO: [VRFC 10-311] analyzing module RiscV_BD_forwarding_mux_0_0
INFO: [VRFC 10-2263] Analyzing Verilog file "C:/Users/jaswa/VLSI_LAB/Course Project/FINAL_TEST2/FINAL_TEST2.ip_user_files/bd/RiscV_BD/ip/RiscV_BD_alu_muxes_0_2/sim/RiscV_BD_alu_muxes_0_2.v" into library xil_defaultlib
INFO: [VRFC 10-311] analyzing module RiscV_BD_alu_muxes_0_2
INFO: [VRFC 10-2263] Analyzing Verilog file "C:/Users/jaswa/VLSI_LAB/Course Project/FINAL_TEST2/FINAL_TEST2.ip_user_files/bd/RiscV_BD/ip/RiscV_BD_branch_fsm_0_0/sim/RiscV_BD_branch_fsm_0_0.v" into library xil_defaultlib
INFO: [VRFC 10-311] analyzing module RiscV_BD_branch_fsm_0_0
INFO: [VRFC 10-2263] Analyzing Verilog file "C:/Users/jaswa/VLSI_LAB/Course Project/FINAL_TEST2/FINAL_TEST2.ip_user_files/bd/RiscV_BD/ip/RiscV_BD_mul_fsm_0_0/sim/RiscV_BD_mul_fsm_0_0.v" into library xil_defaultlib
INFO: [VRFC 10-311] analyzing module RiscV_BD_mul_fsm_0_0
INFO: [VRFC 10-2263] Analyzing Verilog file "C:/Users/jaswa/VLSI_LAB/Course Project/FINAL_TEST2/FINAL_TEST2.ip_user_files/bd/RiscV_BD/ip/RiscV_BD_EX_MA_PR_0_0/sim/RiscV_BD_EX_MA_PR_0_0.v" into library xil_defaultlib
INFO: [VRFC 10-311] analyzing module RiscV_BD_EX_MA_PR_0_0
INFO: [VRFC 10-2263] Analyzing Verilog file "C:/Users/jaswa/VLSI_LAB/Course Project/FINAL_TEST2/FINAL_TEST2.ip_user_files/bd/RiscV_BD/ip/RiscV_BD_MA_WB_PR_0_0/sim/RiscV_BD_MA_WB_PR_0_0.v" into library xil_defaultlib
INFO: [VRFC 10-311] analyzing module RiscV_BD_MA_WB_PR_0_0
INFO: [VRFC 10-2263] Analyzing Verilog file "C:/Users/jaswa/VLSI_LAB/Course Project/FINAL_TEST2/FINAL_TEST2.ip_user_files/bd/RiscV_BD/ip/RiscV_BD_load_extend_0_0/sim/RiscV_BD_load_extend_0_0.v" into library xil_defaultlib
INFO: [VRFC 10-311] analyzing module RiscV_BD_load_extend_0_0
INFO: [VRFC 10-2263] Analyzing Verilog file "C:/Users/jaswa/VLSI_LAB/Course Project/FINAL_TEST2/FINAL_TEST2.ip_user_files/bd/RiscV_BD/ip/RiscV_BD_Write_back_Mux_0_0/sim/RiscV_BD_Write_back_Mux_0_0.v" into library xil_defaultlib
INFO: [VRFC 10-311] analyzing module RiscV_BD_Write_back_Mux_0_0
INFO: [VRFC 10-2263] Analyzing Verilog file "C:/Users/jaswa/VLSI_LAB/Course Project/FINAL_TEST2/FINAL_TEST2.ip_user_files/bd/RiscV_BD/ip/RiscV_BD_combinational_0_0/sim/RiscV_BD_combinational_0_0.v" into library xil_defaultlib
INFO: [VRFC 10-311] analyzing module RiscV_BD_combinational_0_0
INFO: [VRFC 10-2263] Analyzing Verilog file "C:/Users/jaswa/VLSI_LAB/Course Project/FINAL_TEST2/FINAL_TEST2.ip_user_files/bd/RiscV_BD/ip/RiscV_BD_instr_retire_mux_0_0/sim/RiscV_BD_instr_retire_mux_0_0.v" into library xil_defaultlib
INFO: [VRFC 10-311] analyzing module RiscV_BD_instr_retire_mux_0_0
INFO: [VRFC 10-2263] Analyzing Verilog file "C:/Users/jaswa/VLSI_LAB/Course Project/FINAL_TEST2/FINAL_TEST2.ip_user_files/bd/RiscV_BD/ip/RiscV_BD_blk_mem_gen_0_0/sim/RiscV_BD_blk_mem_gen_0_0.v" into library xil_defaultlib
INFO: [VRFC 10-311] analyzing module RiscV_BD_blk_mem_gen_0_0
INFO: [VRFC 10-2263] Analyzing Verilog file "C:/Users/jaswa/VLSI_LAB/Course Project/FINAL_TEST2/FINAL_TEST2.ip_user_files/bd/RiscV_BD/ip/RiscV_BD_blk_mem_gen_1_0/sim/RiscV_BD_blk_mem_gen_1_0.v" into library xil_defaultlib
INFO: [VRFC 10-311] analyzing module RiscV_BD_blk_mem_gen_1_0
INFO: [VRFC 10-2263] Analyzing Verilog file "C:/Users/jaswa/VLSI_LAB/Course Project/FINAL_TEST2/FINAL_TEST2.ip_user_files/bd/RiscV_BD/ip/RiscV_BD_concat_2to1_0_0/sim/RiscV_BD_concat_2to1_0_0.v" into library xil_defaultlib
INFO: [VRFC 10-311] analyzing module RiscV_BD_concat_2to1_0_0
INFO: [VRFC 10-2263] Analyzing Verilog file "C:/Users/jaswa/VLSI_LAB/Course Project/FINAL_TEST2/FINAL_TEST2.ip_user_files/bd/RiscV_BD/ip/RiscV_BD_concat_2to1_1_0/sim/RiscV_BD_concat_2to1_1_0.v" into library xil_defaultlib
INFO: [VRFC 10-311] analyzing module RiscV_BD_concat_2to1_1_0
INFO: [VRFC 10-2263] Analyzing Verilog file "C:/Users/jaswa/VLSI_LAB/Course Project/FINAL_TEST2/FINAL_TEST2.ip_user_files/bd/RiscV_BD/ip/RiscV_BD_hazard_unit_0_0/sim/RiscV_BD_hazard_unit_0_0.v" into library xil_defaultlib
INFO: [VRFC 10-311] analyzing module RiscV_BD_hazard_unit_0_0
INFO: [VRFC 10-2263] Analyzing Verilog file "C:/Users/jaswa/VLSI_LAB/Course Project/FINAL_TEST2/FINAL_TEST2.ip_user_files/bd/RiscV_BD/ip/RiscV_BD_pc_0_0/sim/RiscV_BD_pc_0_0.v" into library xil_defaultlib
INFO: [VRFC 10-311] analyzing module RiscV_BD_pc_0_0
INFO: [VRFC 10-2263] Analyzing Verilog file "C:/Users/jaswa/VLSI_LAB/Course Project/FINAL_TEST2/FINAL_TEST2.ip_user_files/bd/RiscV_BD/ip/RiscV_BD_concat_2to1_2_0/sim/RiscV_BD_concat_2to1_2_0.v" into library xil_defaultlib
INFO: [VRFC 10-311] analyzing module RiscV_BD_concat_2to1_2_0
INFO: [VRFC 10-2263] Analyzing Verilog file "C:/Users/jaswa/VLSI_LAB/Course Project/FINAL_TEST2/FINAL_TEST2.ip_user_files/bd/RiscV_BD/ip/RiscV_BD_ID_EX_PR_0_0/sim/RiscV_BD_ID_EX_PR_0_0.v" into library xil_defaultlib
INFO: [VRFC 10-311] analyzing module RiscV_BD_ID_EX_PR_0_0
INFO: [VRFC 10-2263] Analyzing Verilog file "C:/Users/jaswa/VLSI_LAB/Course Project/FINAL_TEST2/FINAL_TEST2.ip_user_files/bd/RiscV_BD/ip/RiscV_BD_ALU_OPER_0_0/sim/RiscV_BD_ALU_OPER_0_0.v" into library xil_defaultlib
INFO: [VRFC 10-311] analyzing module RiscV_BD_ALU_OPER_0_0
INFO: [VRFC 10-2263] Analyzing Verilog file "C:/Users/jaswa/VLSI_LAB/Course Project/FINAL_TEST2/FINAL_TEST2.ip_user_files/bd/RiscV_BD/ip/RiscV_BD_IF_ID_PR_0_0/sim/RiscV_BD_IF_ID_PR_0_0.v" into library xil_defaultlib
INFO: [VRFC 10-311] analyzing module RiscV_BD_IF_ID_PR_0_0
INFO: [VRFC 10-2263] Analyzing Verilog file "C:/Users/jaswa/VLSI_LAB/Course Project/FINAL_TEST2/FINAL_TEST2.ip_user_files/bd/RiscV_BD/ip/RiscV_BD_or_gate_1_0/sim/RiscV_BD_or_gate_1_0.v" into library xil_defaultlib
INFO: [VRFC 10-311] analyzing module RiscV_BD_or_gate_1_0
INFO: [VRFC 10-2263] Analyzing Verilog file "C:/Users/jaswa/VLSI_LAB/Course Project/FINAL_TEST2/FINAL_TEST2.ip_user_files/bd/RiscV_BD/sim/RiscV_BD.v" into library xil_defaultlib
INFO: [VRFC 10-311] analyzing module RiscV_BD
INFO: [VRFC 10-2263] Analyzing Verilog file "C:/Users/jaswa/VLSI_LAB/Course Project/FINAL_TEST2/FINAL_TEST2.gen/sources_1/bd/RiscV_BD/hdl/RiscV_BD_wrapper.v" into library xil_defaultlib
INFO: [VRFC 10-311] analyzing module RiscV_BD_wrapper
INFO: [VRFC 10-2263] Analyzing Verilog file "C:/Users/jaswa/VLSI_LAB/Course Project/FINAL_TEST2/FINAL_TEST2.srcs/sim_1/new/RiscV_BD_wrapper_tb.v" into library xil_defaultlib
INFO: [VRFC 10-311] analyzing module RiscV_BD_wrapper_tb
run_program: Time (s): cpu = 00:00:01 ; elapsed = 00:00:07 . Memory (MB): peak = 1585.590 ; gain = 3.434
INFO: [USF-XSim-69] 'compile' step finished in '7' seconds
INFO: [USF-XSim-3] XSim::Elaborate design
INFO: [USF-XSim-61] Executing 'ELABORATE' step in 'C:/Users/jaswa/VLSI_LAB/Course Project/FINAL_TEST2/FINAL_TEST2.sim/sim_1/behav/xsim'
"xelab -wto 825d914d5bae4902b22375897d789401 --incr --debug typical --relax --mt 2 -L xil_defaultlib -L blk_mem_gen_v8_4_4 -L unisims_ver -L unimacro_ver -L secureip -L xpm --snapshot RiscV_BD_wrapper_tb_behav xil_defaultlib.RiscV_BD_wrapper_tb xil_defaultlib.glbl -log elaborate.log"
Vivado Simulator 2020.2
Copyright 1986-1999, 2001-2020 Xilinx, Inc. All Rights Reserved.
Running: C:/Xilinx/Vivado/2020.2/bin/unwrapped/win64.o/xelab.exe -wto 825d914d5bae4902b22375897d789401 --incr --debug typical --relax --mt 2 -L xil_defaultlib -L blk_mem_gen_v8_4_4 -L unisims_ver -L unimacro_ver -L secureip -L xpm --snapshot RiscV_BD_wrapper_tb_behav xil_defaultlib.RiscV_BD_wrapper_tb xil_defaultlib.glbl -log elaborate.log 
Using 2 slave threads.
Starting static elaboration
Pass Through NonSizing Optimizer
Completed static elaboration
Starting simulation data flow analysis
Completed simulation data flow analysis
Time Resolution for simulation is 1ps
Compiling module xil_defaultlib.Booth_PP
Compiling module xil_defaultlib.Dadda_stage1
Compiling module xil_defaultlib.Dadda_stage2
Compiling module xil_defaultlib.mul_top
Compiling module xil_defaultlib.ALU_OPER
Compiling module xil_defaultlib.RiscV_BD_ALU_OPER_0_0
Compiling module xil_defaultlib.EX_MA_PR
Compiling module xil_defaultlib.RiscV_BD_EX_MA_PR_0_0
Compiling module xil_defaultlib.ID_EX_PR
Compiling module xil_defaultlib.RiscV_BD_ID_EX_PR_0_0
Compiling module xil_defaultlib.IF_ID_PR
Compiling module xil_defaultlib.RiscV_BD_IF_ID_PR_0_0
Compiling module xil_defaultlib.MA_WB_PR
Compiling module xil_defaultlib.RiscV_BD_MA_WB_PR_0_0
Compiling module xil_defaultlib.Booth_PP_FM
Compiling module xil_defaultlib.Dadda_tree
Compiling module xil_defaultlib.Q16_16_Mult
Compiling module xil_defaultlib.RiscV_BD_Q16_16_Mult_0_0
Compiling module xil_defaultlib.Write_back_Mux
Compiling module xil_defaultlib.RiscV_BD_Write_back_Mux_0_0
Compiling module xil_defaultlib.alu_fixed_point_mux
Compiling module xil_defaultlib.RiscV_BD_alu_fixed_point_mux_0_0
Compiling module xil_defaultlib.alu_muxes
Compiling module xil_defaultlib.RiscV_BD_alu_muxes_0_2
Compiling module blk_mem_gen_v8_4_4.blk_mem_gen_v8_4_4_output_stage(...
Compiling module blk_mem_gen_v8_4_4.blk_mem_gen_v8_4_4_output_stage(...
Compiling module blk_mem_gen_v8_4_4.blk_mem_gen_v8_4_4_softecc_outpu...
Compiling module blk_mem_gen_v8_4_4.blk_mem_gen_v8_4_4_mem_module(C_...
Compiling module blk_mem_gen_v8_4_4.blk_mem_gen_v8_4_4(C_FAMILY="zyn...
Compiling module xil_defaultlib.RiscV_BD_blk_mem_gen_0_0
Compiling module blk_mem_gen_v8_4_4.blk_mem_gen_v8_4_4_mem_module(C_...
Compiling module blk_mem_gen_v8_4_4.blk_mem_gen_v8_4_4(C_FAMILY="zyn...
Compiling module xil_defaultlib.RiscV_BD_blk_mem_gen_1_0
Compiling module xil_defaultlib.branch_fsm
Compiling module xil_defaultlib.RiscV_BD_branch_fsm_0_0
Compiling module xil_defaultlib.combinational
Compiling module xil_defaultlib.RiscV_BD_combinational_0_0
Compiling module xil_defaultlib.concat_2to1
Compiling module xil_defaultlib.RiscV_BD_concat_2to1_0_0
Compiling module xil_defaultlib.RiscV_BD_concat_2to1_1_0
Compiling module xil_defaultlib.RiscV_BD_concat_2to1_2_0
Compiling module xil_defaultlib.controller
Compiling module xil_defaultlib.RiscV_BD_controller_0_0
Compiling module xil_defaultlib.csr
Compiling module xil_defaultlib.RiscV_BD_csr_0_0
Compiling module xil_defaultlib.csr_mux
Compiling module xil_defaultlib.RiscV_BD_csr_mux_0_0
Compiling module xil_defaultlib.forwarding_mux
Compiling module xil_defaultlib.RiscV_BD_forwarding_mux_0_0
Compiling module xil_defaultlib.hazard_unit
Compiling module xil_defaultlib.RiscV_BD_hazard_unit_0_0
Compiling module xil_defaultlib.imm_extend
Compiling module xil_defaultlib.RiscV_BD_imm_extend_0_0
Compiling module xil_defaultlib.instr_retire_mux
Compiling module xil_defaultlib.RiscV_BD_instr_retire_mux_0_0
Compiling module xil_defaultlib.load_extend
Compiling module xil_defaultlib.RiscV_BD_load_extend_0_0
Compiling module xil_defaultlib.mul_fsm
Compiling module xil_defaultlib.RiscV_BD_mul_fsm_0_0
Compiling module xil_defaultlib.or_gate
Compiling module xil_defaultlib.RiscV_BD_or_gate_1_0
Compiling module xil_defaultlib.pc
Compiling module xil_defaultlib.RiscV_BD_pc_0_0
Compiling module xil_defaultlib.register_file
Compiling module xil_defaultlib.RiscV_BD_register_file_0_0
Compiling module xil_defaultlib.RiscV_BD
Compiling module xil_defaultlib.RiscV_BD_wrapper
Compiling module xil_defaultlib.RiscV_BD_wrapper_tb
Compiling module xil_defaultlib.glbl
Built simulation snapshot RiscV_BD_wrapper_tb_behav
run_program: Time (s): cpu = 00:00:01 ; elapsed = 00:00:10 . Memory (MB): peak = 1585.590 ; gain = 0.000
INFO: [USF-XSim-69] 'elaborate' step finished in '10' seconds
INFO: [USF-XSim-4] XSim::Simulate design
INFO: [USF-XSim-61] Executing 'SIMULATE' step in 'C:/Users/jaswa/VLSI_LAB/Course Project/FINAL_TEST2/FINAL_TEST2.sim/sim_1/behav/xsim'
INFO: [USF-XSim-98] *** Running xsim
   with args "RiscV_BD_wrapper_tb_behav -key {Behavioral:sim_1:Functional:RiscV_BD_wrapper_tb} -tclbatch {RiscV_BD_wrapper_tb.tcl} -protoinst "protoinst_files/RiscV_BD.protoinst" -view {{C:/Users/jaswa/VLSI_LAB/Course Project/FINAL_TEST2/FINAL_TEST2.srcs/sim_1/imports/VLSI_RISC_V_IM/RiscV_BD_wrapper_tb_behav.wcfg}} -log {simulate.log}"
INFO: [USF-XSim-8] Loading simulator feature
Vivado Simulator 2020.2
INFO: [Wavedata 42-565] Reading protoinst file protoinst_files/RiscV_BD.protoinst
Time resolution is 1 ps
open_wave_config {C:/Users/jaswa/VLSI_LAB/Course Project/FINAL_TEST2/FINAL_TEST2.srcs/sim_1/imports/VLSI_RISC_V_IM/RiscV_BD_wrapper_tb_behav.wcfg}
WARNING: Simulation object /RiscV_BD_wrapper_tb/uut/RiscV_BD_i/or_gate_1/rst was not found in the design.
source RiscV_BD_wrapper_tb.tcl
# set curr_wave [current_wave_config]
# if { [string length $curr_wave] == 0 } {
#   if { [llength [get_objects]] > 0} {
#     add_wave /
#     set_property needs_save false [current_wave_config]
#   } else {
#      send_msg_id Add_Wave-1 WARNING "No top level signals found. Simulator will start without a wave window. If you want to open a wave window go to 'File->New Waveform Configuration' or type 'create_wave_config' in the TCL console."
#   }
# }
# run 1000ns
 Block Memory Generator module loading initial data...
 Block Memory Generator data initialization complete.
Block Memory Generator module RiscV_BD_wrapper_tb.uut.RiscV_BD_i.blk_mem_gen_0.inst.\native_mem_mapped_module.blk_mem_gen_v8_4_4_inst  is using a behavioral model for simulation which will not precisely model memory collision behavior.
 Block Memory Generator module loading initial data...
 Block Memory Generator data initialization complete.
Block Memory Generator module RiscV_BD_wrapper_tb.uut.RiscV_BD_i.blk_mem_gen_1.inst.\native_mem_mapped_module.blk_mem_gen_v8_4_4_inst  is using a behavioral model for simulation which will not precisely model memory collision behavior.
Simulation complete.
$finish called at time : 2115 ps : File "C:/Users/jaswa/VLSI_LAB/Course Project/FINAL_TEST2/FINAL_TEST2.srcs/sim_1/new/RiscV_BD_wrapper_tb.v" Line 35
xsim: Time (s): cpu = 00:00:06 ; elapsed = 00:00:07 . Memory (MB): peak = 1585.590 ; gain = 0.000
INFO: [USF-XSim-96] XSim completed. Design snapshot 'RiscV_BD_wrapper_tb_behav' loaded.
INFO: [USF-XSim-97] XSim simulation ran for 1000ns
launch_simulation: Time (s): cpu = 00:00:09 ; elapsed = 00:00:25 . Memory (MB): peak = 1585.590 ; gain = 3.434
save_wave_config {C:/Users/jaswa/VLSI_LAB/Course Project/FINAL_TEST2/FINAL_TEST2.srcs/sim_1/imports/VLSI_RISC_V_IM/RiscV_BD_wrapper_tb_behav.wcfg}
close_sim
INFO: [Simtcl 6-16] Simulation closed
open_bd_design {C:/Users/jaswa/VLSI_LAB/Course Project/FINAL_TEST2/FINAL_TEST2.srcs/sources_1/bd/RiscV_BD/RiscV_BD.bd}
Reading block design file <C:/Users/jaswa/VLSI_LAB/Course Project/FINAL_TEST2/FINAL_TEST2.srcs/sources_1/bd/RiscV_BD/RiscV_BD.bd>...
Adding component instance block -- xilinx.com:module_ref:Q16_16_Mult:1.0 - Q16_16_Mult_0
Adding component instance block -- xilinx.com:module_ref:register_file:1.0 - register_file_0
Adding component instance block -- xilinx.com:module_ref:imm_extend:1.0 - imm_extend_0
Adding component instance block -- xilinx.com:module_ref:csr:1.0 - csr_0
Adding component instance block -- xilinx.com:module_ref:controller:1.0 - controller_0
Adding component instance block -- xilinx.com:module_ref:alu_fixed_point_mux:1.0 - alu_fixed_point_mux_0
Adding component instance block -- xilinx.com:module_ref:csr_mux:1.0 - csr_mux_0
Adding component instance block -- xilinx.com:module_ref:forwarding_mux:1.0 - forwarding_mux_0
Adding component instance block -- xilinx.com:module_ref:alu_muxes:1.0 - alu_muxes_0
Adding component instance block -- xilinx.com:module_ref:branch_fsm:1.0 - branch_fsm_0
Adding component instance block -- xilinx.com:module_ref:mul_fsm:1.0 - mul_fsm_0
Adding component instance block -- xilinx.com:module_ref:EX_MA_PR:1.0 - EX_MA_PR_0
Adding component instance block -- xilinx.com:module_ref:MA_WB_PR:1.0 - MA_WB_PR_0
Adding component instance block -- xilinx.com:module_ref:load_extend:1.0 - load_extend_0
Adding component instance block -- xilinx.com:module_ref:Write_back_Mux:1.0 - Write_back_Mux_0
Adding component instance block -- xilinx.com:module_ref:combinational:1.0 - combinational_0
Adding component instance block -- xilinx.com:module_ref:instr_retire_mux:1.0 - instr_retire_mux_0
Adding component instance block -- xilinx.com:ip:blk_mem_gen:8.4 - blk_mem_gen_0
Adding component instance block -- xilinx.com:ip:blk_mem_gen:8.4 - blk_mem_gen_1
Adding component instance block -- xilinx.com:module_ref:concat_2to1:1.0 - concat_2to1_0
Adding component instance block -- xilinx.com:module_ref:concat_2to1:1.0 - concat_2to1_1
Adding component instance block -- xilinx.com:module_ref:hazard_unit:1.0 - hazard_unit_0
Adding component instance block -- xilinx.com:module_ref:pc:1.0 - pc_0
Adding component instance block -- xilinx.com:module_ref:concat_2to1:1.0 - concat_2to1_2
Adding component instance block -- xilinx.com:module_ref:ID_EX_PR:1.0 - ID_EX_PR_0
Adding component instance block -- xilinx.com:module_ref:ALU_OPER:1.0 - ALU_OPER_0
Adding component instance block -- xilinx.com:module_ref:IF_ID_PR:1.0 - IF_ID_PR_0
Adding component instance block -- xilinx.com:module_ref:or_gate:1.0 - or_gate_1
Successfully read diagram <RiscV_BD> from block design file <C:/Users/jaswa/VLSI_LAB/Course Project/FINAL_TEST2/FINAL_TEST2.srcs/sources_1/bd/RiscV_BD/RiscV_BD.bd>
update_module_reference RiscV_BD_controller_0_0
INFO: [IP_Flow 19-5107] Inferred bus interface 'interrupt' of definition 'xilinx.com:signal:interrupt:1.0' (from Xilinx Repository).
INFO: [IP_Flow 19-4728] Bus Interface 'interrupt': Added interface parameter 'SENSITIVITY' with value 'LEVEL_HIGH'.
INFO: [IP_Flow 19-234] Refreshing IP repositories
INFO: [IP_Flow 19-1704] No user IP repositories specified
Upgrading 'C:/Users/jaswa/VLSI_LAB/Course Project/FINAL_TEST2/FINAL_TEST2.srcs/sources_1/bd/RiscV_BD/RiscV_BD.bd'
INFO: [IP_Flow 19-1972] Upgraded RiscV_BD_controller_0_0 from controller_v1_0 1.0 to controller_v1_0 1.0
Wrote  : <C:\Users\jaswa\VLSI_LAB\Course Project\FINAL_TEST2\FINAL_TEST2.srcs\sources_1\bd\RiscV_BD\RiscV_BD.bd> 
Wrote  : <C:/Users/jaswa/VLSI_LAB/Course Project/FINAL_TEST2/FINAL_TEST2.srcs/sources_1/bd/RiscV_BD/ui/bd_3ef32312.ui> 
update_module_reference: Time (s): cpu = 00:00:02 ; elapsed = 00:00:28 . Memory (MB): peak = 1674.523 ; gain = 0.000
generate_target all [get_files  {{C:/Users/jaswa/VLSI_LAB/Course Project/FINAL_TEST2/FINAL_TEST2.srcs/sources_1/bd/RiscV_BD/RiscV_BD.bd}}]
CRITICAL WARNING: [BD 41-759] The input pins (listed below) are either not connected or do not have a source port, and they don't have a tie-off specified. These pins are tied-off to all 0's to avoid error in Implementation flow.
Please check your design and connect them as needed: 
/instr_retire_mux_0/instr_stalled
/hazard_unit_0/memtoreg

Wrote  : <C:\Users\jaswa\VLSI_LAB\Course Project\FINAL_TEST2\FINAL_TEST2.srcs\sources_1\bd\RiscV_BD\RiscV_BD.bd> 
VHDL Output written to : c:/Users/jaswa/VLSI_LAB/Course Project/FINAL_TEST2/FINAL_TEST2.gen/sources_1/bd/RiscV_BD/synth/RiscV_BD.v
VHDL Output written to : c:/Users/jaswa/VLSI_LAB/Course Project/FINAL_TEST2/FINAL_TEST2.gen/sources_1/bd/RiscV_BD/sim/RiscV_BD.v
VHDL Output written to : c:/Users/jaswa/VLSI_LAB/Course Project/FINAL_TEST2/FINAL_TEST2.gen/sources_1/bd/RiscV_BD/hdl/RiscV_BD_wrapper.v
INFO: [BD 41-1029] Generation completed for the IP Integrator block controller_0 .
Exporting to file c:/Users/jaswa/VLSI_LAB/Course Project/FINAL_TEST2/FINAL_TEST2.gen/sources_1/bd/RiscV_BD/hw_handoff/RiscV_BD.hwh
Generated Block Design Tcl file c:/Users/jaswa/VLSI_LAB/Course Project/FINAL_TEST2/FINAL_TEST2.gen/sources_1/bd/RiscV_BD/hw_handoff/RiscV_BD_bd.tcl
Generated Hardware Definition File c:/Users/jaswa/VLSI_LAB/Course Project/FINAL_TEST2/FINAL_TEST2.gen/sources_1/bd/RiscV_BD/synth/RiscV_BD.hwdef
export_ip_user_files -of_objects [get_files {{C:/Users/jaswa/VLSI_LAB/Course Project/FINAL_TEST2/FINAL_TEST2.srcs/sources_1/bd/RiscV_BD/RiscV_BD.bd}}] -no_script -sync -force -quiet
export_simulation -of_objects [get_files {{C:/Users/jaswa/VLSI_LAB/Course Project/FINAL_TEST2/FINAL_TEST2.srcs/sources_1/bd/RiscV_BD/RiscV_BD.bd}}] -directory {C:/Users/jaswa/VLSI_LAB/Course Project/FINAL_TEST2/FINAL_TEST2.ip_user_files/sim_scripts} -ip_user_files_dir {C:/Users/jaswa/VLSI_LAB/Course Project/FINAL_TEST2/FINAL_TEST2.ip_user_files} -ipstatic_source_dir {C:/Users/jaswa/VLSI_LAB/Course Project/FINAL_TEST2/FINAL_TEST2.ip_user_files/ipstatic} -lib_map_path [list {modelsim=C:/Users/jaswa/VLSI_LAB/Course Project/FINAL_TEST2/FINAL_TEST2.cache/compile_simlib/modelsim} {questa=C:/Users/jaswa/VLSI_LAB/Course Project/FINAL_TEST2/FINAL_TEST2.cache/compile_simlib/questa} {riviera=C:/Users/jaswa/VLSI_LAB/Course Project/FINAL_TEST2/FINAL_TEST2.cache/compile_simlib/riviera} {activehdl=C:/Users/jaswa/VLSI_LAB/Course Project/FINAL_TEST2/FINAL_TEST2.cache/compile_simlib/activehdl}] -use_ip_compiled_libs -force -quiet
launch_simulation
Command: launch_simulation 
INFO: [Vivado 12-5682] Launching behavioral simulation in 'C:/Users/jaswa/VLSI_LAB/Course Project/FINAL_TEST2/FINAL_TEST2.sim/sim_1/behav/xsim'
INFO: [Vivado 12-4795] Using compiled simulation libraries for IPs
INFO: [SIM-utils-51] Simulation object is 'sim_1'
INFO: [USF-XSim-7] Finding pre-compiled libraries...
INFO: [USF-XSim-11] File 'C:/Xilinx/Vivado/2020.2/data/xsim/xsim.ini' copied to run dir:'C:/Users/jaswa/VLSI_LAB/Course Project/FINAL_TEST2/FINAL_TEST2.sim/sim_1/behav/xsim'
INFO: [SIM-utils-54] Inspecting design source files for 'RiscV_BD_wrapper_tb' in fileset 'sim_1'...
INFO: [SIM-utils-43] Exported 'C:/Users/jaswa/VLSI_LAB/Course Project/FINAL_TEST2/FINAL_TEST2.sim/sim_1/behav/xsim/instruction_memory.coe'
INFO: [SIM-utils-43] Exported 'C:/Users/jaswa/VLSI_LAB/Course Project/FINAL_TEST2/FINAL_TEST2.sim/sim_1/behav/xsim/RiscV_BD_blk_mem_gen_0_0.mif'
INFO: [SIM-utils-43] Exported 'C:/Users/jaswa/VLSI_LAB/Course Project/FINAL_TEST2/FINAL_TEST2.sim/sim_1/behav/xsim/data_memory.coe'
INFO: [SIM-utils-43] Exported 'C:/Users/jaswa/VLSI_LAB/Course Project/FINAL_TEST2/FINAL_TEST2.sim/sim_1/behav/xsim/RiscV_BD_blk_mem_gen_1_0.mif'
INFO: [SIM-utils-43] Exported 'C:/Users/jaswa/VLSI_LAB/Course Project/FINAL_TEST2/FINAL_TEST2.sim/sim_1/behav/xsim/instruction_memory.coe'
INFO: [USF-XSim-97] Finding global include files...
INFO: [USF-XSim-98] Fetching design files from 'sim_1'...
INFO: [USF-XSim-2] XSim::Compile design
INFO: [USF-XSim-61] Executing 'COMPILE and ANALYZE' step in 'C:/Users/jaswa/VLSI_LAB/Course Project/FINAL_TEST2/FINAL_TEST2.sim/sim_1/behav/xsim'
"xvlog --incr --relax -prj RiscV_BD_wrapper_tb_vlog.prj"
INFO: [VRFC 10-2263] Analyzing Verilog file "C:/Users/jaswa/VLSI_LAB/Course Project/FINAL_TEST2/FINAL_TEST2.srcs/sources_1/imports/sources_1/imports/new/Booth_PP.v" into library xil_defaultlib
INFO: [VRFC 10-311] analyzing module Booth_PP_FM
INFO: [VRFC 10-2263] Analyzing Verilog file "C:/Users/jaswa/VLSI_LAB/Course Project/FINAL_TEST2/FINAL_TEST2.srcs/sources_1/imports/new/Dadda_tree.v" into library xil_defaultlib
INFO: [VRFC 10-311] analyzing module Dadda_tree
INFO: [VRFC 10-2263] Analyzing Verilog file "C:/Users/jaswa/VLSI_LAB/Course Project/FINAL_TEST2/FINAL_TEST2.srcs/sources_1/imports/new/Q16_16.v" into library xil_defaultlib
INFO: [VRFC 10-311] analyzing module Q16_16_Mult
INFO: [VRFC 10-2263] Analyzing Verilog file "C:/Users/jaswa/VLSI_LAB/Course Project/FINAL_TEST2/FINAL_TEST2.srcs/sources_1/imports/COURSE PRPJECT/Decode/reg_file.v" into library xil_defaultlib
INFO: [VRFC 10-311] analyzing module register_file
INFO: [VRFC 10-2263] Analyzing Verilog file "C:/Users/jaswa/VLSI_LAB/Course Project/FINAL_TEST2/FINAL_TEST2.srcs/sources_1/imports/COURSE PRPJECT/Decode/imm_extend.v" into library xil_defaultlib
INFO: [VRFC 10-311] analyzing module imm_extend
INFO: [VRFC 10-2263] Analyzing Verilog file "C:/Users/jaswa/VLSI_LAB/Course Project/FINAL_TEST2/FINAL_TEST2.srcs/sources_1/imports/codes/min_csr.v" into library xil_defaultlib
INFO: [VRFC 10-311] analyzing module csr
INFO: [VRFC 10-2263] Analyzing Verilog file "C:/Users/jaswa/VLSI_LAB/Course Project/FINAL_TEST2/FINAL_TEST2.srcs/sources_1/imports/codes/controller.v" into library xil_defaultlib
INFO: [VRFC 10-311] analyzing module controller
INFO: [VRFC 10-2263] Analyzing Verilog file "C:/Users/jaswa/VLSI_LAB/Course Project/FINAL_TEST2/FINAL_TEST2.srcs/sources_1/imports/codes/alu_fixed_point_mux.v" into library xil_defaultlib
INFO: [VRFC 10-311] analyzing module alu_fixed_point_mux
INFO: [VRFC 10-2263] Analyzing Verilog file "C:/Users/jaswa/VLSI_LAB/Course Project/FINAL_TEST2/FINAL_TEST2.srcs/sources_1/imports/codes/csr_mux.v" into library xil_defaultlib
INFO: [VRFC 10-311] analyzing module csr_mux
INFO: [VRFC 10-2263] Analyzing Verilog file "C:/Users/jaswa/VLSI_LAB/Course Project/FINAL_TEST2/FINAL_TEST2.srcs/sources_1/imports/codes/forwarding_mux.v" into library xil_defaultlib
INFO: [VRFC 10-311] analyzing module forwarding_mux
INFO: [VRFC 10-2263] Analyzing Verilog file "C:/Users/jaswa/VLSI_LAB/Course Project/FINAL_TEST2/FINAL_TEST2.srcs/sources_1/imports/codes/alu_muxes.v" into library xil_defaultlib
INFO: [VRFC 10-311] analyzing module alu_muxes
INFO: [VRFC 10-2458] undeclared symbol alu_op, assumed default net type wire [C:/Users/jaswa/VLSI_LAB/Course Project/FINAL_TEST2/FINAL_TEST2.srcs/sources_1/imports/codes/alu_muxes.v:49]
INFO: [VRFC 10-2263] Analyzing Verilog file "C:/Users/jaswa/VLSI_LAB/Course Project/FINAL_TEST2/FINAL_TEST2.srcs/sources_1/imports/codes/branch_fsm.v" into library xil_defaultlib
INFO: [VRFC 10-311] analyzing module branch_fsm
INFO: [VRFC 10-2263] Analyzing Verilog file "C:/Users/jaswa/VLSI_LAB/Course Project/FINAL_TEST2/FINAL_TEST2.srcs/sources_1/imports/codes/mul_fsm.v" into library xil_defaultlib
INFO: [VRFC 10-311] analyzing module mul_fsm
INFO: [VRFC 10-2263] Analyzing Verilog file "C:/Users/jaswa/VLSI_LAB/Course Project/FINAL_TEST2/FINAL_TEST2.srcs/sources_1/new/EX_MA_PR.v" into library xil_defaultlib
INFO: [VRFC 10-311] analyzing module EX_MA_PR
INFO: [VRFC 10-2263] Analyzing Verilog file "C:/Users/jaswa/VLSI_LAB/Course Project/FINAL_TEST2/FINAL_TEST2.srcs/sources_1/new/MA_WB_PR.v" into library xil_defaultlib
INFO: [VRFC 10-311] analyzing module MA_WB_PR
INFO: [VRFC 10-2263] Analyzing Verilog file "C:/Users/jaswa/VLSI_LAB/Course Project/FINAL_TEST2/FINAL_TEST2.srcs/sources_1/imports/codes/load_extend.v" into library xil_defaultlib
INFO: [VRFC 10-311] analyzing module load_extend
INFO: [VRFC 10-2263] Analyzing Verilog file "C:/Users/jaswa/VLSI_LAB/Course Project/FINAL_TEST2/FINAL_TEST2.srcs/sources_1/new/Write_back_Mux.v" into library xil_defaultlib
INFO: [VRFC 10-311] analyzing module Write_back_Mux
INFO: [VRFC 10-2263] Analyzing Verilog file "C:/Users/jaswa/VLSI_LAB/Course Project/FINAL_TEST2/FINAL_TEST2.srcs/sources_1/new/combinational.v" into library xil_defaultlib
INFO: [VRFC 10-311] analyzing module combinational
INFO: [VRFC 10-2263] Analyzing Verilog file "C:/Users/jaswa/VLSI_LAB/Course Project/FINAL_TEST2/FINAL_TEST2.srcs/sources_1/imports/codes/inst_retire_mux.v" into library xil_defaultlib
INFO: [VRFC 10-311] analyzing module instr_retire_mux
INFO: [VRFC 10-2263] Analyzing Verilog file "C:/Users/jaswa/VLSI_LAB/Course Project/FINAL_TEST2/FINAL_TEST2.srcs/sources_1/new/concat_2to1.v" into library xil_defaultlib
INFO: [VRFC 10-311] analyzing module concat_2to1
INFO: [VRFC 10-2263] Analyzing Verilog file "C:/Users/jaswa/VLSI_LAB/Course Project/FINAL_TEST2/FINAL_TEST2.srcs/sources_1/new/hazard_unit.v" into library xil_defaultlib
INFO: [VRFC 10-311] analyzing module hazard_unit
INFO: [VRFC 10-2263] Analyzing Verilog file "C:/Users/jaswa/VLSI_LAB/Course Project/FINAL_TEST2/FINAL_TEST2.srcs/sources_1/imports/DESIGN LAB/pc.v" into library xil_defaultlib
INFO: [VRFC 10-311] analyzing module pc
INFO: [VRFC 10-2263] Analyzing Verilog file "C:/Users/jaswa/VLSI_LAB/Course Project/FINAL_TEST2/FINAL_TEST2.srcs/sources_1/new/ID_EX_PR.v" into library xil_defaultlib
INFO: [VRFC 10-311] analyzing module ID_EX_PR
INFO: [VRFC 10-2263] Analyzing Verilog file "C:/Users/jaswa/VLSI_LAB/Course Project/FINAL_TEST2/FINAL_TEST2.srcs/sources_1/imports/new/Booth_PP.v" into library xil_defaultlib
INFO: [VRFC 10-311] analyzing module Booth_PP
INFO: [VRFC 10-2263] Analyzing Verilog file "C:/Users/jaswa/VLSI_LAB/Course Project/FINAL_TEST2/FINAL_TEST2.srcs/sources_1/imports/sources_1/imports/new/Dadda_Stage_1.v" into library xil_defaultlib
INFO: [VRFC 10-311] analyzing module Dadda_stage1
INFO: [VRFC 10-2263] Analyzing Verilog file "C:/Users/jaswa/VLSI_LAB/Course Project/FINAL_TEST2/FINAL_TEST2.srcs/sources_1/imports/sources_1/imports/new/Dadda_stage_2.v" into library xil_defaultlib
INFO: [VRFC 10-311] analyzing module Dadda_stage2
INFO: [VRFC 10-2263] Analyzing Verilog file "C:/Users/jaswa/VLSI_LAB/Course Project/FINAL_TEST2/FINAL_TEST2.srcs/sources_1/imports/sources_1/imports/new/mul_top.v" into library xil_defaultlib
INFO: [VRFC 10-311] analyzing module mul_top
INFO: [VRFC 10-2263] Analyzing Verilog file "C:/Users/jaswa/VLSI_LAB/Course Project/FINAL_TEST2/FINAL_TEST2.srcs/sources_1/imports/sources_1/new/ALU_OPER.v" into library xil_defaultlib
INFO: [VRFC 10-311] analyzing module ALU_OPER
INFO: [VRFC 10-2263] Analyzing Verilog file "C:/Users/jaswa/VLSI_LAB/Course Project/FINAL_TEST2/FINAL_TEST2.srcs/sources_1/new/IF_ID_PR.v" into library xil_defaultlib
INFO: [VRFC 10-311] analyzing module IF_ID_PR
INFO: [VRFC 10-2263] Analyzing Verilog file "C:/Users/jaswa/VLSI_LAB/Course Project/FINAL_TEST2/FINAL_TEST2.srcs/sources_1/new/OR_gate.v" into library xil_defaultlib
INFO: [VRFC 10-311] analyzing module or_gate
INFO: [VRFC 10-2263] Analyzing Verilog file "C:/Users/jaswa/VLSI_LAB/Course Project/FINAL_TEST2/FINAL_TEST2.ip_user_files/bd/RiscV_BD/ip/RiscV_BD_Q16_16_Mult_0_0/sim/RiscV_BD_Q16_16_Mult_0_0.v" into library xil_defaultlib
INFO: [VRFC 10-311] analyzing module RiscV_BD_Q16_16_Mult_0_0
INFO: [VRFC 10-2263] Analyzing Verilog file "C:/Users/jaswa/VLSI_LAB/Course Project/FINAL_TEST2/FINAL_TEST2.ip_user_files/bd/RiscV_BD/ip/RiscV_BD_register_file_0_0/sim/RiscV_BD_register_file_0_0.v" into library xil_defaultlib
INFO: [VRFC 10-311] analyzing module RiscV_BD_register_file_0_0
INFO: [VRFC 10-2263] Analyzing Verilog file "C:/Users/jaswa/VLSI_LAB/Course Project/FINAL_TEST2/FINAL_TEST2.ip_user_files/bd/RiscV_BD/ip/RiscV_BD_imm_extend_0_0/sim/RiscV_BD_imm_extend_0_0.v" into library xil_defaultlib
INFO: [VRFC 10-311] analyzing module RiscV_BD_imm_extend_0_0
INFO: [VRFC 10-2263] Analyzing Verilog file "C:/Users/jaswa/VLSI_LAB/Course Project/FINAL_TEST2/FINAL_TEST2.ip_user_files/bd/RiscV_BD/ip/RiscV_BD_csr_0_0/sim/RiscV_BD_csr_0_0.v" into library xil_defaultlib
INFO: [VRFC 10-311] analyzing module RiscV_BD_csr_0_0
INFO: [VRFC 10-2263] Analyzing Verilog file "C:/Users/jaswa/VLSI_LAB/Course Project/FINAL_TEST2/FINAL_TEST2.ip_user_files/bd/RiscV_BD/ip/RiscV_BD_controller_0_0/sim/RiscV_BD_controller_0_0.v" into library xil_defaultlib
INFO: [VRFC 10-311] analyzing module RiscV_BD_controller_0_0
INFO: [VRFC 10-2263] Analyzing Verilog file "C:/Users/jaswa/VLSI_LAB/Course Project/FINAL_TEST2/FINAL_TEST2.ip_user_files/bd/RiscV_BD/ip/RiscV_BD_alu_fixed_point_mux_0_0/sim/RiscV_BD_alu_fixed_point_mux_0_0.v" into library xil_defaultlib
INFO: [VRFC 10-311] analyzing module RiscV_BD_alu_fixed_point_mux_0_0
INFO: [VRFC 10-2263] Analyzing Verilog file "C:/Users/jaswa/VLSI_LAB/Course Project/FINAL_TEST2/FINAL_TEST2.ip_user_files/bd/RiscV_BD/ip/RiscV_BD_csr_mux_0_0/sim/RiscV_BD_csr_mux_0_0.v" into library xil_defaultlib
INFO: [VRFC 10-311] analyzing module RiscV_BD_csr_mux_0_0
INFO: [VRFC 10-2263] Analyzing Verilog file "C:/Users/jaswa/VLSI_LAB/Course Project/FINAL_TEST2/FINAL_TEST2.ip_user_files/bd/RiscV_BD/ip/RiscV_BD_forwarding_mux_0_0/sim/RiscV_BD_forwarding_mux_0_0.v" into library xil_defaultlib
INFO: [VRFC 10-311] analyzing module RiscV_BD_forwarding_mux_0_0
INFO: [VRFC 10-2263] Analyzing Verilog file "C:/Users/jaswa/VLSI_LAB/Course Project/FINAL_TEST2/FINAL_TEST2.ip_user_files/bd/RiscV_BD/ip/RiscV_BD_alu_muxes_0_2/sim/RiscV_BD_alu_muxes_0_2.v" into library xil_defaultlib
INFO: [VRFC 10-311] analyzing module RiscV_BD_alu_muxes_0_2
INFO: [VRFC 10-2263] Analyzing Verilog file "C:/Users/jaswa/VLSI_LAB/Course Project/FINAL_TEST2/FINAL_TEST2.ip_user_files/bd/RiscV_BD/ip/RiscV_BD_branch_fsm_0_0/sim/RiscV_BD_branch_fsm_0_0.v" into library xil_defaultlib
INFO: [VRFC 10-311] analyzing module RiscV_BD_branch_fsm_0_0
INFO: [VRFC 10-2263] Analyzing Verilog file "C:/Users/jaswa/VLSI_LAB/Course Project/FINAL_TEST2/FINAL_TEST2.ip_user_files/bd/RiscV_BD/ip/RiscV_BD_mul_fsm_0_0/sim/RiscV_BD_mul_fsm_0_0.v" into library xil_defaultlib
INFO: [VRFC 10-311] analyzing module RiscV_BD_mul_fsm_0_0
INFO: [VRFC 10-2263] Analyzing Verilog file "C:/Users/jaswa/VLSI_LAB/Course Project/FINAL_TEST2/FINAL_TEST2.ip_user_files/bd/RiscV_BD/ip/RiscV_BD_EX_MA_PR_0_0/sim/RiscV_BD_EX_MA_PR_0_0.v" into library xil_defaultlib
INFO: [VRFC 10-311] analyzing module RiscV_BD_EX_MA_PR_0_0
INFO: [VRFC 10-2263] Analyzing Verilog file "C:/Users/jaswa/VLSI_LAB/Course Project/FINAL_TEST2/FINAL_TEST2.ip_user_files/bd/RiscV_BD/ip/RiscV_BD_MA_WB_PR_0_0/sim/RiscV_BD_MA_WB_PR_0_0.v" into library xil_defaultlib
INFO: [VRFC 10-311] analyzing module RiscV_BD_MA_WB_PR_0_0
INFO: [VRFC 10-2263] Analyzing Verilog file "C:/Users/jaswa/VLSI_LAB/Course Project/FINAL_TEST2/FINAL_TEST2.ip_user_files/bd/RiscV_BD/ip/RiscV_BD_load_extend_0_0/sim/RiscV_BD_load_extend_0_0.v" into library xil_defaultlib
INFO: [VRFC 10-311] analyzing module RiscV_BD_load_extend_0_0
INFO: [VRFC 10-2263] Analyzing Verilog file "C:/Users/jaswa/VLSI_LAB/Course Project/FINAL_TEST2/FINAL_TEST2.ip_user_files/bd/RiscV_BD/ip/RiscV_BD_Write_back_Mux_0_0/sim/RiscV_BD_Write_back_Mux_0_0.v" into library xil_defaultlib
INFO: [VRFC 10-311] analyzing module RiscV_BD_Write_back_Mux_0_0
INFO: [VRFC 10-2263] Analyzing Verilog file "C:/Users/jaswa/VLSI_LAB/Course Project/FINAL_TEST2/FINAL_TEST2.ip_user_files/bd/RiscV_BD/ip/RiscV_BD_combinational_0_0/sim/RiscV_BD_combinational_0_0.v" into library xil_defaultlib
INFO: [VRFC 10-311] analyzing module RiscV_BD_combinational_0_0
INFO: [VRFC 10-2263] Analyzing Verilog file "C:/Users/jaswa/VLSI_LAB/Course Project/FINAL_TEST2/FINAL_TEST2.ip_user_files/bd/RiscV_BD/ip/RiscV_BD_instr_retire_mux_0_0/sim/RiscV_BD_instr_retire_mux_0_0.v" into library xil_defaultlib
INFO: [VRFC 10-311] analyzing module RiscV_BD_instr_retire_mux_0_0
INFO: [VRFC 10-2263] Analyzing Verilog file "C:/Users/jaswa/VLSI_LAB/Course Project/FINAL_TEST2/FINAL_TEST2.ip_user_files/bd/RiscV_BD/ip/RiscV_BD_blk_mem_gen_0_0/sim/RiscV_BD_blk_mem_gen_0_0.v" into library xil_defaultlib
INFO: [VRFC 10-311] analyzing module RiscV_BD_blk_mem_gen_0_0
INFO: [VRFC 10-2263] Analyzing Verilog file "C:/Users/jaswa/VLSI_LAB/Course Project/FINAL_TEST2/FINAL_TEST2.ip_user_files/bd/RiscV_BD/ip/RiscV_BD_blk_mem_gen_1_0/sim/RiscV_BD_blk_mem_gen_1_0.v" into library xil_defaultlib
INFO: [VRFC 10-311] analyzing module RiscV_BD_blk_mem_gen_1_0
INFO: [VRFC 10-2263] Analyzing Verilog file "C:/Users/jaswa/VLSI_LAB/Course Project/FINAL_TEST2/FINAL_TEST2.ip_user_files/bd/RiscV_BD/ip/RiscV_BD_concat_2to1_0_0/sim/RiscV_BD_concat_2to1_0_0.v" into library xil_defaultlib
INFO: [VRFC 10-311] analyzing module RiscV_BD_concat_2to1_0_0
INFO: [VRFC 10-2263] Analyzing Verilog file "C:/Users/jaswa/VLSI_LAB/Course Project/FINAL_TEST2/FINAL_TEST2.ip_user_files/bd/RiscV_BD/ip/RiscV_BD_concat_2to1_1_0/sim/RiscV_BD_concat_2to1_1_0.v" into library xil_defaultlib
INFO: [VRFC 10-311] analyzing module RiscV_BD_concat_2to1_1_0
INFO: [VRFC 10-2263] Analyzing Verilog file "C:/Users/jaswa/VLSI_LAB/Course Project/FINAL_TEST2/FINAL_TEST2.ip_user_files/bd/RiscV_BD/ip/RiscV_BD_hazard_unit_0_0/sim/RiscV_BD_hazard_unit_0_0.v" into library xil_defaultlib
INFO: [VRFC 10-311] analyzing module RiscV_BD_hazard_unit_0_0
INFO: [VRFC 10-2263] Analyzing Verilog file "C:/Users/jaswa/VLSI_LAB/Course Project/FINAL_TEST2/FINAL_TEST2.ip_user_files/bd/RiscV_BD/ip/RiscV_BD_pc_0_0/sim/RiscV_BD_pc_0_0.v" into library xil_defaultlib
INFO: [VRFC 10-311] analyzing module RiscV_BD_pc_0_0
INFO: [VRFC 10-2263] Analyzing Verilog file "C:/Users/jaswa/VLSI_LAB/Course Project/FINAL_TEST2/FINAL_TEST2.ip_user_files/bd/RiscV_BD/ip/RiscV_BD_concat_2to1_2_0/sim/RiscV_BD_concat_2to1_2_0.v" into library xil_defaultlib
INFO: [VRFC 10-311] analyzing module RiscV_BD_concat_2to1_2_0
INFO: [VRFC 10-2263] Analyzing Verilog file "C:/Users/jaswa/VLSI_LAB/Course Project/FINAL_TEST2/FINAL_TEST2.ip_user_files/bd/RiscV_BD/ip/RiscV_BD_ID_EX_PR_0_0/sim/RiscV_BD_ID_EX_PR_0_0.v" into library xil_defaultlib
INFO: [VRFC 10-311] analyzing module RiscV_BD_ID_EX_PR_0_0
INFO: [VRFC 10-2263] Analyzing Verilog file "C:/Users/jaswa/VLSI_LAB/Course Project/FINAL_TEST2/FINAL_TEST2.ip_user_files/bd/RiscV_BD/ip/RiscV_BD_ALU_OPER_0_0/sim/RiscV_BD_ALU_OPER_0_0.v" into library xil_defaultlib
INFO: [VRFC 10-311] analyzing module RiscV_BD_ALU_OPER_0_0
INFO: [VRFC 10-2263] Analyzing Verilog file "C:/Users/jaswa/VLSI_LAB/Course Project/FINAL_TEST2/FINAL_TEST2.ip_user_files/bd/RiscV_BD/ip/RiscV_BD_IF_ID_PR_0_0/sim/RiscV_BD_IF_ID_PR_0_0.v" into library xil_defaultlib
INFO: [VRFC 10-311] analyzing module RiscV_BD_IF_ID_PR_0_0
INFO: [VRFC 10-2263] Analyzing Verilog file "C:/Users/jaswa/VLSI_LAB/Course Project/FINAL_TEST2/FINAL_TEST2.ip_user_files/bd/RiscV_BD/ip/RiscV_BD_or_gate_1_0/sim/RiscV_BD_or_gate_1_0.v" into library xil_defaultlib
INFO: [VRFC 10-311] analyzing module RiscV_BD_or_gate_1_0
INFO: [VRFC 10-2263] Analyzing Verilog file "C:/Users/jaswa/VLSI_LAB/Course Project/FINAL_TEST2/FINAL_TEST2.ip_user_files/bd/RiscV_BD/sim/RiscV_BD.v" into library xil_defaultlib
INFO: [VRFC 10-311] analyzing module RiscV_BD
INFO: [VRFC 10-2263] Analyzing Verilog file "C:/Users/jaswa/VLSI_LAB/Course Project/FINAL_TEST2/FINAL_TEST2.gen/sources_1/bd/RiscV_BD/hdl/RiscV_BD_wrapper.v" into library xil_defaultlib
INFO: [VRFC 10-311] analyzing module RiscV_BD_wrapper
INFO: [VRFC 10-2263] Analyzing Verilog file "C:/Users/jaswa/VLSI_LAB/Course Project/FINAL_TEST2/FINAL_TEST2.srcs/sim_1/new/RiscV_BD_wrapper_tb.v" into library xil_defaultlib
INFO: [VRFC 10-311] analyzing module RiscV_BD_wrapper_tb
run_program: Time (s): cpu = 00:00:01 ; elapsed = 00:00:07 . Memory (MB): peak = 1674.523 ; gain = 0.000
INFO: [USF-XSim-69] 'compile' step finished in '7' seconds
INFO: [USF-XSim-3] XSim::Elaborate design
INFO: [USF-XSim-61] Executing 'ELABORATE' step in 'C:/Users/jaswa/VLSI_LAB/Course Project/FINAL_TEST2/FINAL_TEST2.sim/sim_1/behav/xsim'
"xelab -wto 825d914d5bae4902b22375897d789401 --incr --debug typical --relax --mt 2 -L xil_defaultlib -L blk_mem_gen_v8_4_4 -L unisims_ver -L unimacro_ver -L secureip -L xpm --snapshot RiscV_BD_wrapper_tb_behav xil_defaultlib.RiscV_BD_wrapper_tb xil_defaultlib.glbl -log elaborate.log"
Vivado Simulator 2020.2
Copyright 1986-1999, 2001-2020 Xilinx, Inc. All Rights Reserved.
Running: C:/Xilinx/Vivado/2020.2/bin/unwrapped/win64.o/xelab.exe -wto 825d914d5bae4902b22375897d789401 --incr --debug typical --relax --mt 2 -L xil_defaultlib -L blk_mem_gen_v8_4_4 -L unisims_ver -L unimacro_ver -L secureip -L xpm --snapshot RiscV_BD_wrapper_tb_behav xil_defaultlib.RiscV_BD_wrapper_tb xil_defaultlib.glbl -log elaborate.log 
Using 2 slave threads.
Starting static elaboration
Pass Through NonSizing Optimizer
Completed static elaboration
Starting simulation data flow analysis
Completed simulation data flow analysis
Time Resolution for simulation is 1ps
Compiling module xil_defaultlib.Booth_PP
Compiling module xil_defaultlib.Dadda_stage1
Compiling module xil_defaultlib.Dadda_stage2
Compiling module xil_defaultlib.mul_top
Compiling module xil_defaultlib.ALU_OPER
Compiling module xil_defaultlib.RiscV_BD_ALU_OPER_0_0
Compiling module xil_defaultlib.EX_MA_PR
Compiling module xil_defaultlib.RiscV_BD_EX_MA_PR_0_0
Compiling module xil_defaultlib.ID_EX_PR
Compiling module xil_defaultlib.RiscV_BD_ID_EX_PR_0_0
Compiling module xil_defaultlib.IF_ID_PR
Compiling module xil_defaultlib.RiscV_BD_IF_ID_PR_0_0
Compiling module xil_defaultlib.MA_WB_PR
Compiling module xil_defaultlib.RiscV_BD_MA_WB_PR_0_0
Compiling module xil_defaultlib.Booth_PP_FM
Compiling module xil_defaultlib.Dadda_tree
Compiling module xil_defaultlib.Q16_16_Mult
Compiling module xil_defaultlib.RiscV_BD_Q16_16_Mult_0_0
Compiling module xil_defaultlib.Write_back_Mux
Compiling module xil_defaultlib.RiscV_BD_Write_back_Mux_0_0
Compiling module xil_defaultlib.alu_fixed_point_mux
Compiling module xil_defaultlib.RiscV_BD_alu_fixed_point_mux_0_0
Compiling module xil_defaultlib.alu_muxes
Compiling module xil_defaultlib.RiscV_BD_alu_muxes_0_2
Compiling module blk_mem_gen_v8_4_4.blk_mem_gen_v8_4_4_output_stage(...
Compiling module blk_mem_gen_v8_4_4.blk_mem_gen_v8_4_4_output_stage(...
Compiling module blk_mem_gen_v8_4_4.blk_mem_gen_v8_4_4_softecc_outpu...
Compiling module blk_mem_gen_v8_4_4.blk_mem_gen_v8_4_4_mem_module(C_...
Compiling module blk_mem_gen_v8_4_4.blk_mem_gen_v8_4_4(C_FAMILY="zyn...
Compiling module xil_defaultlib.RiscV_BD_blk_mem_gen_0_0
Compiling module blk_mem_gen_v8_4_4.blk_mem_gen_v8_4_4_mem_module(C_...
Compiling module blk_mem_gen_v8_4_4.blk_mem_gen_v8_4_4(C_FAMILY="zyn...
Compiling module xil_defaultlib.RiscV_BD_blk_mem_gen_1_0
Compiling module xil_defaultlib.branch_fsm
Compiling module xil_defaultlib.RiscV_BD_branch_fsm_0_0
Compiling module xil_defaultlib.combinational
Compiling module xil_defaultlib.RiscV_BD_combinational_0_0
Compiling module xil_defaultlib.concat_2to1
Compiling module xil_defaultlib.RiscV_BD_concat_2to1_0_0
Compiling module xil_defaultlib.RiscV_BD_concat_2to1_1_0
Compiling module xil_defaultlib.RiscV_BD_concat_2to1_2_0
Compiling module xil_defaultlib.controller
Compiling module xil_defaultlib.RiscV_BD_controller_0_0
Compiling module xil_defaultlib.csr
Compiling module xil_defaultlib.RiscV_BD_csr_0_0
Compiling module xil_defaultlib.csr_mux
Compiling module xil_defaultlib.RiscV_BD_csr_mux_0_0
Compiling module xil_defaultlib.forwarding_mux
Compiling module xil_defaultlib.RiscV_BD_forwarding_mux_0_0
Compiling module xil_defaultlib.hazard_unit
Compiling module xil_defaultlib.RiscV_BD_hazard_unit_0_0
Compiling module xil_defaultlib.imm_extend
Compiling module xil_defaultlib.RiscV_BD_imm_extend_0_0
Compiling module xil_defaultlib.instr_retire_mux
Compiling module xil_defaultlib.RiscV_BD_instr_retire_mux_0_0
Compiling module xil_defaultlib.load_extend
Compiling module xil_defaultlib.RiscV_BD_load_extend_0_0
Compiling module xil_defaultlib.mul_fsm
Compiling module xil_defaultlib.RiscV_BD_mul_fsm_0_0
Compiling module xil_defaultlib.or_gate
Compiling module xil_defaultlib.RiscV_BD_or_gate_1_0
Compiling module xil_defaultlib.pc
Compiling module xil_defaultlib.RiscV_BD_pc_0_0
Compiling module xil_defaultlib.register_file
Compiling module xil_defaultlib.RiscV_BD_register_file_0_0
Compiling module xil_defaultlib.RiscV_BD
Compiling module xil_defaultlib.RiscV_BD_wrapper
Compiling module xil_defaultlib.RiscV_BD_wrapper_tb
Compiling module xil_defaultlib.glbl
Built simulation snapshot RiscV_BD_wrapper_tb_behav
run_program: Time (s): cpu = 00:00:00 ; elapsed = 00:00:10 . Memory (MB): peak = 1674.523 ; gain = 0.000
INFO: [USF-XSim-69] 'elaborate' step finished in '10' seconds
INFO: [USF-XSim-4] XSim::Simulate design
INFO: [USF-XSim-61] Executing 'SIMULATE' step in 'C:/Users/jaswa/VLSI_LAB/Course Project/FINAL_TEST2/FINAL_TEST2.sim/sim_1/behav/xsim'
INFO: [USF-XSim-98] *** Running xsim
   with args "RiscV_BD_wrapper_tb_behav -key {Behavioral:sim_1:Functional:RiscV_BD_wrapper_tb} -tclbatch {RiscV_BD_wrapper_tb.tcl} -protoinst "protoinst_files/RiscV_BD.protoinst" -view {{C:/Users/jaswa/VLSI_LAB/Course Project/FINAL_TEST2/FINAL_TEST2.srcs/sim_1/imports/VLSI_RISC_V_IM/RiscV_BD_wrapper_tb_behav.wcfg}} -log {simulate.log}"
INFO: [USF-XSim-8] Loading simulator feature
Vivado Simulator 2020.2
INFO: [Wavedata 42-565] Reading protoinst file protoinst_files/RiscV_BD.protoinst
Time resolution is 1 ps
open_wave_config {C:/Users/jaswa/VLSI_LAB/Course Project/FINAL_TEST2/FINAL_TEST2.srcs/sim_1/imports/VLSI_RISC_V_IM/RiscV_BD_wrapper_tb_behav.wcfg}
source RiscV_BD_wrapper_tb.tcl
# set curr_wave [current_wave_config]
# if { [string length $curr_wave] == 0 } {
#   if { [llength [get_objects]] > 0} {
#     add_wave /
#     set_property needs_save false [current_wave_config]
#   } else {
#      send_msg_id Add_Wave-1 WARNING "No top level signals found. Simulator will start without a wave window. If you want to open a wave window go to 'File->New Waveform Configuration' or type 'create_wave_config' in the TCL console."
#   }
# }
# run 1000ns
 Block Memory Generator module loading initial data...
 Block Memory Generator data initialization complete.
Block Memory Generator module RiscV_BD_wrapper_tb.uut.RiscV_BD_i.blk_mem_gen_0.inst.\native_mem_mapped_module.blk_mem_gen_v8_4_4_inst  is using a behavioral model for simulation which will not precisely model memory collision behavior.
 Block Memory Generator module loading initial data...
 Block Memory Generator data initialization complete.
Block Memory Generator module RiscV_BD_wrapper_tb.uut.RiscV_BD_i.blk_mem_gen_1.inst.\native_mem_mapped_module.blk_mem_gen_v8_4_4_inst  is using a behavioral model for simulation which will not precisely model memory collision behavior.
Simulation complete.
$finish called at time : 2115 ps : File "C:/Users/jaswa/VLSI_LAB/Course Project/FINAL_TEST2/FINAL_TEST2.srcs/sim_1/new/RiscV_BD_wrapper_tb.v" Line 35
xsim: Time (s): cpu = 00:00:05 ; elapsed = 00:00:06 . Memory (MB): peak = 1674.523 ; gain = 0.000
INFO: [USF-XSim-96] XSim completed. Design snapshot 'RiscV_BD_wrapper_tb_behav' loaded.
INFO: [USF-XSim-97] XSim simulation ran for 1000ns
launch_simulation: Time (s): cpu = 00:00:06 ; elapsed = 00:00:24 . Memory (MB): peak = 1674.523 ; gain = 0.000
close_sim
INFO: [Simtcl 6-16] Simulation closed
WARNING: [IP_Flow 19-4067] Ignoring invalid widget type specified checkbox.Providing a default widget
WARNING: [IP_Flow 19-4067] Ignoring invalid widget type specified checkbox.Providing a default widget
startgroup
set_property -dict [list CONFIG.Use_RSTA_Pin {false} CONFIG.EN_SAFETY_CKT {false}] [get_bd_cells blk_mem_gen_0]
WARNING: [BD 41-1684] Pin /blk_mem_gen_0/rsta is now disabled. All connections to this pin have been removed. 
endgroup
validate_bd_design
CRITICAL WARNING: [BD 41-759] The input pins (listed below) are either not connected or do not have a source port, and they don't have a tie-off specified. These pins are tied-off to all 0's to avoid error in Implementation flow.
Please check your design and connect them as needed: 
/instr_retire_mux_0/instr_stalled
/hazard_unit_0/memtoreg

save_bd_design
Wrote  : <C:\Users\jaswa\VLSI_LAB\Course Project\FINAL_TEST2\FINAL_TEST2.srcs\sources_1\bd\RiscV_BD\RiscV_BD.bd> 
Wrote  : <C:/Users/jaswa/VLSI_LAB/Course Project/FINAL_TEST2/FINAL_TEST2.srcs/sources_1/bd/RiscV_BD/ui/bd_3ef32312.ui> 
reset_target all [get_files  {{C:/Users/jaswa/VLSI_LAB/Course Project/FINAL_TEST2/FINAL_TEST2.srcs/sources_1/bd/RiscV_BD/RiscV_BD.bd}}]
export_ip_user_files -of_objects  [get_files  {{C:/Users/jaswa/VLSI_LAB/Course Project/FINAL_TEST2/FINAL_TEST2.srcs/sources_1/bd/RiscV_BD/RiscV_BD.bd}}] -sync -no_script -force -quiet
generate_target all [get_files  {{C:/Users/jaswa/VLSI_LAB/Course Project/FINAL_TEST2/FINAL_TEST2.srcs/sources_1/bd/RiscV_BD/RiscV_BD.bd}}]
INFO: [BD 41-1662] The design 'RiscV_BD.bd' is already validated. Therefore parameter propagation will not be re-run.
CRITICAL WARNING: [BD 41-759] The input pins (listed below) are either not connected or do not have a source port, and they don't have a tie-off specified. These pins are tied-off to all 0's to avoid error in Implementation flow.
Please check your design and connect them as needed: 
/instr_retire_mux_0/instr_stalled
/hazard_unit_0/memtoreg

Wrote  : <C:\Users\jaswa\VLSI_LAB\Course Project\FINAL_TEST2\FINAL_TEST2.srcs\sources_1\bd\RiscV_BD\RiscV_BD.bd> 
VHDL Output written to : c:/Users/jaswa/VLSI_LAB/Course Project/FINAL_TEST2/FINAL_TEST2.gen/sources_1/bd/RiscV_BD/synth/RiscV_BD.v
VHDL Output written to : c:/Users/jaswa/VLSI_LAB/Course Project/FINAL_TEST2/FINAL_TEST2.gen/sources_1/bd/RiscV_BD/sim/RiscV_BD.v
VHDL Output written to : c:/Users/jaswa/VLSI_LAB/Course Project/FINAL_TEST2/FINAL_TEST2.gen/sources_1/bd/RiscV_BD/hdl/RiscV_BD_wrapper.v
INFO: [BD 41-1029] Generation completed for the IP Integrator block Q16_16_Mult_0 .
INFO: [BD 41-1029] Generation completed for the IP Integrator block register_file_0 .
INFO: [BD 41-1029] Generation completed for the IP Integrator block imm_extend_0 .
INFO: [BD 41-1029] Generation completed for the IP Integrator block csr_0 .
INFO: [BD 41-1029] Generation completed for the IP Integrator block controller_0 .
INFO: [BD 41-1029] Generation completed for the IP Integrator block alu_fixed_point_mux_0 .
INFO: [BD 41-1029] Generation completed for the IP Integrator block csr_mux_0 .
INFO: [BD 41-1029] Generation completed for the IP Integrator block forwarding_mux_0 .
INFO: [BD 41-1029] Generation completed for the IP Integrator block alu_muxes_0 .
INFO: [BD 41-1029] Generation completed for the IP Integrator block branch_fsm_0 .
INFO: [BD 41-1029] Generation completed for the IP Integrator block mul_fsm_0 .
INFO: [BD 41-1029] Generation completed for the IP Integrator block EX_MA_PR_0 .
INFO: [BD 41-1029] Generation completed for the IP Integrator block MA_WB_PR_0 .
INFO: [BD 41-1029] Generation completed for the IP Integrator block load_extend_0 .
INFO: [BD 41-1029] Generation completed for the IP Integrator block Write_back_Mux_0 .
INFO: [BD 41-1029] Generation completed for the IP Integrator block combinational_0 .
INFO: [BD 41-1029] Generation completed for the IP Integrator block instr_retire_mux_0 .
INFO: [BD 41-1029] Generation completed for the IP Integrator block blk_mem_gen_0 .
INFO: [BD 41-1029] Generation completed for the IP Integrator block blk_mem_gen_1 .
INFO: [BD 41-1029] Generation completed for the IP Integrator block concat_2to1_0 .
INFO: [BD 41-1029] Generation completed for the IP Integrator block concat_2to1_1 .
INFO: [BD 41-1029] Generation completed for the IP Integrator block hazard_unit_0 .
INFO: [BD 41-1029] Generation completed for the IP Integrator block pc_0 .
INFO: [BD 41-1029] Generation completed for the IP Integrator block concat_2to1_2 .
INFO: [BD 41-1029] Generation completed for the IP Integrator block ID_EX_PR_0 .
INFO: [BD 41-1029] Generation completed for the IP Integrator block ALU_OPER_0 .
INFO: [BD 41-1029] Generation completed for the IP Integrator block IF_ID_PR_0 .
INFO: [BD 41-1029] Generation completed for the IP Integrator block or_gate_1 .
Exporting to file c:/Users/jaswa/VLSI_LAB/Course Project/FINAL_TEST2/FINAL_TEST2.gen/sources_1/bd/RiscV_BD/hw_handoff/RiscV_BD.hwh
Generated Block Design Tcl file c:/Users/jaswa/VLSI_LAB/Course Project/FINAL_TEST2/FINAL_TEST2.gen/sources_1/bd/RiscV_BD/hw_handoff/RiscV_BD_bd.tcl
Generated Hardware Definition File c:/Users/jaswa/VLSI_LAB/Course Project/FINAL_TEST2/FINAL_TEST2.gen/sources_1/bd/RiscV_BD/synth/RiscV_BD.hwdef
export_ip_user_files -of_objects [get_files {{C:/Users/jaswa/VLSI_LAB/Course Project/FINAL_TEST2/FINAL_TEST2.srcs/sources_1/bd/RiscV_BD/RiscV_BD.bd}}] -no_script -sync -force -quiet
export_simulation -of_objects [get_files {{C:/Users/jaswa/VLSI_LAB/Course Project/FINAL_TEST2/FINAL_TEST2.srcs/sources_1/bd/RiscV_BD/RiscV_BD.bd}}] -directory {C:/Users/jaswa/VLSI_LAB/Course Project/FINAL_TEST2/FINAL_TEST2.ip_user_files/sim_scripts} -ip_user_files_dir {C:/Users/jaswa/VLSI_LAB/Course Project/FINAL_TEST2/FINAL_TEST2.ip_user_files} -ipstatic_source_dir {C:/Users/jaswa/VLSI_LAB/Course Project/FINAL_TEST2/FINAL_TEST2.ip_user_files/ipstatic} -lib_map_path [list {modelsim=C:/Users/jaswa/VLSI_LAB/Course Project/FINAL_TEST2/FINAL_TEST2.cache/compile_simlib/modelsim} {questa=C:/Users/jaswa/VLSI_LAB/Course Project/FINAL_TEST2/FINAL_TEST2.cache/compile_simlib/questa} {riviera=C:/Users/jaswa/VLSI_LAB/Course Project/FINAL_TEST2/FINAL_TEST2.cache/compile_simlib/riviera} {activehdl=C:/Users/jaswa/VLSI_LAB/Course Project/FINAL_TEST2/FINAL_TEST2.cache/compile_simlib/activehdl}] -use_ip_compiled_libs -force -quiet
launch_simulation
Command: launch_simulation 
INFO: [Vivado 12-5682] Launching behavioral simulation in 'C:/Users/jaswa/VLSI_LAB/Course Project/FINAL_TEST2/FINAL_TEST2.sim/sim_1/behav/xsim'
INFO: [Vivado 12-4795] Using compiled simulation libraries for IPs
INFO: [SIM-utils-51] Simulation object is 'sim_1'
INFO: [USF-XSim-7] Finding pre-compiled libraries...
INFO: [USF-XSim-11] File 'C:/Xilinx/Vivado/2020.2/data/xsim/xsim.ini' copied to run dir:'C:/Users/jaswa/VLSI_LAB/Course Project/FINAL_TEST2/FINAL_TEST2.sim/sim_1/behav/xsim'
INFO: [SIM-utils-54] Inspecting design source files for 'RiscV_BD_wrapper_tb' in fileset 'sim_1'...
INFO: [SIM-utils-43] Exported 'C:/Users/jaswa/VLSI_LAB/Course Project/FINAL_TEST2/FINAL_TEST2.sim/sim_1/behav/xsim/instruction_memory.coe'
INFO: [SIM-utils-43] Exported 'C:/Users/jaswa/VLSI_LAB/Course Project/FINAL_TEST2/FINAL_TEST2.sim/sim_1/behav/xsim/RiscV_BD_blk_mem_gen_0_0.mif'
INFO: [SIM-utils-43] Exported 'C:/Users/jaswa/VLSI_LAB/Course Project/FINAL_TEST2/FINAL_TEST2.sim/sim_1/behav/xsim/data_memory.coe'
INFO: [SIM-utils-43] Exported 'C:/Users/jaswa/VLSI_LAB/Course Project/FINAL_TEST2/FINAL_TEST2.sim/sim_1/behav/xsim/RiscV_BD_blk_mem_gen_1_0.mif'
INFO: [SIM-utils-43] Exported 'C:/Users/jaswa/VLSI_LAB/Course Project/FINAL_TEST2/FINAL_TEST2.sim/sim_1/behav/xsim/instruction_memory.coe'
INFO: [USF-XSim-97] Finding global include files...
INFO: [USF-XSim-98] Fetching design files from 'sim_1'...
INFO: [USF-XSim-2] XSim::Compile design
INFO: [USF-XSim-61] Executing 'COMPILE and ANALYZE' step in 'C:/Users/jaswa/VLSI_LAB/Course Project/FINAL_TEST2/FINAL_TEST2.sim/sim_1/behav/xsim'
"xvlog --incr --relax -prj RiscV_BD_wrapper_tb_vlog.prj"
INFO: [VRFC 10-2263] Analyzing Verilog file "C:/Users/jaswa/VLSI_LAB/Course Project/FINAL_TEST2/FINAL_TEST2.srcs/sources_1/imports/sources_1/imports/new/Booth_PP.v" into library xil_defaultlib
INFO: [VRFC 10-311] analyzing module Booth_PP_FM
INFO: [VRFC 10-2263] Analyzing Verilog file "C:/Users/jaswa/VLSI_LAB/Course Project/FINAL_TEST2/FINAL_TEST2.srcs/sources_1/imports/new/Dadda_tree.v" into library xil_defaultlib
INFO: [VRFC 10-311] analyzing module Dadda_tree
INFO: [VRFC 10-2263] Analyzing Verilog file "C:/Users/jaswa/VLSI_LAB/Course Project/FINAL_TEST2/FINAL_TEST2.srcs/sources_1/imports/new/Q16_16.v" into library xil_defaultlib
INFO: [VRFC 10-311] analyzing module Q16_16_Mult
INFO: [VRFC 10-2263] Analyzing Verilog file "C:/Users/jaswa/VLSI_LAB/Course Project/FINAL_TEST2/FINAL_TEST2.srcs/sources_1/imports/COURSE PRPJECT/Decode/reg_file.v" into library xil_defaultlib
INFO: [VRFC 10-311] analyzing module register_file
INFO: [VRFC 10-2263] Analyzing Verilog file "C:/Users/jaswa/VLSI_LAB/Course Project/FINAL_TEST2/FINAL_TEST2.srcs/sources_1/imports/COURSE PRPJECT/Decode/imm_extend.v" into library xil_defaultlib
INFO: [VRFC 10-311] analyzing module imm_extend
INFO: [VRFC 10-2263] Analyzing Verilog file "C:/Users/jaswa/VLSI_LAB/Course Project/FINAL_TEST2/FINAL_TEST2.srcs/sources_1/imports/codes/min_csr.v" into library xil_defaultlib
INFO: [VRFC 10-311] analyzing module csr
INFO: [VRFC 10-2263] Analyzing Verilog file "C:/Users/jaswa/VLSI_LAB/Course Project/FINAL_TEST2/FINAL_TEST2.srcs/sources_1/imports/codes/controller.v" into library xil_defaultlib
INFO: [VRFC 10-311] analyzing module controller
INFO: [VRFC 10-2263] Analyzing Verilog file "C:/Users/jaswa/VLSI_LAB/Course Project/FINAL_TEST2/FINAL_TEST2.srcs/sources_1/imports/codes/alu_fixed_point_mux.v" into library xil_defaultlib
INFO: [VRFC 10-311] analyzing module alu_fixed_point_mux
INFO: [VRFC 10-2263] Analyzing Verilog file "C:/Users/jaswa/VLSI_LAB/Course Project/FINAL_TEST2/FINAL_TEST2.srcs/sources_1/imports/codes/csr_mux.v" into library xil_defaultlib
INFO: [VRFC 10-311] analyzing module csr_mux
INFO: [VRFC 10-2263] Analyzing Verilog file "C:/Users/jaswa/VLSI_LAB/Course Project/FINAL_TEST2/FINAL_TEST2.srcs/sources_1/imports/codes/forwarding_mux.v" into library xil_defaultlib
INFO: [VRFC 10-311] analyzing module forwarding_mux
INFO: [VRFC 10-2263] Analyzing Verilog file "C:/Users/jaswa/VLSI_LAB/Course Project/FINAL_TEST2/FINAL_TEST2.srcs/sources_1/imports/codes/alu_muxes.v" into library xil_defaultlib
INFO: [VRFC 10-311] analyzing module alu_muxes
INFO: [VRFC 10-2458] undeclared symbol alu_op, assumed default net type wire [C:/Users/jaswa/VLSI_LAB/Course Project/FINAL_TEST2/FINAL_TEST2.srcs/sources_1/imports/codes/alu_muxes.v:49]
INFO: [VRFC 10-2263] Analyzing Verilog file "C:/Users/jaswa/VLSI_LAB/Course Project/FINAL_TEST2/FINAL_TEST2.srcs/sources_1/imports/codes/branch_fsm.v" into library xil_defaultlib
INFO: [VRFC 10-311] analyzing module branch_fsm
INFO: [VRFC 10-2263] Analyzing Verilog file "C:/Users/jaswa/VLSI_LAB/Course Project/FINAL_TEST2/FINAL_TEST2.srcs/sources_1/imports/codes/mul_fsm.v" into library xil_defaultlib
INFO: [VRFC 10-311] analyzing module mul_fsm
INFO: [VRFC 10-2263] Analyzing Verilog file "C:/Users/jaswa/VLSI_LAB/Course Project/FINAL_TEST2/FINAL_TEST2.srcs/sources_1/new/EX_MA_PR.v" into library xil_defaultlib
INFO: [VRFC 10-311] analyzing module EX_MA_PR
INFO: [VRFC 10-2263] Analyzing Verilog file "C:/Users/jaswa/VLSI_LAB/Course Project/FINAL_TEST2/FINAL_TEST2.srcs/sources_1/new/MA_WB_PR.v" into library xil_defaultlib
INFO: [VRFC 10-311] analyzing module MA_WB_PR
INFO: [VRFC 10-2263] Analyzing Verilog file "C:/Users/jaswa/VLSI_LAB/Course Project/FINAL_TEST2/FINAL_TEST2.srcs/sources_1/imports/codes/load_extend.v" into library xil_defaultlib
INFO: [VRFC 10-311] analyzing module load_extend
INFO: [VRFC 10-2263] Analyzing Verilog file "C:/Users/jaswa/VLSI_LAB/Course Project/FINAL_TEST2/FINAL_TEST2.srcs/sources_1/new/Write_back_Mux.v" into library xil_defaultlib
INFO: [VRFC 10-311] analyzing module Write_back_Mux
INFO: [VRFC 10-2263] Analyzing Verilog file "C:/Users/jaswa/VLSI_LAB/Course Project/FINAL_TEST2/FINAL_TEST2.srcs/sources_1/new/combinational.v" into library xil_defaultlib
INFO: [VRFC 10-311] analyzing module combinational
INFO: [VRFC 10-2263] Analyzing Verilog file "C:/Users/jaswa/VLSI_LAB/Course Project/FINAL_TEST2/FINAL_TEST2.srcs/sources_1/imports/codes/inst_retire_mux.v" into library xil_defaultlib
INFO: [VRFC 10-311] analyzing module instr_retire_mux
INFO: [VRFC 10-2263] Analyzing Verilog file "C:/Users/jaswa/VLSI_LAB/Course Project/FINAL_TEST2/FINAL_TEST2.srcs/sources_1/new/concat_2to1.v" into library xil_defaultlib
INFO: [VRFC 10-311] analyzing module concat_2to1
INFO: [VRFC 10-2263] Analyzing Verilog file "C:/Users/jaswa/VLSI_LAB/Course Project/FINAL_TEST2/FINAL_TEST2.srcs/sources_1/new/hazard_unit.v" into library xil_defaultlib
INFO: [VRFC 10-311] analyzing module hazard_unit
INFO: [VRFC 10-2263] Analyzing Verilog file "C:/Users/jaswa/VLSI_LAB/Course Project/FINAL_TEST2/FINAL_TEST2.srcs/sources_1/imports/DESIGN LAB/pc.v" into library xil_defaultlib
INFO: [VRFC 10-311] analyzing module pc
INFO: [VRFC 10-2263] Analyzing Verilog file "C:/Users/jaswa/VLSI_LAB/Course Project/FINAL_TEST2/FINAL_TEST2.srcs/sources_1/new/ID_EX_PR.v" into library xil_defaultlib
INFO: [VRFC 10-311] analyzing module ID_EX_PR
INFO: [VRFC 10-2263] Analyzing Verilog file "C:/Users/jaswa/VLSI_LAB/Course Project/FINAL_TEST2/FINAL_TEST2.srcs/sources_1/imports/new/Booth_PP.v" into library xil_defaultlib
INFO: [VRFC 10-311] analyzing module Booth_PP
INFO: [VRFC 10-2263] Analyzing Verilog file "C:/Users/jaswa/VLSI_LAB/Course Project/FINAL_TEST2/FINAL_TEST2.srcs/sources_1/imports/sources_1/imports/new/Dadda_Stage_1.v" into library xil_defaultlib
INFO: [VRFC 10-311] analyzing module Dadda_stage1
INFO: [VRFC 10-2263] Analyzing Verilog file "C:/Users/jaswa/VLSI_LAB/Course Project/FINAL_TEST2/FINAL_TEST2.srcs/sources_1/imports/sources_1/imports/new/Dadda_stage_2.v" into library xil_defaultlib
INFO: [VRFC 10-311] analyzing module Dadda_stage2
INFO: [VRFC 10-2263] Analyzing Verilog file "C:/Users/jaswa/VLSI_LAB/Course Project/FINAL_TEST2/FINAL_TEST2.srcs/sources_1/imports/sources_1/imports/new/mul_top.v" into library xil_defaultlib
INFO: [VRFC 10-311] analyzing module mul_top
INFO: [VRFC 10-2263] Analyzing Verilog file "C:/Users/jaswa/VLSI_LAB/Course Project/FINAL_TEST2/FINAL_TEST2.srcs/sources_1/imports/sources_1/new/ALU_OPER.v" into library xil_defaultlib
INFO: [VRFC 10-311] analyzing module ALU_OPER
INFO: [VRFC 10-2263] Analyzing Verilog file "C:/Users/jaswa/VLSI_LAB/Course Project/FINAL_TEST2/FINAL_TEST2.srcs/sources_1/new/IF_ID_PR.v" into library xil_defaultlib
INFO: [VRFC 10-311] analyzing module IF_ID_PR
INFO: [VRFC 10-2263] Analyzing Verilog file "C:/Users/jaswa/VLSI_LAB/Course Project/FINAL_TEST2/FINAL_TEST2.srcs/sources_1/new/OR_gate.v" into library xil_defaultlib
INFO: [VRFC 10-311] analyzing module or_gate
INFO: [VRFC 10-2263] Analyzing Verilog file "C:/Users/jaswa/VLSI_LAB/Course Project/FINAL_TEST2/FINAL_TEST2.ip_user_files/bd/RiscV_BD/ip/RiscV_BD_Q16_16_Mult_0_0/sim/RiscV_BD_Q16_16_Mult_0_0.v" into library xil_defaultlib
INFO: [VRFC 10-311] analyzing module RiscV_BD_Q16_16_Mult_0_0
INFO: [VRFC 10-2263] Analyzing Verilog file "C:/Users/jaswa/VLSI_LAB/Course Project/FINAL_TEST2/FINAL_TEST2.ip_user_files/bd/RiscV_BD/ip/RiscV_BD_register_file_0_0/sim/RiscV_BD_register_file_0_0.v" into library xil_defaultlib
INFO: [VRFC 10-311] analyzing module RiscV_BD_register_file_0_0
INFO: [VRFC 10-2263] Analyzing Verilog file "C:/Users/jaswa/VLSI_LAB/Course Project/FINAL_TEST2/FINAL_TEST2.ip_user_files/bd/RiscV_BD/ip/RiscV_BD_imm_extend_0_0/sim/RiscV_BD_imm_extend_0_0.v" into library xil_defaultlib
INFO: [VRFC 10-311] analyzing module RiscV_BD_imm_extend_0_0
INFO: [VRFC 10-2263] Analyzing Verilog file "C:/Users/jaswa/VLSI_LAB/Course Project/FINAL_TEST2/FINAL_TEST2.ip_user_files/bd/RiscV_BD/ip/RiscV_BD_csr_0_0/sim/RiscV_BD_csr_0_0.v" into library xil_defaultlib
INFO: [VRFC 10-311] analyzing module RiscV_BD_csr_0_0
INFO: [VRFC 10-2263] Analyzing Verilog file "C:/Users/jaswa/VLSI_LAB/Course Project/FINAL_TEST2/FINAL_TEST2.ip_user_files/bd/RiscV_BD/ip/RiscV_BD_controller_0_0/sim/RiscV_BD_controller_0_0.v" into library xil_defaultlib
INFO: [VRFC 10-311] analyzing module RiscV_BD_controller_0_0
INFO: [VRFC 10-2263] Analyzing Verilog file "C:/Users/jaswa/VLSI_LAB/Course Project/FINAL_TEST2/FINAL_TEST2.ip_user_files/bd/RiscV_BD/ip/RiscV_BD_alu_fixed_point_mux_0_0/sim/RiscV_BD_alu_fixed_point_mux_0_0.v" into library xil_defaultlib
INFO: [VRFC 10-311] analyzing module RiscV_BD_alu_fixed_point_mux_0_0
INFO: [VRFC 10-2263] Analyzing Verilog file "C:/Users/jaswa/VLSI_LAB/Course Project/FINAL_TEST2/FINAL_TEST2.ip_user_files/bd/RiscV_BD/ip/RiscV_BD_csr_mux_0_0/sim/RiscV_BD_csr_mux_0_0.v" into library xil_defaultlib
INFO: [VRFC 10-311] analyzing module RiscV_BD_csr_mux_0_0
INFO: [VRFC 10-2263] Analyzing Verilog file "C:/Users/jaswa/VLSI_LAB/Course Project/FINAL_TEST2/FINAL_TEST2.ip_user_files/bd/RiscV_BD/ip/RiscV_BD_forwarding_mux_0_0/sim/RiscV_BD_forwarding_mux_0_0.v" into library xil_defaultlib
INFO: [VRFC 10-311] analyzing module RiscV_BD_forwarding_mux_0_0
INFO: [VRFC 10-2263] Analyzing Verilog file "C:/Users/jaswa/VLSI_LAB/Course Project/FINAL_TEST2/FINAL_TEST2.ip_user_files/bd/RiscV_BD/ip/RiscV_BD_alu_muxes_0_2/sim/RiscV_BD_alu_muxes_0_2.v" into library xil_defaultlib
INFO: [VRFC 10-311] analyzing module RiscV_BD_alu_muxes_0_2
INFO: [VRFC 10-2263] Analyzing Verilog file "C:/Users/jaswa/VLSI_LAB/Course Project/FINAL_TEST2/FINAL_TEST2.ip_user_files/bd/RiscV_BD/ip/RiscV_BD_branch_fsm_0_0/sim/RiscV_BD_branch_fsm_0_0.v" into library xil_defaultlib
INFO: [VRFC 10-311] analyzing module RiscV_BD_branch_fsm_0_0
INFO: [VRFC 10-2263] Analyzing Verilog file "C:/Users/jaswa/VLSI_LAB/Course Project/FINAL_TEST2/FINAL_TEST2.ip_user_files/bd/RiscV_BD/ip/RiscV_BD_mul_fsm_0_0/sim/RiscV_BD_mul_fsm_0_0.v" into library xil_defaultlib
INFO: [VRFC 10-311] analyzing module RiscV_BD_mul_fsm_0_0
INFO: [VRFC 10-2263] Analyzing Verilog file "C:/Users/jaswa/VLSI_LAB/Course Project/FINAL_TEST2/FINAL_TEST2.ip_user_files/bd/RiscV_BD/ip/RiscV_BD_EX_MA_PR_0_0/sim/RiscV_BD_EX_MA_PR_0_0.v" into library xil_defaultlib
INFO: [VRFC 10-311] analyzing module RiscV_BD_EX_MA_PR_0_0
INFO: [VRFC 10-2263] Analyzing Verilog file "C:/Users/jaswa/VLSI_LAB/Course Project/FINAL_TEST2/FINAL_TEST2.ip_user_files/bd/RiscV_BD/ip/RiscV_BD_MA_WB_PR_0_0/sim/RiscV_BD_MA_WB_PR_0_0.v" into library xil_defaultlib
INFO: [VRFC 10-311] analyzing module RiscV_BD_MA_WB_PR_0_0
INFO: [VRFC 10-2263] Analyzing Verilog file "C:/Users/jaswa/VLSI_LAB/Course Project/FINAL_TEST2/FINAL_TEST2.ip_user_files/bd/RiscV_BD/ip/RiscV_BD_load_extend_0_0/sim/RiscV_BD_load_extend_0_0.v" into library xil_defaultlib
INFO: [VRFC 10-311] analyzing module RiscV_BD_load_extend_0_0
INFO: [VRFC 10-2263] Analyzing Verilog file "C:/Users/jaswa/VLSI_LAB/Course Project/FINAL_TEST2/FINAL_TEST2.ip_user_files/bd/RiscV_BD/ip/RiscV_BD_Write_back_Mux_0_0/sim/RiscV_BD_Write_back_Mux_0_0.v" into library xil_defaultlib
INFO: [VRFC 10-311] analyzing module RiscV_BD_Write_back_Mux_0_0
INFO: [VRFC 10-2263] Analyzing Verilog file "C:/Users/jaswa/VLSI_LAB/Course Project/FINAL_TEST2/FINAL_TEST2.ip_user_files/bd/RiscV_BD/ip/RiscV_BD_combinational_0_0/sim/RiscV_BD_combinational_0_0.v" into library xil_defaultlib
INFO: [VRFC 10-311] analyzing module RiscV_BD_combinational_0_0
INFO: [VRFC 10-2263] Analyzing Verilog file "C:/Users/jaswa/VLSI_LAB/Course Project/FINAL_TEST2/FINAL_TEST2.ip_user_files/bd/RiscV_BD/ip/RiscV_BD_instr_retire_mux_0_0/sim/RiscV_BD_instr_retire_mux_0_0.v" into library xil_defaultlib
INFO: [VRFC 10-311] analyzing module RiscV_BD_instr_retire_mux_0_0
INFO: [VRFC 10-2263] Analyzing Verilog file "C:/Users/jaswa/VLSI_LAB/Course Project/FINAL_TEST2/FINAL_TEST2.ip_user_files/bd/RiscV_BD/ip/RiscV_BD_blk_mem_gen_0_0/sim/RiscV_BD_blk_mem_gen_0_0.v" into library xil_defaultlib
INFO: [VRFC 10-311] analyzing module RiscV_BD_blk_mem_gen_0_0
INFO: [VRFC 10-2263] Analyzing Verilog file "C:/Users/jaswa/VLSI_LAB/Course Project/FINAL_TEST2/FINAL_TEST2.ip_user_files/bd/RiscV_BD/ip/RiscV_BD_blk_mem_gen_1_0/sim/RiscV_BD_blk_mem_gen_1_0.v" into library xil_defaultlib
INFO: [VRFC 10-311] analyzing module RiscV_BD_blk_mem_gen_1_0
INFO: [VRFC 10-2263] Analyzing Verilog file "C:/Users/jaswa/VLSI_LAB/Course Project/FINAL_TEST2/FINAL_TEST2.ip_user_files/bd/RiscV_BD/ip/RiscV_BD_concat_2to1_0_0/sim/RiscV_BD_concat_2to1_0_0.v" into library xil_defaultlib
INFO: [VRFC 10-311] analyzing module RiscV_BD_concat_2to1_0_0
INFO: [VRFC 10-2263] Analyzing Verilog file "C:/Users/jaswa/VLSI_LAB/Course Project/FINAL_TEST2/FINAL_TEST2.ip_user_files/bd/RiscV_BD/ip/RiscV_BD_concat_2to1_1_0/sim/RiscV_BD_concat_2to1_1_0.v" into library xil_defaultlib
INFO: [VRFC 10-311] analyzing module RiscV_BD_concat_2to1_1_0
INFO: [VRFC 10-2263] Analyzing Verilog file "C:/Users/jaswa/VLSI_LAB/Course Project/FINAL_TEST2/FINAL_TEST2.ip_user_files/bd/RiscV_BD/ip/RiscV_BD_hazard_unit_0_0/sim/RiscV_BD_hazard_unit_0_0.v" into library xil_defaultlib
INFO: [VRFC 10-311] analyzing module RiscV_BD_hazard_unit_0_0
INFO: [VRFC 10-2263] Analyzing Verilog file "C:/Users/jaswa/VLSI_LAB/Course Project/FINAL_TEST2/FINAL_TEST2.ip_user_files/bd/RiscV_BD/ip/RiscV_BD_pc_0_0/sim/RiscV_BD_pc_0_0.v" into library xil_defaultlib
INFO: [VRFC 10-311] analyzing module RiscV_BD_pc_0_0
INFO: [VRFC 10-2263] Analyzing Verilog file "C:/Users/jaswa/VLSI_LAB/Course Project/FINAL_TEST2/FINAL_TEST2.ip_user_files/bd/RiscV_BD/ip/RiscV_BD_concat_2to1_2_0/sim/RiscV_BD_concat_2to1_2_0.v" into library xil_defaultlib
INFO: [VRFC 10-311] analyzing module RiscV_BD_concat_2to1_2_0
INFO: [VRFC 10-2263] Analyzing Verilog file "C:/Users/jaswa/VLSI_LAB/Course Project/FINAL_TEST2/FINAL_TEST2.ip_user_files/bd/RiscV_BD/ip/RiscV_BD_ID_EX_PR_0_0/sim/RiscV_BD_ID_EX_PR_0_0.v" into library xil_defaultlib
INFO: [VRFC 10-311] analyzing module RiscV_BD_ID_EX_PR_0_0
INFO: [VRFC 10-2263] Analyzing Verilog file "C:/Users/jaswa/VLSI_LAB/Course Project/FINAL_TEST2/FINAL_TEST2.ip_user_files/bd/RiscV_BD/ip/RiscV_BD_ALU_OPER_0_0/sim/RiscV_BD_ALU_OPER_0_0.v" into library xil_defaultlib
INFO: [VRFC 10-311] analyzing module RiscV_BD_ALU_OPER_0_0
INFO: [VRFC 10-2263] Analyzing Verilog file "C:/Users/jaswa/VLSI_LAB/Course Project/FINAL_TEST2/FINAL_TEST2.ip_user_files/bd/RiscV_BD/ip/RiscV_BD_IF_ID_PR_0_0/sim/RiscV_BD_IF_ID_PR_0_0.v" into library xil_defaultlib
INFO: [VRFC 10-311] analyzing module RiscV_BD_IF_ID_PR_0_0
INFO: [VRFC 10-2263] Analyzing Verilog file "C:/Users/jaswa/VLSI_LAB/Course Project/FINAL_TEST2/FINAL_TEST2.ip_user_files/bd/RiscV_BD/ip/RiscV_BD_or_gate_1_0/sim/RiscV_BD_or_gate_1_0.v" into library xil_defaultlib
INFO: [VRFC 10-311] analyzing module RiscV_BD_or_gate_1_0
INFO: [VRFC 10-2263] Analyzing Verilog file "C:/Users/jaswa/VLSI_LAB/Course Project/FINAL_TEST2/FINAL_TEST2.ip_user_files/bd/RiscV_BD/sim/RiscV_BD.v" into library xil_defaultlib
INFO: [VRFC 10-311] analyzing module RiscV_BD
INFO: [VRFC 10-2263] Analyzing Verilog file "C:/Users/jaswa/VLSI_LAB/Course Project/FINAL_TEST2/FINAL_TEST2.gen/sources_1/bd/RiscV_BD/hdl/RiscV_BD_wrapper.v" into library xil_defaultlib
INFO: [VRFC 10-311] analyzing module RiscV_BD_wrapper
INFO: [VRFC 10-2263] Analyzing Verilog file "C:/Users/jaswa/VLSI_LAB/Course Project/FINAL_TEST2/FINAL_TEST2.srcs/sim_1/new/RiscV_BD_wrapper_tb.v" into library xil_defaultlib
INFO: [VRFC 10-311] analyzing module RiscV_BD_wrapper_tb
run_program: Time (s): cpu = 00:00:01 ; elapsed = 00:00:07 . Memory (MB): peak = 1674.523 ; gain = 0.000
INFO: [USF-XSim-69] 'compile' step finished in '8' seconds
INFO: [USF-XSim-3] XSim::Elaborate design
INFO: [USF-XSim-61] Executing 'ELABORATE' step in 'C:/Users/jaswa/VLSI_LAB/Course Project/FINAL_TEST2/FINAL_TEST2.sim/sim_1/behav/xsim'
"xelab -wto 825d914d5bae4902b22375897d789401 --incr --debug typical --relax --mt 2 -L xil_defaultlib -L blk_mem_gen_v8_4_4 -L unisims_ver -L unimacro_ver -L secureip -L xpm --snapshot RiscV_BD_wrapper_tb_behav xil_defaultlib.RiscV_BD_wrapper_tb xil_defaultlib.glbl -log elaborate.log"
Vivado Simulator 2020.2
Copyright 1986-1999, 2001-2020 Xilinx, Inc. All Rights Reserved.
Running: C:/Xilinx/Vivado/2020.2/bin/unwrapped/win64.o/xelab.exe -wto 825d914d5bae4902b22375897d789401 --incr --debug typical --relax --mt 2 -L xil_defaultlib -L blk_mem_gen_v8_4_4 -L unisims_ver -L unimacro_ver -L secureip -L xpm --snapshot RiscV_BD_wrapper_tb_behav xil_defaultlib.RiscV_BD_wrapper_tb xil_defaultlib.glbl -log elaborate.log 
Using 2 slave threads.
Starting static elaboration
Pass Through NonSizing Optimizer
Completed static elaboration
Starting simulation data flow analysis
Completed simulation data flow analysis
Time Resolution for simulation is 1ps
Compiling module xil_defaultlib.Booth_PP
Compiling module xil_defaultlib.Dadda_stage1
Compiling module xil_defaultlib.Dadda_stage2
Compiling module xil_defaultlib.mul_top
Compiling module xil_defaultlib.ALU_OPER
Compiling module xil_defaultlib.RiscV_BD_ALU_OPER_0_0
Compiling module xil_defaultlib.EX_MA_PR
Compiling module xil_defaultlib.RiscV_BD_EX_MA_PR_0_0
Compiling module xil_defaultlib.ID_EX_PR
Compiling module xil_defaultlib.RiscV_BD_ID_EX_PR_0_0
Compiling module xil_defaultlib.IF_ID_PR
Compiling module xil_defaultlib.RiscV_BD_IF_ID_PR_0_0
Compiling module xil_defaultlib.MA_WB_PR
Compiling module xil_defaultlib.RiscV_BD_MA_WB_PR_0_0
Compiling module xil_defaultlib.Booth_PP_FM
Compiling module xil_defaultlib.Dadda_tree
Compiling module xil_defaultlib.Q16_16_Mult
Compiling module xil_defaultlib.RiscV_BD_Q16_16_Mult_0_0
Compiling module xil_defaultlib.Write_back_Mux
Compiling module xil_defaultlib.RiscV_BD_Write_back_Mux_0_0
Compiling module xil_defaultlib.alu_fixed_point_mux
Compiling module xil_defaultlib.RiscV_BD_alu_fixed_point_mux_0_0
Compiling module xil_defaultlib.alu_muxes
Compiling module xil_defaultlib.RiscV_BD_alu_muxes_0_2
Compiling module blk_mem_gen_v8_4_4.blk_mem_gen_v8_4_4_output_stage(...
Compiling module blk_mem_gen_v8_4_4.blk_mem_gen_v8_4_4_softecc_outpu...
Compiling module blk_mem_gen_v8_4_4.blk_mem_gen_v8_4_4_mem_module(C_...
Compiling module blk_mem_gen_v8_4_4.blk_mem_gen_v8_4_4(C_FAMILY="zyn...
Compiling module xil_defaultlib.RiscV_BD_blk_mem_gen_0_0
Compiling module blk_mem_gen_v8_4_4.blk_mem_gen_v8_4_4_mem_module(C_...
Compiling module blk_mem_gen_v8_4_4.blk_mem_gen_v8_4_4(C_FAMILY="zyn...
Compiling module xil_defaultlib.RiscV_BD_blk_mem_gen_1_0
Compiling module xil_defaultlib.branch_fsm
Compiling module xil_defaultlib.RiscV_BD_branch_fsm_0_0
Compiling module xil_defaultlib.combinational
Compiling module xil_defaultlib.RiscV_BD_combinational_0_0
Compiling module xil_defaultlib.concat_2to1
Compiling module xil_defaultlib.RiscV_BD_concat_2to1_0_0
Compiling module xil_defaultlib.RiscV_BD_concat_2to1_1_0
Compiling module xil_defaultlib.RiscV_BD_concat_2to1_2_0
Compiling module xil_defaultlib.controller
Compiling module xil_defaultlib.RiscV_BD_controller_0_0
Compiling module xil_defaultlib.csr
Compiling module xil_defaultlib.RiscV_BD_csr_0_0
Compiling module xil_defaultlib.csr_mux
Compiling module xil_defaultlib.RiscV_BD_csr_mux_0_0
Compiling module xil_defaultlib.forwarding_mux
Compiling module xil_defaultlib.RiscV_BD_forwarding_mux_0_0
Compiling module xil_defaultlib.hazard_unit
Compiling module xil_defaultlib.RiscV_BD_hazard_unit_0_0
Compiling module xil_defaultlib.imm_extend
Compiling module xil_defaultlib.RiscV_BD_imm_extend_0_0
Compiling module xil_defaultlib.instr_retire_mux
Compiling module xil_defaultlib.RiscV_BD_instr_retire_mux_0_0
Compiling module xil_defaultlib.load_extend
Compiling module xil_defaultlib.RiscV_BD_load_extend_0_0
Compiling module xil_defaultlib.mul_fsm
Compiling module xil_defaultlib.RiscV_BD_mul_fsm_0_0
Compiling module xil_defaultlib.or_gate
Compiling module xil_defaultlib.RiscV_BD_or_gate_1_0
Compiling module xil_defaultlib.pc
Compiling module xil_defaultlib.RiscV_BD_pc_0_0
Compiling module xil_defaultlib.register_file
Compiling module xil_defaultlib.RiscV_BD_register_file_0_0
Compiling module xil_defaultlib.RiscV_BD
Compiling module xil_defaultlib.RiscV_BD_wrapper
Compiling module xil_defaultlib.RiscV_BD_wrapper_tb
Compiling module xil_defaultlib.glbl
Built simulation snapshot RiscV_BD_wrapper_tb_behav
run_program: Time (s): cpu = 00:00:00 ; elapsed = 00:00:10 . Memory (MB): peak = 1674.523 ; gain = 0.000
INFO: [USF-XSim-69] 'elaborate' step finished in '9' seconds
INFO: [USF-XSim-4] XSim::Simulate design
INFO: [USF-XSim-61] Executing 'SIMULATE' step in 'C:/Users/jaswa/VLSI_LAB/Course Project/FINAL_TEST2/FINAL_TEST2.sim/sim_1/behav/xsim'
INFO: [USF-XSim-98] *** Running xsim
   with args "RiscV_BD_wrapper_tb_behav -key {Behavioral:sim_1:Functional:RiscV_BD_wrapper_tb} -tclbatch {RiscV_BD_wrapper_tb.tcl} -protoinst "protoinst_files/RiscV_BD.protoinst" -view {{C:/Users/jaswa/VLSI_LAB/Course Project/FINAL_TEST2/FINAL_TEST2.srcs/sim_1/imports/VLSI_RISC_V_IM/RiscV_BD_wrapper_tb_behav.wcfg}} -log {simulate.log}"
INFO: [USF-XSim-8] Loading simulator feature
Vivado Simulator 2020.2
INFO: [Wavedata 42-565] Reading protoinst file protoinst_files/RiscV_BD.protoinst
Time resolution is 1 ps
open_wave_config {C:/Users/jaswa/VLSI_LAB/Course Project/FINAL_TEST2/FINAL_TEST2.srcs/sim_1/imports/VLSI_RISC_V_IM/RiscV_BD_wrapper_tb_behav.wcfg}
WARNING: Simulation object /RiscV_BD_wrapper_tb/uut/RiscV_BD_i/blk_mem_gen_0/rsta was not found in the design.
source RiscV_BD_wrapper_tb.tcl
# set curr_wave [current_wave_config]
# if { [string length $curr_wave] == 0 } {
#   if { [llength [get_objects]] > 0} {
#     add_wave /
#     set_property needs_save false [current_wave_config]
#   } else {
#      send_msg_id Add_Wave-1 WARNING "No top level signals found. Simulator will start without a wave window. If you want to open a wave window go to 'File->New Waveform Configuration' or type 'create_wave_config' in the TCL console."
#   }
# }
# run 1000ns
 Block Memory Generator module loading initial data...
 Block Memory Generator data initialization complete.
Block Memory Generator module RiscV_BD_wrapper_tb.uut.RiscV_BD_i.blk_mem_gen_0.inst.\native_mem_mapped_module.blk_mem_gen_v8_4_4_inst  is using a behavioral model for simulation which will not precisely model memory collision behavior.
 Block Memory Generator module loading initial data...
 Block Memory Generator data initialization complete.
Block Memory Generator module RiscV_BD_wrapper_tb.uut.RiscV_BD_i.blk_mem_gen_1.inst.\native_mem_mapped_module.blk_mem_gen_v8_4_4_inst  is using a behavioral model for simulation which will not precisely model memory collision behavior.
Simulation complete.
$finish called at time : 2115 ps : File "C:/Users/jaswa/VLSI_LAB/Course Project/FINAL_TEST2/FINAL_TEST2.srcs/sim_1/new/RiscV_BD_wrapper_tb.v" Line 35
xsim: Time (s): cpu = 00:00:05 ; elapsed = 00:00:06 . Memory (MB): peak = 1674.523 ; gain = 0.000
INFO: [USF-XSim-96] XSim completed. Design snapshot 'RiscV_BD_wrapper_tb_behav' loaded.
INFO: [USF-XSim-97] XSim simulation ran for 1000ns
launch_simulation: Time (s): cpu = 00:00:06 ; elapsed = 00:00:24 . Memory (MB): peak = 1674.523 ; gain = 0.000
close_sim
INFO: [Simtcl 6-16] Simulation closed
launch_simulation
Command: launch_simulation 
INFO: [Vivado 12-5682] Launching behavioral simulation in 'C:/Users/jaswa/VLSI_LAB/Course Project/FINAL_TEST2/FINAL_TEST2.sim/sim_1/behav/xsim'
INFO: [Vivado 12-4795] Using compiled simulation libraries for IPs
INFO: [SIM-utils-51] Simulation object is 'sim_1'
INFO: [USF-XSim-7] Finding pre-compiled libraries...
INFO: [USF-XSim-11] File 'C:/Xilinx/Vivado/2020.2/data/xsim/xsim.ini' copied to run dir:'C:/Users/jaswa/VLSI_LAB/Course Project/FINAL_TEST2/FINAL_TEST2.sim/sim_1/behav/xsim'
INFO: [SIM-utils-54] Inspecting design source files for 'RiscV_BD_wrapper_tb' in fileset 'sim_1'...
INFO: [SIM-utils-43] Exported 'C:/Users/jaswa/VLSI_LAB/Course Project/FINAL_TEST2/FINAL_TEST2.sim/sim_1/behav/xsim/instruction_memory.coe'
INFO: [SIM-utils-43] Exported 'C:/Users/jaswa/VLSI_LAB/Course Project/FINAL_TEST2/FINAL_TEST2.sim/sim_1/behav/xsim/RiscV_BD_blk_mem_gen_0_0.mif'
INFO: [SIM-utils-43] Exported 'C:/Users/jaswa/VLSI_LAB/Course Project/FINAL_TEST2/FINAL_TEST2.sim/sim_1/behav/xsim/data_memory.coe'
INFO: [SIM-utils-43] Exported 'C:/Users/jaswa/VLSI_LAB/Course Project/FINAL_TEST2/FINAL_TEST2.sim/sim_1/behav/xsim/RiscV_BD_blk_mem_gen_1_0.mif'
INFO: [SIM-utils-43] Exported 'C:/Users/jaswa/VLSI_LAB/Course Project/FINAL_TEST2/FINAL_TEST2.sim/sim_1/behav/xsim/instruction_memory.coe'
INFO: [USF-XSim-97] Finding global include files...
INFO: [USF-XSim-98] Fetching design files from 'sim_1'...
INFO: [USF-XSim-2] XSim::Compile design
INFO: [USF-XSim-61] Executing 'COMPILE and ANALYZE' step in 'C:/Users/jaswa/VLSI_LAB/Course Project/FINAL_TEST2/FINAL_TEST2.sim/sim_1/behav/xsim'
"xvlog --incr --relax -prj RiscV_BD_wrapper_tb_vlog.prj"
INFO: [VRFC 10-2263] Analyzing Verilog file "C:/Users/jaswa/VLSI_LAB/Course Project/FINAL_TEST2/FINAL_TEST2.srcs/sources_1/imports/sources_1/imports/new/Booth_PP.v" into library xil_defaultlib
INFO: [VRFC 10-311] analyzing module Booth_PP_FM
INFO: [VRFC 10-2263] Analyzing Verilog file "C:/Users/jaswa/VLSI_LAB/Course Project/FINAL_TEST2/FINAL_TEST2.srcs/sources_1/imports/new/Dadda_tree.v" into library xil_defaultlib
INFO: [VRFC 10-311] analyzing module Dadda_tree
INFO: [VRFC 10-2263] Analyzing Verilog file "C:/Users/jaswa/VLSI_LAB/Course Project/FINAL_TEST2/FINAL_TEST2.srcs/sources_1/imports/new/Q16_16.v" into library xil_defaultlib
INFO: [VRFC 10-311] analyzing module Q16_16_Mult
INFO: [VRFC 10-2263] Analyzing Verilog file "C:/Users/jaswa/VLSI_LAB/Course Project/FINAL_TEST2/FINAL_TEST2.srcs/sources_1/imports/COURSE PRPJECT/Decode/reg_file.v" into library xil_defaultlib
INFO: [VRFC 10-311] analyzing module register_file
INFO: [VRFC 10-2263] Analyzing Verilog file "C:/Users/jaswa/VLSI_LAB/Course Project/FINAL_TEST2/FINAL_TEST2.srcs/sources_1/imports/COURSE PRPJECT/Decode/imm_extend.v" into library xil_defaultlib
INFO: [VRFC 10-311] analyzing module imm_extend
INFO: [VRFC 10-2263] Analyzing Verilog file "C:/Users/jaswa/VLSI_LAB/Course Project/FINAL_TEST2/FINAL_TEST2.srcs/sources_1/imports/codes/min_csr.v" into library xil_defaultlib
INFO: [VRFC 10-311] analyzing module csr
INFO: [VRFC 10-2263] Analyzing Verilog file "C:/Users/jaswa/VLSI_LAB/Course Project/FINAL_TEST2/FINAL_TEST2.srcs/sources_1/imports/codes/controller.v" into library xil_defaultlib
INFO: [VRFC 10-311] analyzing module controller
INFO: [VRFC 10-2263] Analyzing Verilog file "C:/Users/jaswa/VLSI_LAB/Course Project/FINAL_TEST2/FINAL_TEST2.srcs/sources_1/imports/codes/alu_fixed_point_mux.v" into library xil_defaultlib
INFO: [VRFC 10-311] analyzing module alu_fixed_point_mux
INFO: [VRFC 10-2263] Analyzing Verilog file "C:/Users/jaswa/VLSI_LAB/Course Project/FINAL_TEST2/FINAL_TEST2.srcs/sources_1/imports/codes/csr_mux.v" into library xil_defaultlib
INFO: [VRFC 10-311] analyzing module csr_mux
INFO: [VRFC 10-2263] Analyzing Verilog file "C:/Users/jaswa/VLSI_LAB/Course Project/FINAL_TEST2/FINAL_TEST2.srcs/sources_1/imports/codes/forwarding_mux.v" into library xil_defaultlib
INFO: [VRFC 10-311] analyzing module forwarding_mux
INFO: [VRFC 10-2263] Analyzing Verilog file "C:/Users/jaswa/VLSI_LAB/Course Project/FINAL_TEST2/FINAL_TEST2.srcs/sources_1/imports/codes/alu_muxes.v" into library xil_defaultlib
INFO: [VRFC 10-311] analyzing module alu_muxes
INFO: [VRFC 10-2458] undeclared symbol alu_op, assumed default net type wire [C:/Users/jaswa/VLSI_LAB/Course Project/FINAL_TEST2/FINAL_TEST2.srcs/sources_1/imports/codes/alu_muxes.v:49]
INFO: [VRFC 10-2263] Analyzing Verilog file "C:/Users/jaswa/VLSI_LAB/Course Project/FINAL_TEST2/FINAL_TEST2.srcs/sources_1/imports/codes/branch_fsm.v" into library xil_defaultlib
INFO: [VRFC 10-311] analyzing module branch_fsm
INFO: [VRFC 10-2263] Analyzing Verilog file "C:/Users/jaswa/VLSI_LAB/Course Project/FINAL_TEST2/FINAL_TEST2.srcs/sources_1/imports/codes/mul_fsm.v" into library xil_defaultlib
INFO: [VRFC 10-311] analyzing module mul_fsm
INFO: [VRFC 10-2263] Analyzing Verilog file "C:/Users/jaswa/VLSI_LAB/Course Project/FINAL_TEST2/FINAL_TEST2.srcs/sources_1/new/EX_MA_PR.v" into library xil_defaultlib
INFO: [VRFC 10-311] analyzing module EX_MA_PR
INFO: [VRFC 10-2263] Analyzing Verilog file "C:/Users/jaswa/VLSI_LAB/Course Project/FINAL_TEST2/FINAL_TEST2.srcs/sources_1/new/MA_WB_PR.v" into library xil_defaultlib
INFO: [VRFC 10-311] analyzing module MA_WB_PR
INFO: [VRFC 10-2263] Analyzing Verilog file "C:/Users/jaswa/VLSI_LAB/Course Project/FINAL_TEST2/FINAL_TEST2.srcs/sources_1/imports/codes/load_extend.v" into library xil_defaultlib
INFO: [VRFC 10-311] analyzing module load_extend
INFO: [VRFC 10-2263] Analyzing Verilog file "C:/Users/jaswa/VLSI_LAB/Course Project/FINAL_TEST2/FINAL_TEST2.srcs/sources_1/new/Write_back_Mux.v" into library xil_defaultlib
INFO: [VRFC 10-311] analyzing module Write_back_Mux
INFO: [VRFC 10-2263] Analyzing Verilog file "C:/Users/jaswa/VLSI_LAB/Course Project/FINAL_TEST2/FINAL_TEST2.srcs/sources_1/new/combinational.v" into library xil_defaultlib
INFO: [VRFC 10-311] analyzing module combinational
INFO: [VRFC 10-2263] Analyzing Verilog file "C:/Users/jaswa/VLSI_LAB/Course Project/FINAL_TEST2/FINAL_TEST2.srcs/sources_1/imports/codes/inst_retire_mux.v" into library xil_defaultlib
INFO: [VRFC 10-311] analyzing module instr_retire_mux
INFO: [VRFC 10-2263] Analyzing Verilog file "C:/Users/jaswa/VLSI_LAB/Course Project/FINAL_TEST2/FINAL_TEST2.srcs/sources_1/new/concat_2to1.v" into library xil_defaultlib
INFO: [VRFC 10-311] analyzing module concat_2to1
INFO: [VRFC 10-2263] Analyzing Verilog file "C:/Users/jaswa/VLSI_LAB/Course Project/FINAL_TEST2/FINAL_TEST2.srcs/sources_1/new/hazard_unit.v" into library xil_defaultlib
INFO: [VRFC 10-311] analyzing module hazard_unit
INFO: [VRFC 10-2263] Analyzing Verilog file "C:/Users/jaswa/VLSI_LAB/Course Project/FINAL_TEST2/FINAL_TEST2.srcs/sources_1/imports/DESIGN LAB/pc.v" into library xil_defaultlib
INFO: [VRFC 10-311] analyzing module pc
INFO: [VRFC 10-2263] Analyzing Verilog file "C:/Users/jaswa/VLSI_LAB/Course Project/FINAL_TEST2/FINAL_TEST2.srcs/sources_1/new/ID_EX_PR.v" into library xil_defaultlib
INFO: [VRFC 10-311] analyzing module ID_EX_PR
INFO: [VRFC 10-2263] Analyzing Verilog file "C:/Users/jaswa/VLSI_LAB/Course Project/FINAL_TEST2/FINAL_TEST2.srcs/sources_1/imports/new/Booth_PP.v" into library xil_defaultlib
INFO: [VRFC 10-311] analyzing module Booth_PP
INFO: [VRFC 10-2263] Analyzing Verilog file "C:/Users/jaswa/VLSI_LAB/Course Project/FINAL_TEST2/FINAL_TEST2.srcs/sources_1/imports/sources_1/imports/new/Dadda_Stage_1.v" into library xil_defaultlib
INFO: [VRFC 10-311] analyzing module Dadda_stage1
INFO: [VRFC 10-2263] Analyzing Verilog file "C:/Users/jaswa/VLSI_LAB/Course Project/FINAL_TEST2/FINAL_TEST2.srcs/sources_1/imports/sources_1/imports/new/Dadda_stage_2.v" into library xil_defaultlib
INFO: [VRFC 10-311] analyzing module Dadda_stage2
INFO: [VRFC 10-2263] Analyzing Verilog file "C:/Users/jaswa/VLSI_LAB/Course Project/FINAL_TEST2/FINAL_TEST2.srcs/sources_1/imports/sources_1/imports/new/mul_top.v" into library xil_defaultlib
INFO: [VRFC 10-311] analyzing module mul_top
INFO: [VRFC 10-2263] Analyzing Verilog file "C:/Users/jaswa/VLSI_LAB/Course Project/FINAL_TEST2/FINAL_TEST2.srcs/sources_1/imports/sources_1/new/ALU_OPER.v" into library xil_defaultlib
INFO: [VRFC 10-311] analyzing module ALU_OPER
INFO: [VRFC 10-2263] Analyzing Verilog file "C:/Users/jaswa/VLSI_LAB/Course Project/FINAL_TEST2/FINAL_TEST2.srcs/sources_1/new/IF_ID_PR.v" into library xil_defaultlib
INFO: [VRFC 10-311] analyzing module IF_ID_PR
INFO: [VRFC 10-2263] Analyzing Verilog file "C:/Users/jaswa/VLSI_LAB/Course Project/FINAL_TEST2/FINAL_TEST2.srcs/sources_1/new/OR_gate.v" into library xil_defaultlib
INFO: [VRFC 10-311] analyzing module or_gate
INFO: [VRFC 10-2263] Analyzing Verilog file "C:/Users/jaswa/VLSI_LAB/Course Project/FINAL_TEST2/FINAL_TEST2.ip_user_files/bd/RiscV_BD/ip/RiscV_BD_Q16_16_Mult_0_0/sim/RiscV_BD_Q16_16_Mult_0_0.v" into library xil_defaultlib
INFO: [VRFC 10-311] analyzing module RiscV_BD_Q16_16_Mult_0_0
INFO: [VRFC 10-2263] Analyzing Verilog file "C:/Users/jaswa/VLSI_LAB/Course Project/FINAL_TEST2/FINAL_TEST2.ip_user_files/bd/RiscV_BD/ip/RiscV_BD_register_file_0_0/sim/RiscV_BD_register_file_0_0.v" into library xil_defaultlib
INFO: [VRFC 10-311] analyzing module RiscV_BD_register_file_0_0
INFO: [VRFC 10-2263] Analyzing Verilog file "C:/Users/jaswa/VLSI_LAB/Course Project/FINAL_TEST2/FINAL_TEST2.ip_user_files/bd/RiscV_BD/ip/RiscV_BD_imm_extend_0_0/sim/RiscV_BD_imm_extend_0_0.v" into library xil_defaultlib
INFO: [VRFC 10-311] analyzing module RiscV_BD_imm_extend_0_0
INFO: [VRFC 10-2263] Analyzing Verilog file "C:/Users/jaswa/VLSI_LAB/Course Project/FINAL_TEST2/FINAL_TEST2.ip_user_files/bd/RiscV_BD/ip/RiscV_BD_csr_0_0/sim/RiscV_BD_csr_0_0.v" into library xil_defaultlib
INFO: [VRFC 10-311] analyzing module RiscV_BD_csr_0_0
INFO: [VRFC 10-2263] Analyzing Verilog file "C:/Users/jaswa/VLSI_LAB/Course Project/FINAL_TEST2/FINAL_TEST2.ip_user_files/bd/RiscV_BD/ip/RiscV_BD_controller_0_0/sim/RiscV_BD_controller_0_0.v" into library xil_defaultlib
INFO: [VRFC 10-311] analyzing module RiscV_BD_controller_0_0
INFO: [VRFC 10-2263] Analyzing Verilog file "C:/Users/jaswa/VLSI_LAB/Course Project/FINAL_TEST2/FINAL_TEST2.ip_user_files/bd/RiscV_BD/ip/RiscV_BD_alu_fixed_point_mux_0_0/sim/RiscV_BD_alu_fixed_point_mux_0_0.v" into library xil_defaultlib
INFO: [VRFC 10-311] analyzing module RiscV_BD_alu_fixed_point_mux_0_0
INFO: [VRFC 10-2263] Analyzing Verilog file "C:/Users/jaswa/VLSI_LAB/Course Project/FINAL_TEST2/FINAL_TEST2.ip_user_files/bd/RiscV_BD/ip/RiscV_BD_csr_mux_0_0/sim/RiscV_BD_csr_mux_0_0.v" into library xil_defaultlib
INFO: [VRFC 10-311] analyzing module RiscV_BD_csr_mux_0_0
INFO: [VRFC 10-2263] Analyzing Verilog file "C:/Users/jaswa/VLSI_LAB/Course Project/FINAL_TEST2/FINAL_TEST2.ip_user_files/bd/RiscV_BD/ip/RiscV_BD_forwarding_mux_0_0/sim/RiscV_BD_forwarding_mux_0_0.v" into library xil_defaultlib
INFO: [VRFC 10-311] analyzing module RiscV_BD_forwarding_mux_0_0
INFO: [VRFC 10-2263] Analyzing Verilog file "C:/Users/jaswa/VLSI_LAB/Course Project/FINAL_TEST2/FINAL_TEST2.ip_user_files/bd/RiscV_BD/ip/RiscV_BD_alu_muxes_0_2/sim/RiscV_BD_alu_muxes_0_2.v" into library xil_defaultlib
INFO: [VRFC 10-311] analyzing module RiscV_BD_alu_muxes_0_2
INFO: [VRFC 10-2263] Analyzing Verilog file "C:/Users/jaswa/VLSI_LAB/Course Project/FINAL_TEST2/FINAL_TEST2.ip_user_files/bd/RiscV_BD/ip/RiscV_BD_branch_fsm_0_0/sim/RiscV_BD_branch_fsm_0_0.v" into library xil_defaultlib
INFO: [VRFC 10-311] analyzing module RiscV_BD_branch_fsm_0_0
INFO: [VRFC 10-2263] Analyzing Verilog file "C:/Users/jaswa/VLSI_LAB/Course Project/FINAL_TEST2/FINAL_TEST2.ip_user_files/bd/RiscV_BD/ip/RiscV_BD_mul_fsm_0_0/sim/RiscV_BD_mul_fsm_0_0.v" into library xil_defaultlib
INFO: [VRFC 10-311] analyzing module RiscV_BD_mul_fsm_0_0
INFO: [VRFC 10-2263] Analyzing Verilog file "C:/Users/jaswa/VLSI_LAB/Course Project/FINAL_TEST2/FINAL_TEST2.ip_user_files/bd/RiscV_BD/ip/RiscV_BD_EX_MA_PR_0_0/sim/RiscV_BD_EX_MA_PR_0_0.v" into library xil_defaultlib
INFO: [VRFC 10-311] analyzing module RiscV_BD_EX_MA_PR_0_0
INFO: [VRFC 10-2263] Analyzing Verilog file "C:/Users/jaswa/VLSI_LAB/Course Project/FINAL_TEST2/FINAL_TEST2.ip_user_files/bd/RiscV_BD/ip/RiscV_BD_MA_WB_PR_0_0/sim/RiscV_BD_MA_WB_PR_0_0.v" into library xil_defaultlib
INFO: [VRFC 10-311] analyzing module RiscV_BD_MA_WB_PR_0_0
INFO: [VRFC 10-2263] Analyzing Verilog file "C:/Users/jaswa/VLSI_LAB/Course Project/FINAL_TEST2/FINAL_TEST2.ip_user_files/bd/RiscV_BD/ip/RiscV_BD_load_extend_0_0/sim/RiscV_BD_load_extend_0_0.v" into library xil_defaultlib
INFO: [VRFC 10-311] analyzing module RiscV_BD_load_extend_0_0
INFO: [VRFC 10-2263] Analyzing Verilog file "C:/Users/jaswa/VLSI_LAB/Course Project/FINAL_TEST2/FINAL_TEST2.ip_user_files/bd/RiscV_BD/ip/RiscV_BD_Write_back_Mux_0_0/sim/RiscV_BD_Write_back_Mux_0_0.v" into library xil_defaultlib
INFO: [VRFC 10-311] analyzing module RiscV_BD_Write_back_Mux_0_0
INFO: [VRFC 10-2263] Analyzing Verilog file "C:/Users/jaswa/VLSI_LAB/Course Project/FINAL_TEST2/FINAL_TEST2.ip_user_files/bd/RiscV_BD/ip/RiscV_BD_combinational_0_0/sim/RiscV_BD_combinational_0_0.v" into library xil_defaultlib
INFO: [VRFC 10-311] analyzing module RiscV_BD_combinational_0_0
INFO: [VRFC 10-2263] Analyzing Verilog file "C:/Users/jaswa/VLSI_LAB/Course Project/FINAL_TEST2/FINAL_TEST2.ip_user_files/bd/RiscV_BD/ip/RiscV_BD_instr_retire_mux_0_0/sim/RiscV_BD_instr_retire_mux_0_0.v" into library xil_defaultlib
INFO: [VRFC 10-311] analyzing module RiscV_BD_instr_retire_mux_0_0
INFO: [VRFC 10-2263] Analyzing Verilog file "C:/Users/jaswa/VLSI_LAB/Course Project/FINAL_TEST2/FINAL_TEST2.ip_user_files/bd/RiscV_BD/ip/RiscV_BD_blk_mem_gen_0_0/sim/RiscV_BD_blk_mem_gen_0_0.v" into library xil_defaultlib
INFO: [VRFC 10-311] analyzing module RiscV_BD_blk_mem_gen_0_0
INFO: [VRFC 10-2263] Analyzing Verilog file "C:/Users/jaswa/VLSI_LAB/Course Project/FINAL_TEST2/FINAL_TEST2.ip_user_files/bd/RiscV_BD/ip/RiscV_BD_blk_mem_gen_1_0/sim/RiscV_BD_blk_mem_gen_1_0.v" into library xil_defaultlib
INFO: [VRFC 10-311] analyzing module RiscV_BD_blk_mem_gen_1_0
INFO: [VRFC 10-2263] Analyzing Verilog file "C:/Users/jaswa/VLSI_LAB/Course Project/FINAL_TEST2/FINAL_TEST2.ip_user_files/bd/RiscV_BD/ip/RiscV_BD_concat_2to1_0_0/sim/RiscV_BD_concat_2to1_0_0.v" into library xil_defaultlib
INFO: [VRFC 10-311] analyzing module RiscV_BD_concat_2to1_0_0
INFO: [VRFC 10-2263] Analyzing Verilog file "C:/Users/jaswa/VLSI_LAB/Course Project/FINAL_TEST2/FINAL_TEST2.ip_user_files/bd/RiscV_BD/ip/RiscV_BD_concat_2to1_1_0/sim/RiscV_BD_concat_2to1_1_0.v" into library xil_defaultlib
INFO: [VRFC 10-311] analyzing module RiscV_BD_concat_2to1_1_0
INFO: [VRFC 10-2263] Analyzing Verilog file "C:/Users/jaswa/VLSI_LAB/Course Project/FINAL_TEST2/FINAL_TEST2.ip_user_files/bd/RiscV_BD/ip/RiscV_BD_hazard_unit_0_0/sim/RiscV_BD_hazard_unit_0_0.v" into library xil_defaultlib
INFO: [VRFC 10-311] analyzing module RiscV_BD_hazard_unit_0_0
INFO: [VRFC 10-2263] Analyzing Verilog file "C:/Users/jaswa/VLSI_LAB/Course Project/FINAL_TEST2/FINAL_TEST2.ip_user_files/bd/RiscV_BD/ip/RiscV_BD_pc_0_0/sim/RiscV_BD_pc_0_0.v" into library xil_defaultlib
INFO: [VRFC 10-311] analyzing module RiscV_BD_pc_0_0
INFO: [VRFC 10-2263] Analyzing Verilog file "C:/Users/jaswa/VLSI_LAB/Course Project/FINAL_TEST2/FINAL_TEST2.ip_user_files/bd/RiscV_BD/ip/RiscV_BD_concat_2to1_2_0/sim/RiscV_BD_concat_2to1_2_0.v" into library xil_defaultlib
INFO: [VRFC 10-311] analyzing module RiscV_BD_concat_2to1_2_0
INFO: [VRFC 10-2263] Analyzing Verilog file "C:/Users/jaswa/VLSI_LAB/Course Project/FINAL_TEST2/FINAL_TEST2.ip_user_files/bd/RiscV_BD/ip/RiscV_BD_ID_EX_PR_0_0/sim/RiscV_BD_ID_EX_PR_0_0.v" into library xil_defaultlib
INFO: [VRFC 10-311] analyzing module RiscV_BD_ID_EX_PR_0_0
INFO: [VRFC 10-2263] Analyzing Verilog file "C:/Users/jaswa/VLSI_LAB/Course Project/FINAL_TEST2/FINAL_TEST2.ip_user_files/bd/RiscV_BD/ip/RiscV_BD_ALU_OPER_0_0/sim/RiscV_BD_ALU_OPER_0_0.v" into library xil_defaultlib
INFO: [VRFC 10-311] analyzing module RiscV_BD_ALU_OPER_0_0
INFO: [VRFC 10-2263] Analyzing Verilog file "C:/Users/jaswa/VLSI_LAB/Course Project/FINAL_TEST2/FINAL_TEST2.ip_user_files/bd/RiscV_BD/ip/RiscV_BD_IF_ID_PR_0_0/sim/RiscV_BD_IF_ID_PR_0_0.v" into library xil_defaultlib
INFO: [VRFC 10-311] analyzing module RiscV_BD_IF_ID_PR_0_0
INFO: [VRFC 10-2263] Analyzing Verilog file "C:/Users/jaswa/VLSI_LAB/Course Project/FINAL_TEST2/FINAL_TEST2.ip_user_files/bd/RiscV_BD/ip/RiscV_BD_or_gate_1_0/sim/RiscV_BD_or_gate_1_0.v" into library xil_defaultlib
INFO: [VRFC 10-311] analyzing module RiscV_BD_or_gate_1_0
INFO: [VRFC 10-2263] Analyzing Verilog file "C:/Users/jaswa/VLSI_LAB/Course Project/FINAL_TEST2/FINAL_TEST2.ip_user_files/bd/RiscV_BD/sim/RiscV_BD.v" into library xil_defaultlib
INFO: [VRFC 10-311] analyzing module RiscV_BD
INFO: [VRFC 10-2263] Analyzing Verilog file "C:/Users/jaswa/VLSI_LAB/Course Project/FINAL_TEST2/FINAL_TEST2.gen/sources_1/bd/RiscV_BD/hdl/RiscV_BD_wrapper.v" into library xil_defaultlib
INFO: [VRFC 10-311] analyzing module RiscV_BD_wrapper
INFO: [VRFC 10-2263] Analyzing Verilog file "C:/Users/jaswa/VLSI_LAB/Course Project/FINAL_TEST2/FINAL_TEST2.srcs/sim_1/new/RiscV_BD_wrapper_tb.v" into library xil_defaultlib
INFO: [VRFC 10-311] analyzing module RiscV_BD_wrapper_tb
run_program: Time (s): cpu = 00:00:00 ; elapsed = 00:00:07 . Memory (MB): peak = 1680.203 ; gain = 0.000
INFO: [USF-XSim-69] 'compile' step finished in '7' seconds
INFO: [USF-XSim-3] XSim::Elaborate design
INFO: [USF-XSim-61] Executing 'ELABORATE' step in 'C:/Users/jaswa/VLSI_LAB/Course Project/FINAL_TEST2/FINAL_TEST2.sim/sim_1/behav/xsim'
"xelab -wto 825d914d5bae4902b22375897d789401 --incr --debug typical --relax --mt 2 -L xil_defaultlib -L blk_mem_gen_v8_4_4 -L unisims_ver -L unimacro_ver -L secureip -L xpm --snapshot RiscV_BD_wrapper_tb_behav xil_defaultlib.RiscV_BD_wrapper_tb xil_defaultlib.glbl -log elaborate.log"
Vivado Simulator 2020.2
Copyright 1986-1999, 2001-2020 Xilinx, Inc. All Rights Reserved.
Running: C:/Xilinx/Vivado/2020.2/bin/unwrapped/win64.o/xelab.exe -wto 825d914d5bae4902b22375897d789401 --incr --debug typical --relax --mt 2 -L xil_defaultlib -L blk_mem_gen_v8_4_4 -L unisims_ver -L unimacro_ver -L secureip -L xpm --snapshot RiscV_BD_wrapper_tb_behav xil_defaultlib.RiscV_BD_wrapper_tb xil_defaultlib.glbl -log elaborate.log 
Using 2 slave threads.
Starting static elaboration
Pass Through NonSizing Optimizer
Completed static elaboration
Starting simulation data flow analysis
Completed simulation data flow analysis
Time Resolution for simulation is 1ps
Compiling module xil_defaultlib.Booth_PP
Compiling module xil_defaultlib.Dadda_stage1
Compiling module xil_defaultlib.Dadda_stage2
Compiling module xil_defaultlib.mul_top
Compiling module xil_defaultlib.ALU_OPER
Compiling module xil_defaultlib.RiscV_BD_ALU_OPER_0_0
Compiling module xil_defaultlib.EX_MA_PR
Compiling module xil_defaultlib.RiscV_BD_EX_MA_PR_0_0
Compiling module xil_defaultlib.ID_EX_PR
Compiling module xil_defaultlib.RiscV_BD_ID_EX_PR_0_0
Compiling module xil_defaultlib.IF_ID_PR
Compiling module xil_defaultlib.RiscV_BD_IF_ID_PR_0_0
Compiling module xil_defaultlib.MA_WB_PR
Compiling module xil_defaultlib.RiscV_BD_MA_WB_PR_0_0
Compiling module xil_defaultlib.Booth_PP_FM
Compiling module xil_defaultlib.Dadda_tree
Compiling module xil_defaultlib.Q16_16_Mult
Compiling module xil_defaultlib.RiscV_BD_Q16_16_Mult_0_0
Compiling module xil_defaultlib.Write_back_Mux
Compiling module xil_defaultlib.RiscV_BD_Write_back_Mux_0_0
Compiling module xil_defaultlib.alu_fixed_point_mux
Compiling module xil_defaultlib.RiscV_BD_alu_fixed_point_mux_0_0
Compiling module xil_defaultlib.alu_muxes
Compiling module xil_defaultlib.RiscV_BD_alu_muxes_0_2
Compiling module blk_mem_gen_v8_4_4.blk_mem_gen_v8_4_4_output_stage(...
Compiling module blk_mem_gen_v8_4_4.blk_mem_gen_v8_4_4_softecc_outpu...
Compiling module blk_mem_gen_v8_4_4.blk_mem_gen_v8_4_4_mem_module(C_...
Compiling module blk_mem_gen_v8_4_4.blk_mem_gen_v8_4_4(C_FAMILY="zyn...
Compiling module xil_defaultlib.RiscV_BD_blk_mem_gen_0_0
Compiling module blk_mem_gen_v8_4_4.blk_mem_gen_v8_4_4_mem_module(C_...
Compiling module blk_mem_gen_v8_4_4.blk_mem_gen_v8_4_4(C_FAMILY="zyn...
Compiling module xil_defaultlib.RiscV_BD_blk_mem_gen_1_0
Compiling module xil_defaultlib.branch_fsm
Compiling module xil_defaultlib.RiscV_BD_branch_fsm_0_0
Compiling module xil_defaultlib.combinational
Compiling module xil_defaultlib.RiscV_BD_combinational_0_0
Compiling module xil_defaultlib.concat_2to1
Compiling module xil_defaultlib.RiscV_BD_concat_2to1_0_0
Compiling module xil_defaultlib.RiscV_BD_concat_2to1_1_0
Compiling module xil_defaultlib.RiscV_BD_concat_2to1_2_0
Compiling module xil_defaultlib.controller
Compiling module xil_defaultlib.RiscV_BD_controller_0_0
Compiling module xil_defaultlib.csr
Compiling module xil_defaultlib.RiscV_BD_csr_0_0
Compiling module xil_defaultlib.csr_mux
Compiling module xil_defaultlib.RiscV_BD_csr_mux_0_0
Compiling module xil_defaultlib.forwarding_mux
Compiling module xil_defaultlib.RiscV_BD_forwarding_mux_0_0
Compiling module xil_defaultlib.hazard_unit
Compiling module xil_defaultlib.RiscV_BD_hazard_unit_0_0
Compiling module xil_defaultlib.imm_extend
Compiling module xil_defaultlib.RiscV_BD_imm_extend_0_0
Compiling module xil_defaultlib.instr_retire_mux
Compiling module xil_defaultlib.RiscV_BD_instr_retire_mux_0_0
Compiling module xil_defaultlib.load_extend
Compiling module xil_defaultlib.RiscV_BD_load_extend_0_0
Compiling module xil_defaultlib.mul_fsm
Compiling module xil_defaultlib.RiscV_BD_mul_fsm_0_0
Compiling module xil_defaultlib.or_gate
Compiling module xil_defaultlib.RiscV_BD_or_gate_1_0
Compiling module xil_defaultlib.pc
Compiling module xil_defaultlib.RiscV_BD_pc_0_0
Compiling module xil_defaultlib.register_file
Compiling module xil_defaultlib.RiscV_BD_register_file_0_0
Compiling module xil_defaultlib.RiscV_BD
Compiling module xil_defaultlib.RiscV_BD_wrapper
Compiling module xil_defaultlib.RiscV_BD_wrapper_tb
Compiling module xil_defaultlib.glbl
Built simulation snapshot RiscV_BD_wrapper_tb_behav
run_program: Time (s): cpu = 00:00:01 ; elapsed = 00:00:10 . Memory (MB): peak = 1680.203 ; gain = 0.000
INFO: [USF-XSim-69] 'elaborate' step finished in '10' seconds
INFO: [USF-XSim-4] XSim::Simulate design
INFO: [USF-XSim-61] Executing 'SIMULATE' step in 'C:/Users/jaswa/VLSI_LAB/Course Project/FINAL_TEST2/FINAL_TEST2.sim/sim_1/behav/xsim'
INFO: [USF-XSim-98] *** Running xsim
   with args "RiscV_BD_wrapper_tb_behav -key {Behavioral:sim_1:Functional:RiscV_BD_wrapper_tb} -tclbatch {RiscV_BD_wrapper_tb.tcl} -protoinst "protoinst_files/RiscV_BD.protoinst" -view {{C:/Users/jaswa/VLSI_LAB/Course Project/FINAL_TEST2/FINAL_TEST2.srcs/sim_1/imports/VLSI_RISC_V_IM/RiscV_BD_wrapper_tb_behav.wcfg}} -log {simulate.log}"
INFO: [USF-XSim-8] Loading simulator feature
Vivado Simulator 2020.2
INFO: [Wavedata 42-565] Reading protoinst file protoinst_files/RiscV_BD.protoinst
Time resolution is 1 ps
open_wave_config {C:/Users/jaswa/VLSI_LAB/Course Project/FINAL_TEST2/FINAL_TEST2.srcs/sim_1/imports/VLSI_RISC_V_IM/RiscV_BD_wrapper_tb_behav.wcfg}
WARNING: Simulation object /RiscV_BD_wrapper_tb/uut/RiscV_BD_i/blk_mem_gen_0/rsta was not found in the design.
source RiscV_BD_wrapper_tb.tcl
# set curr_wave [current_wave_config]
# if { [string length $curr_wave] == 0 } {
#   if { [llength [get_objects]] > 0} {
#     add_wave /
#     set_property needs_save false [current_wave_config]
#   } else {
#      send_msg_id Add_Wave-1 WARNING "No top level signals found. Simulator will start without a wave window. If you want to open a wave window go to 'File->New Waveform Configuration' or type 'create_wave_config' in the TCL console."
#   }
# }
# run 1000ns
 Block Memory Generator module loading initial data...
 Block Memory Generator data initialization complete.
Block Memory Generator module RiscV_BD_wrapper_tb.uut.RiscV_BD_i.blk_mem_gen_0.inst.\native_mem_mapped_module.blk_mem_gen_v8_4_4_inst  is using a behavioral model for simulation which will not precisely model memory collision behavior.
 Block Memory Generator module loading initial data...
 Block Memory Generator data initialization complete.
Block Memory Generator module RiscV_BD_wrapper_tb.uut.RiscV_BD_i.blk_mem_gen_1.inst.\native_mem_mapped_module.blk_mem_gen_v8_4_4_inst  is using a behavioral model for simulation which will not precisely model memory collision behavior.
Simulation complete.
$finish called at time : 2115 ps : File "C:/Users/jaswa/VLSI_LAB/Course Project/FINAL_TEST2/FINAL_TEST2.srcs/sim_1/new/RiscV_BD_wrapper_tb.v" Line 35
xsim: Time (s): cpu = 00:00:04 ; elapsed = 00:00:06 . Memory (MB): peak = 1687.137 ; gain = 6.934
INFO: [USF-XSim-96] XSim completed. Design snapshot 'RiscV_BD_wrapper_tb_behav' loaded.
INFO: [USF-XSim-97] XSim simulation ran for 1000ns
launch_simulation: Time (s): cpu = 00:00:06 ; elapsed = 00:00:24 . Memory (MB): peak = 1687.137 ; gain = 6.934
run all
run: Time (s): cpu = 00:00:08 ; elapsed = 00:00:09 . Memory (MB): peak = 1687.137 ; gain = 0.000
close_sim
INFO: [Simtcl 6-16] Simulation closed
launch_simulation
Command: launch_simulation 
INFO: [Vivado 12-5682] Launching behavioral simulation in 'C:/Users/jaswa/VLSI_LAB/Course Project/FINAL_TEST2/FINAL_TEST2.sim/sim_1/behav/xsim'
INFO: [Vivado 12-4795] Using compiled simulation libraries for IPs
INFO: [SIM-utils-51] Simulation object is 'sim_1'
INFO: [USF-XSim-7] Finding pre-compiled libraries...
INFO: [USF-XSim-11] File 'C:/Xilinx/Vivado/2020.2/data/xsim/xsim.ini' copied to run dir:'C:/Users/jaswa/VLSI_LAB/Course Project/FINAL_TEST2/FINAL_TEST2.sim/sim_1/behav/xsim'
INFO: [SIM-utils-54] Inspecting design source files for 'RiscV_BD_wrapper_tb' in fileset 'sim_1'...
INFO: [SIM-utils-43] Exported 'C:/Users/jaswa/VLSI_LAB/Course Project/FINAL_TEST2/FINAL_TEST2.sim/sim_1/behav/xsim/instruction_memory.coe'
INFO: [SIM-utils-43] Exported 'C:/Users/jaswa/VLSI_LAB/Course Project/FINAL_TEST2/FINAL_TEST2.sim/sim_1/behav/xsim/RiscV_BD_blk_mem_gen_0_0.mif'
INFO: [SIM-utils-43] Exported 'C:/Users/jaswa/VLSI_LAB/Course Project/FINAL_TEST2/FINAL_TEST2.sim/sim_1/behav/xsim/data_memory.coe'
INFO: [SIM-utils-43] Exported 'C:/Users/jaswa/VLSI_LAB/Course Project/FINAL_TEST2/FINAL_TEST2.sim/sim_1/behav/xsim/RiscV_BD_blk_mem_gen_1_0.mif'
INFO: [SIM-utils-43] Exported 'C:/Users/jaswa/VLSI_LAB/Course Project/FINAL_TEST2/FINAL_TEST2.sim/sim_1/behav/xsim/instruction_memory.coe'
INFO: [USF-XSim-97] Finding global include files...
INFO: [USF-XSim-98] Fetching design files from 'sim_1'...
INFO: [USF-XSim-2] XSim::Compile design
INFO: [USF-XSim-61] Executing 'COMPILE and ANALYZE' step in 'C:/Users/jaswa/VLSI_LAB/Course Project/FINAL_TEST2/FINAL_TEST2.sim/sim_1/behav/xsim'
"xvlog --incr --relax -prj RiscV_BD_wrapper_tb_vlog.prj"
INFO: [VRFC 10-2263] Analyzing Verilog file "C:/Users/jaswa/VLSI_LAB/Course Project/FINAL_TEST2/FINAL_TEST2.srcs/sources_1/imports/sources_1/imports/new/Booth_PP.v" into library xil_defaultlib
INFO: [VRFC 10-311] analyzing module Booth_PP_FM
INFO: [VRFC 10-2263] Analyzing Verilog file "C:/Users/jaswa/VLSI_LAB/Course Project/FINAL_TEST2/FINAL_TEST2.srcs/sources_1/imports/new/Dadda_tree.v" into library xil_defaultlib
INFO: [VRFC 10-311] analyzing module Dadda_tree
INFO: [VRFC 10-2263] Analyzing Verilog file "C:/Users/jaswa/VLSI_LAB/Course Project/FINAL_TEST2/FINAL_TEST2.srcs/sources_1/imports/new/Q16_16.v" into library xil_defaultlib
INFO: [VRFC 10-311] analyzing module Q16_16_Mult
INFO: [VRFC 10-2263] Analyzing Verilog file "C:/Users/jaswa/VLSI_LAB/Course Project/FINAL_TEST2/FINAL_TEST2.srcs/sources_1/imports/COURSE PRPJECT/Decode/reg_file.v" into library xil_defaultlib
INFO: [VRFC 10-311] analyzing module register_file
INFO: [VRFC 10-2263] Analyzing Verilog file "C:/Users/jaswa/VLSI_LAB/Course Project/FINAL_TEST2/FINAL_TEST2.srcs/sources_1/imports/COURSE PRPJECT/Decode/imm_extend.v" into library xil_defaultlib
INFO: [VRFC 10-311] analyzing module imm_extend
INFO: [VRFC 10-2263] Analyzing Verilog file "C:/Users/jaswa/VLSI_LAB/Course Project/FINAL_TEST2/FINAL_TEST2.srcs/sources_1/imports/codes/min_csr.v" into library xil_defaultlib
INFO: [VRFC 10-311] analyzing module csr
INFO: [VRFC 10-2263] Analyzing Verilog file "C:/Users/jaswa/VLSI_LAB/Course Project/FINAL_TEST2/FINAL_TEST2.srcs/sources_1/imports/codes/controller.v" into library xil_defaultlib
INFO: [VRFC 10-311] analyzing module controller
INFO: [VRFC 10-2263] Analyzing Verilog file "C:/Users/jaswa/VLSI_LAB/Course Project/FINAL_TEST2/FINAL_TEST2.srcs/sources_1/imports/codes/alu_fixed_point_mux.v" into library xil_defaultlib
INFO: [VRFC 10-311] analyzing module alu_fixed_point_mux
INFO: [VRFC 10-2263] Analyzing Verilog file "C:/Users/jaswa/VLSI_LAB/Course Project/FINAL_TEST2/FINAL_TEST2.srcs/sources_1/imports/codes/csr_mux.v" into library xil_defaultlib
INFO: [VRFC 10-311] analyzing module csr_mux
INFO: [VRFC 10-2263] Analyzing Verilog file "C:/Users/jaswa/VLSI_LAB/Course Project/FINAL_TEST2/FINAL_TEST2.srcs/sources_1/imports/codes/forwarding_mux.v" into library xil_defaultlib
INFO: [VRFC 10-311] analyzing module forwarding_mux
INFO: [VRFC 10-2263] Analyzing Verilog file "C:/Users/jaswa/VLSI_LAB/Course Project/FINAL_TEST2/FINAL_TEST2.srcs/sources_1/imports/codes/alu_muxes.v" into library xil_defaultlib
INFO: [VRFC 10-311] analyzing module alu_muxes
INFO: [VRFC 10-2458] undeclared symbol alu_op, assumed default net type wire [C:/Users/jaswa/VLSI_LAB/Course Project/FINAL_TEST2/FINAL_TEST2.srcs/sources_1/imports/codes/alu_muxes.v:49]
INFO: [VRFC 10-2263] Analyzing Verilog file "C:/Users/jaswa/VLSI_LAB/Course Project/FINAL_TEST2/FINAL_TEST2.srcs/sources_1/imports/codes/branch_fsm.v" into library xil_defaultlib
INFO: [VRFC 10-311] analyzing module branch_fsm
INFO: [VRFC 10-2263] Analyzing Verilog file "C:/Users/jaswa/VLSI_LAB/Course Project/FINAL_TEST2/FINAL_TEST2.srcs/sources_1/imports/codes/mul_fsm.v" into library xil_defaultlib
INFO: [VRFC 10-311] analyzing module mul_fsm
INFO: [VRFC 10-2263] Analyzing Verilog file "C:/Users/jaswa/VLSI_LAB/Course Project/FINAL_TEST2/FINAL_TEST2.srcs/sources_1/new/EX_MA_PR.v" into library xil_defaultlib
INFO: [VRFC 10-311] analyzing module EX_MA_PR
INFO: [VRFC 10-2263] Analyzing Verilog file "C:/Users/jaswa/VLSI_LAB/Course Project/FINAL_TEST2/FINAL_TEST2.srcs/sources_1/new/MA_WB_PR.v" into library xil_defaultlib
INFO: [VRFC 10-311] analyzing module MA_WB_PR
INFO: [VRFC 10-2263] Analyzing Verilog file "C:/Users/jaswa/VLSI_LAB/Course Project/FINAL_TEST2/FINAL_TEST2.srcs/sources_1/imports/codes/load_extend.v" into library xil_defaultlib
INFO: [VRFC 10-311] analyzing module load_extend
INFO: [VRFC 10-2263] Analyzing Verilog file "C:/Users/jaswa/VLSI_LAB/Course Project/FINAL_TEST2/FINAL_TEST2.srcs/sources_1/new/Write_back_Mux.v" into library xil_defaultlib
INFO: [VRFC 10-311] analyzing module Write_back_Mux
INFO: [VRFC 10-2263] Analyzing Verilog file "C:/Users/jaswa/VLSI_LAB/Course Project/FINAL_TEST2/FINAL_TEST2.srcs/sources_1/new/combinational.v" into library xil_defaultlib
INFO: [VRFC 10-311] analyzing module combinational
INFO: [VRFC 10-2263] Analyzing Verilog file "C:/Users/jaswa/VLSI_LAB/Course Project/FINAL_TEST2/FINAL_TEST2.srcs/sources_1/imports/codes/inst_retire_mux.v" into library xil_defaultlib
INFO: [VRFC 10-311] analyzing module instr_retire_mux
INFO: [VRFC 10-2263] Analyzing Verilog file "C:/Users/jaswa/VLSI_LAB/Course Project/FINAL_TEST2/FINAL_TEST2.srcs/sources_1/new/concat_2to1.v" into library xil_defaultlib
INFO: [VRFC 10-311] analyzing module concat_2to1
INFO: [VRFC 10-2263] Analyzing Verilog file "C:/Users/jaswa/VLSI_LAB/Course Project/FINAL_TEST2/FINAL_TEST2.srcs/sources_1/new/hazard_unit.v" into library xil_defaultlib
INFO: [VRFC 10-311] analyzing module hazard_unit
INFO: [VRFC 10-2263] Analyzing Verilog file "C:/Users/jaswa/VLSI_LAB/Course Project/FINAL_TEST2/FINAL_TEST2.srcs/sources_1/imports/DESIGN LAB/pc.v" into library xil_defaultlib
INFO: [VRFC 10-311] analyzing module pc
INFO: [VRFC 10-2263] Analyzing Verilog file "C:/Users/jaswa/VLSI_LAB/Course Project/FINAL_TEST2/FINAL_TEST2.srcs/sources_1/new/ID_EX_PR.v" into library xil_defaultlib
INFO: [VRFC 10-311] analyzing module ID_EX_PR
INFO: [VRFC 10-2263] Analyzing Verilog file "C:/Users/jaswa/VLSI_LAB/Course Project/FINAL_TEST2/FINAL_TEST2.srcs/sources_1/imports/new/Booth_PP.v" into library xil_defaultlib
INFO: [VRFC 10-311] analyzing module Booth_PP
INFO: [VRFC 10-2263] Analyzing Verilog file "C:/Users/jaswa/VLSI_LAB/Course Project/FINAL_TEST2/FINAL_TEST2.srcs/sources_1/imports/sources_1/imports/new/Dadda_Stage_1.v" into library xil_defaultlib
INFO: [VRFC 10-311] analyzing module Dadda_stage1
INFO: [VRFC 10-2263] Analyzing Verilog file "C:/Users/jaswa/VLSI_LAB/Course Project/FINAL_TEST2/FINAL_TEST2.srcs/sources_1/imports/sources_1/imports/new/Dadda_stage_2.v" into library xil_defaultlib
INFO: [VRFC 10-311] analyzing module Dadda_stage2
INFO: [VRFC 10-2263] Analyzing Verilog file "C:/Users/jaswa/VLSI_LAB/Course Project/FINAL_TEST2/FINAL_TEST2.srcs/sources_1/imports/sources_1/imports/new/mul_top.v" into library xil_defaultlib
INFO: [VRFC 10-311] analyzing module mul_top
INFO: [VRFC 10-2263] Analyzing Verilog file "C:/Users/jaswa/VLSI_LAB/Course Project/FINAL_TEST2/FINAL_TEST2.srcs/sources_1/imports/sources_1/new/ALU_OPER.v" into library xil_defaultlib
INFO: [VRFC 10-311] analyzing module ALU_OPER
INFO: [VRFC 10-2263] Analyzing Verilog file "C:/Users/jaswa/VLSI_LAB/Course Project/FINAL_TEST2/FINAL_TEST2.srcs/sources_1/new/IF_ID_PR.v" into library xil_defaultlib
INFO: [VRFC 10-311] analyzing module IF_ID_PR
INFO: [VRFC 10-2263] Analyzing Verilog file "C:/Users/jaswa/VLSI_LAB/Course Project/FINAL_TEST2/FINAL_TEST2.srcs/sources_1/new/OR_gate.v" into library xil_defaultlib
INFO: [VRFC 10-311] analyzing module or_gate
INFO: [VRFC 10-2263] Analyzing Verilog file "C:/Users/jaswa/VLSI_LAB/Course Project/FINAL_TEST2/FINAL_TEST2.ip_user_files/bd/RiscV_BD/ip/RiscV_BD_Q16_16_Mult_0_0/sim/RiscV_BD_Q16_16_Mult_0_0.v" into library xil_defaultlib
INFO: [VRFC 10-311] analyzing module RiscV_BD_Q16_16_Mult_0_0
INFO: [VRFC 10-2263] Analyzing Verilog file "C:/Users/jaswa/VLSI_LAB/Course Project/FINAL_TEST2/FINAL_TEST2.ip_user_files/bd/RiscV_BD/ip/RiscV_BD_register_file_0_0/sim/RiscV_BD_register_file_0_0.v" into library xil_defaultlib
INFO: [VRFC 10-311] analyzing module RiscV_BD_register_file_0_0
INFO: [VRFC 10-2263] Analyzing Verilog file "C:/Users/jaswa/VLSI_LAB/Course Project/FINAL_TEST2/FINAL_TEST2.ip_user_files/bd/RiscV_BD/ip/RiscV_BD_imm_extend_0_0/sim/RiscV_BD_imm_extend_0_0.v" into library xil_defaultlib
INFO: [VRFC 10-311] analyzing module RiscV_BD_imm_extend_0_0
INFO: [VRFC 10-2263] Analyzing Verilog file "C:/Users/jaswa/VLSI_LAB/Course Project/FINAL_TEST2/FINAL_TEST2.ip_user_files/bd/RiscV_BD/ip/RiscV_BD_csr_0_0/sim/RiscV_BD_csr_0_0.v" into library xil_defaultlib
INFO: [VRFC 10-311] analyzing module RiscV_BD_csr_0_0
INFO: [VRFC 10-2263] Analyzing Verilog file "C:/Users/jaswa/VLSI_LAB/Course Project/FINAL_TEST2/FINAL_TEST2.ip_user_files/bd/RiscV_BD/ip/RiscV_BD_controller_0_0/sim/RiscV_BD_controller_0_0.v" into library xil_defaultlib
INFO: [VRFC 10-311] analyzing module RiscV_BD_controller_0_0
INFO: [VRFC 10-2263] Analyzing Verilog file "C:/Users/jaswa/VLSI_LAB/Course Project/FINAL_TEST2/FINAL_TEST2.ip_user_files/bd/RiscV_BD/ip/RiscV_BD_alu_fixed_point_mux_0_0/sim/RiscV_BD_alu_fixed_point_mux_0_0.v" into library xil_defaultlib
INFO: [VRFC 10-311] analyzing module RiscV_BD_alu_fixed_point_mux_0_0
INFO: [VRFC 10-2263] Analyzing Verilog file "C:/Users/jaswa/VLSI_LAB/Course Project/FINAL_TEST2/FINAL_TEST2.ip_user_files/bd/RiscV_BD/ip/RiscV_BD_csr_mux_0_0/sim/RiscV_BD_csr_mux_0_0.v" into library xil_defaultlib
INFO: [VRFC 10-311] analyzing module RiscV_BD_csr_mux_0_0
INFO: [VRFC 10-2263] Analyzing Verilog file "C:/Users/jaswa/VLSI_LAB/Course Project/FINAL_TEST2/FINAL_TEST2.ip_user_files/bd/RiscV_BD/ip/RiscV_BD_forwarding_mux_0_0/sim/RiscV_BD_forwarding_mux_0_0.v" into library xil_defaultlib
INFO: [VRFC 10-311] analyzing module RiscV_BD_forwarding_mux_0_0
INFO: [VRFC 10-2263] Analyzing Verilog file "C:/Users/jaswa/VLSI_LAB/Course Project/FINAL_TEST2/FINAL_TEST2.ip_user_files/bd/RiscV_BD/ip/RiscV_BD_alu_muxes_0_2/sim/RiscV_BD_alu_muxes_0_2.v" into library xil_defaultlib
INFO: [VRFC 10-311] analyzing module RiscV_BD_alu_muxes_0_2
INFO: [VRFC 10-2263] Analyzing Verilog file "C:/Users/jaswa/VLSI_LAB/Course Project/FINAL_TEST2/FINAL_TEST2.ip_user_files/bd/RiscV_BD/ip/RiscV_BD_branch_fsm_0_0/sim/RiscV_BD_branch_fsm_0_0.v" into library xil_defaultlib
INFO: [VRFC 10-311] analyzing module RiscV_BD_branch_fsm_0_0
INFO: [VRFC 10-2263] Analyzing Verilog file "C:/Users/jaswa/VLSI_LAB/Course Project/FINAL_TEST2/FINAL_TEST2.ip_user_files/bd/RiscV_BD/ip/RiscV_BD_mul_fsm_0_0/sim/RiscV_BD_mul_fsm_0_0.v" into library xil_defaultlib
INFO: [VRFC 10-311] analyzing module RiscV_BD_mul_fsm_0_0
INFO: [VRFC 10-2263] Analyzing Verilog file "C:/Users/jaswa/VLSI_LAB/Course Project/FINAL_TEST2/FINAL_TEST2.ip_user_files/bd/RiscV_BD/ip/RiscV_BD_EX_MA_PR_0_0/sim/RiscV_BD_EX_MA_PR_0_0.v" into library xil_defaultlib
INFO: [VRFC 10-311] analyzing module RiscV_BD_EX_MA_PR_0_0
INFO: [VRFC 10-2263] Analyzing Verilog file "C:/Users/jaswa/VLSI_LAB/Course Project/FINAL_TEST2/FINAL_TEST2.ip_user_files/bd/RiscV_BD/ip/RiscV_BD_MA_WB_PR_0_0/sim/RiscV_BD_MA_WB_PR_0_0.v" into library xil_defaultlib
INFO: [VRFC 10-311] analyzing module RiscV_BD_MA_WB_PR_0_0
INFO: [VRFC 10-2263] Analyzing Verilog file "C:/Users/jaswa/VLSI_LAB/Course Project/FINAL_TEST2/FINAL_TEST2.ip_user_files/bd/RiscV_BD/ip/RiscV_BD_load_extend_0_0/sim/RiscV_BD_load_extend_0_0.v" into library xil_defaultlib
INFO: [VRFC 10-311] analyzing module RiscV_BD_load_extend_0_0
INFO: [VRFC 10-2263] Analyzing Verilog file "C:/Users/jaswa/VLSI_LAB/Course Project/FINAL_TEST2/FINAL_TEST2.ip_user_files/bd/RiscV_BD/ip/RiscV_BD_Write_back_Mux_0_0/sim/RiscV_BD_Write_back_Mux_0_0.v" into library xil_defaultlib
INFO: [VRFC 10-311] analyzing module RiscV_BD_Write_back_Mux_0_0
INFO: [VRFC 10-2263] Analyzing Verilog file "C:/Users/jaswa/VLSI_LAB/Course Project/FINAL_TEST2/FINAL_TEST2.ip_user_files/bd/RiscV_BD/ip/RiscV_BD_combinational_0_0/sim/RiscV_BD_combinational_0_0.v" into library xil_defaultlib
INFO: [VRFC 10-311] analyzing module RiscV_BD_combinational_0_0
INFO: [VRFC 10-2263] Analyzing Verilog file "C:/Users/jaswa/VLSI_LAB/Course Project/FINAL_TEST2/FINAL_TEST2.ip_user_files/bd/RiscV_BD/ip/RiscV_BD_instr_retire_mux_0_0/sim/RiscV_BD_instr_retire_mux_0_0.v" into library xil_defaultlib
INFO: [VRFC 10-311] analyzing module RiscV_BD_instr_retire_mux_0_0
INFO: [VRFC 10-2263] Analyzing Verilog file "C:/Users/jaswa/VLSI_LAB/Course Project/FINAL_TEST2/FINAL_TEST2.ip_user_files/bd/RiscV_BD/ip/RiscV_BD_blk_mem_gen_0_0/sim/RiscV_BD_blk_mem_gen_0_0.v" into library xil_defaultlib
INFO: [VRFC 10-311] analyzing module RiscV_BD_blk_mem_gen_0_0
INFO: [VRFC 10-2263] Analyzing Verilog file "C:/Users/jaswa/VLSI_LAB/Course Project/FINAL_TEST2/FINAL_TEST2.ip_user_files/bd/RiscV_BD/ip/RiscV_BD_blk_mem_gen_1_0/sim/RiscV_BD_blk_mem_gen_1_0.v" into library xil_defaultlib
INFO: [VRFC 10-311] analyzing module RiscV_BD_blk_mem_gen_1_0
INFO: [VRFC 10-2263] Analyzing Verilog file "C:/Users/jaswa/VLSI_LAB/Course Project/FINAL_TEST2/FINAL_TEST2.ip_user_files/bd/RiscV_BD/ip/RiscV_BD_concat_2to1_0_0/sim/RiscV_BD_concat_2to1_0_0.v" into library xil_defaultlib
INFO: [VRFC 10-311] analyzing module RiscV_BD_concat_2to1_0_0
INFO: [VRFC 10-2263] Analyzing Verilog file "C:/Users/jaswa/VLSI_LAB/Course Project/FINAL_TEST2/FINAL_TEST2.ip_user_files/bd/RiscV_BD/ip/RiscV_BD_concat_2to1_1_0/sim/RiscV_BD_concat_2to1_1_0.v" into library xil_defaultlib
INFO: [VRFC 10-311] analyzing module RiscV_BD_concat_2to1_1_0
INFO: [VRFC 10-2263] Analyzing Verilog file "C:/Users/jaswa/VLSI_LAB/Course Project/FINAL_TEST2/FINAL_TEST2.ip_user_files/bd/RiscV_BD/ip/RiscV_BD_hazard_unit_0_0/sim/RiscV_BD_hazard_unit_0_0.v" into library xil_defaultlib
INFO: [VRFC 10-311] analyzing module RiscV_BD_hazard_unit_0_0
INFO: [VRFC 10-2263] Analyzing Verilog file "C:/Users/jaswa/VLSI_LAB/Course Project/FINAL_TEST2/FINAL_TEST2.ip_user_files/bd/RiscV_BD/ip/RiscV_BD_pc_0_0/sim/RiscV_BD_pc_0_0.v" into library xil_defaultlib
INFO: [VRFC 10-311] analyzing module RiscV_BD_pc_0_0
INFO: [VRFC 10-2263] Analyzing Verilog file "C:/Users/jaswa/VLSI_LAB/Course Project/FINAL_TEST2/FINAL_TEST2.ip_user_files/bd/RiscV_BD/ip/RiscV_BD_concat_2to1_2_0/sim/RiscV_BD_concat_2to1_2_0.v" into library xil_defaultlib
INFO: [VRFC 10-311] analyzing module RiscV_BD_concat_2to1_2_0
INFO: [VRFC 10-2263] Analyzing Verilog file "C:/Users/jaswa/VLSI_LAB/Course Project/FINAL_TEST2/FINAL_TEST2.ip_user_files/bd/RiscV_BD/ip/RiscV_BD_ID_EX_PR_0_0/sim/RiscV_BD_ID_EX_PR_0_0.v" into library xil_defaultlib
INFO: [VRFC 10-311] analyzing module RiscV_BD_ID_EX_PR_0_0
INFO: [VRFC 10-2263] Analyzing Verilog file "C:/Users/jaswa/VLSI_LAB/Course Project/FINAL_TEST2/FINAL_TEST2.ip_user_files/bd/RiscV_BD/ip/RiscV_BD_ALU_OPER_0_0/sim/RiscV_BD_ALU_OPER_0_0.v" into library xil_defaultlib
INFO: [VRFC 10-311] analyzing module RiscV_BD_ALU_OPER_0_0
INFO: [VRFC 10-2263] Analyzing Verilog file "C:/Users/jaswa/VLSI_LAB/Course Project/FINAL_TEST2/FINAL_TEST2.ip_user_files/bd/RiscV_BD/ip/RiscV_BD_IF_ID_PR_0_0/sim/RiscV_BD_IF_ID_PR_0_0.v" into library xil_defaultlib
INFO: [VRFC 10-311] analyzing module RiscV_BD_IF_ID_PR_0_0
INFO: [VRFC 10-2263] Analyzing Verilog file "C:/Users/jaswa/VLSI_LAB/Course Project/FINAL_TEST2/FINAL_TEST2.ip_user_files/bd/RiscV_BD/ip/RiscV_BD_or_gate_1_0/sim/RiscV_BD_or_gate_1_0.v" into library xil_defaultlib
INFO: [VRFC 10-311] analyzing module RiscV_BD_or_gate_1_0
INFO: [VRFC 10-2263] Analyzing Verilog file "C:/Users/jaswa/VLSI_LAB/Course Project/FINAL_TEST2/FINAL_TEST2.ip_user_files/bd/RiscV_BD/sim/RiscV_BD.v" into library xil_defaultlib
INFO: [VRFC 10-311] analyzing module RiscV_BD
INFO: [VRFC 10-2263] Analyzing Verilog file "C:/Users/jaswa/VLSI_LAB/Course Project/FINAL_TEST2/FINAL_TEST2.gen/sources_1/bd/RiscV_BD/hdl/RiscV_BD_wrapper.v" into library xil_defaultlib
INFO: [VRFC 10-311] analyzing module RiscV_BD_wrapper
INFO: [VRFC 10-2263] Analyzing Verilog file "C:/Users/jaswa/VLSI_LAB/Course Project/FINAL_TEST2/FINAL_TEST2.srcs/sim_1/new/RiscV_BD_wrapper_tb.v" into library xil_defaultlib
INFO: [VRFC 10-311] analyzing module RiscV_BD_wrapper_tb
run_program: Time (s): cpu = 00:00:01 ; elapsed = 00:00:07 . Memory (MB): peak = 1687.137 ; gain = 0.000
INFO: [USF-XSim-69] 'compile' step finished in '7' seconds
INFO: [USF-XSim-3] XSim::Elaborate design
INFO: [USF-XSim-61] Executing 'ELABORATE' step in 'C:/Users/jaswa/VLSI_LAB/Course Project/FINAL_TEST2/FINAL_TEST2.sim/sim_1/behav/xsim'
"xelab -wto 825d914d5bae4902b22375897d789401 --incr --debug typical --relax --mt 2 -L xil_defaultlib -L blk_mem_gen_v8_4_4 -L unisims_ver -L unimacro_ver -L secureip -L xpm --snapshot RiscV_BD_wrapper_tb_behav xil_defaultlib.RiscV_BD_wrapper_tb xil_defaultlib.glbl -log elaborate.log"
Vivado Simulator 2020.2
Copyright 1986-1999, 2001-2020 Xilinx, Inc. All Rights Reserved.
Running: C:/Xilinx/Vivado/2020.2/bin/unwrapped/win64.o/xelab.exe -wto 825d914d5bae4902b22375897d789401 --incr --debug typical --relax --mt 2 -L xil_defaultlib -L blk_mem_gen_v8_4_4 -L unisims_ver -L unimacro_ver -L secureip -L xpm --snapshot RiscV_BD_wrapper_tb_behav xil_defaultlib.RiscV_BD_wrapper_tb xil_defaultlib.glbl -log elaborate.log 
Using 2 slave threads.
Starting static elaboration
Pass Through NonSizing Optimizer
Completed static elaboration
Starting simulation data flow analysis
Completed simulation data flow analysis
Time Resolution for simulation is 1ps
Compiling module xil_defaultlib.Booth_PP
Compiling module xil_defaultlib.Dadda_stage1
Compiling module xil_defaultlib.Dadda_stage2
Compiling module xil_defaultlib.mul_top
Compiling module xil_defaultlib.ALU_OPER
Compiling module xil_defaultlib.RiscV_BD_ALU_OPER_0_0
Compiling module xil_defaultlib.EX_MA_PR
Compiling module xil_defaultlib.RiscV_BD_EX_MA_PR_0_0
Compiling module xil_defaultlib.ID_EX_PR
Compiling module xil_defaultlib.RiscV_BD_ID_EX_PR_0_0
Compiling module xil_defaultlib.IF_ID_PR
Compiling module xil_defaultlib.RiscV_BD_IF_ID_PR_0_0
Compiling module xil_defaultlib.MA_WB_PR
Compiling module xil_defaultlib.RiscV_BD_MA_WB_PR_0_0
Compiling module xil_defaultlib.Booth_PP_FM
Compiling module xil_defaultlib.Dadda_tree
Compiling module xil_defaultlib.Q16_16_Mult
Compiling module xil_defaultlib.RiscV_BD_Q16_16_Mult_0_0
Compiling module xil_defaultlib.Write_back_Mux
Compiling module xil_defaultlib.RiscV_BD_Write_back_Mux_0_0
Compiling module xil_defaultlib.alu_fixed_point_mux
Compiling module xil_defaultlib.RiscV_BD_alu_fixed_point_mux_0_0
Compiling module xil_defaultlib.alu_muxes
Compiling module xil_defaultlib.RiscV_BD_alu_muxes_0_2
Compiling module blk_mem_gen_v8_4_4.blk_mem_gen_v8_4_4_output_stage(...
Compiling module blk_mem_gen_v8_4_4.blk_mem_gen_v8_4_4_softecc_outpu...
Compiling module blk_mem_gen_v8_4_4.blk_mem_gen_v8_4_4_mem_module(C_...
Compiling module blk_mem_gen_v8_4_4.blk_mem_gen_v8_4_4(C_FAMILY="zyn...
Compiling module xil_defaultlib.RiscV_BD_blk_mem_gen_0_0
Compiling module blk_mem_gen_v8_4_4.blk_mem_gen_v8_4_4_mem_module(C_...
Compiling module blk_mem_gen_v8_4_4.blk_mem_gen_v8_4_4(C_FAMILY="zyn...
Compiling module xil_defaultlib.RiscV_BD_blk_mem_gen_1_0
Compiling module xil_defaultlib.branch_fsm
Compiling module xil_defaultlib.RiscV_BD_branch_fsm_0_0
Compiling module xil_defaultlib.combinational
Compiling module xil_defaultlib.RiscV_BD_combinational_0_0
Compiling module xil_defaultlib.concat_2to1
Compiling module xil_defaultlib.RiscV_BD_concat_2to1_0_0
Compiling module xil_defaultlib.RiscV_BD_concat_2to1_1_0
Compiling module xil_defaultlib.RiscV_BD_concat_2to1_2_0
Compiling module xil_defaultlib.controller
Compiling module xil_defaultlib.RiscV_BD_controller_0_0
Compiling module xil_defaultlib.csr
Compiling module xil_defaultlib.RiscV_BD_csr_0_0
Compiling module xil_defaultlib.csr_mux
Compiling module xil_defaultlib.RiscV_BD_csr_mux_0_0
Compiling module xil_defaultlib.forwarding_mux
Compiling module xil_defaultlib.RiscV_BD_forwarding_mux_0_0
Compiling module xil_defaultlib.hazard_unit
Compiling module xil_defaultlib.RiscV_BD_hazard_unit_0_0
Compiling module xil_defaultlib.imm_extend
Compiling module xil_defaultlib.RiscV_BD_imm_extend_0_0
Compiling module xil_defaultlib.instr_retire_mux
Compiling module xil_defaultlib.RiscV_BD_instr_retire_mux_0_0
Compiling module xil_defaultlib.load_extend
Compiling module xil_defaultlib.RiscV_BD_load_extend_0_0
Compiling module xil_defaultlib.mul_fsm
Compiling module xil_defaultlib.RiscV_BD_mul_fsm_0_0
Compiling module xil_defaultlib.or_gate
Compiling module xil_defaultlib.RiscV_BD_or_gate_1_0
Compiling module xil_defaultlib.pc
Compiling module xil_defaultlib.RiscV_BD_pc_0_0
Compiling module xil_defaultlib.register_file
Compiling module xil_defaultlib.RiscV_BD_register_file_0_0
Compiling module xil_defaultlib.RiscV_BD
Compiling module xil_defaultlib.RiscV_BD_wrapper
Compiling module xil_defaultlib.RiscV_BD_wrapper_tb
Compiling module xil_defaultlib.glbl
Built simulation snapshot RiscV_BD_wrapper_tb_behav
run_program: Time (s): cpu = 00:00:00 ; elapsed = 00:00:10 . Memory (MB): peak = 1687.137 ; gain = 0.000
INFO: [USF-XSim-69] 'elaborate' step finished in '10' seconds
INFO: [USF-XSim-4] XSim::Simulate design
INFO: [USF-XSim-61] Executing 'SIMULATE' step in 'C:/Users/jaswa/VLSI_LAB/Course Project/FINAL_TEST2/FINAL_TEST2.sim/sim_1/behav/xsim'
INFO: [USF-XSim-98] *** Running xsim
   with args "RiscV_BD_wrapper_tb_behav -key {Behavioral:sim_1:Functional:RiscV_BD_wrapper_tb} -tclbatch {RiscV_BD_wrapper_tb.tcl} -protoinst "protoinst_files/RiscV_BD.protoinst" -view {{C:/Users/jaswa/VLSI_LAB/Course Project/FINAL_TEST2/FINAL_TEST2.srcs/sim_1/imports/VLSI_RISC_V_IM/RiscV_BD_wrapper_tb_behav.wcfg}} -log {simulate.log}"
INFO: [USF-XSim-8] Loading simulator feature
Vivado Simulator 2020.2
INFO: [Wavedata 42-565] Reading protoinst file protoinst_files/RiscV_BD.protoinst
Time resolution is 1 ps
open_wave_config {C:/Users/jaswa/VLSI_LAB/Course Project/FINAL_TEST2/FINAL_TEST2.srcs/sim_1/imports/VLSI_RISC_V_IM/RiscV_BD_wrapper_tb_behav.wcfg}
WARNING: Simulation object /RiscV_BD_wrapper_tb/uut/RiscV_BD_i/blk_mem_gen_0/rsta was not found in the design.
source RiscV_BD_wrapper_tb.tcl
# set curr_wave [current_wave_config]
# if { [string length $curr_wave] == 0 } {
#   if { [llength [get_objects]] > 0} {
#     add_wave /
#     set_property needs_save false [current_wave_config]
#   } else {
#      send_msg_id Add_Wave-1 WARNING "No top level signals found. Simulator will start without a wave window. If you want to open a wave window go to 'File->New Waveform Configuration' or type 'create_wave_config' in the TCL console."
#   }
# }
# run 1000ns
 Block Memory Generator module loading initial data...
 Block Memory Generator data initialization complete.
Block Memory Generator module RiscV_BD_wrapper_tb.uut.RiscV_BD_i.blk_mem_gen_0.inst.\native_mem_mapped_module.blk_mem_gen_v8_4_4_inst  is using a behavioral model for simulation which will not precisely model memory collision behavior.
 Block Memory Generator module loading initial data...
 Block Memory Generator data initialization complete.
Block Memory Generator module RiscV_BD_wrapper_tb.uut.RiscV_BD_i.blk_mem_gen_1.inst.\native_mem_mapped_module.blk_mem_gen_v8_4_4_inst  is using a behavioral model for simulation which will not precisely model memory collision behavior.
Simulation complete.
$finish called at time : 2115 ps : File "C:/Users/jaswa/VLSI_LAB/Course Project/FINAL_TEST2/FINAL_TEST2.srcs/sim_1/new/RiscV_BD_wrapper_tb.v" Line 35
xsim: Time (s): cpu = 00:00:04 ; elapsed = 00:00:06 . Memory (MB): peak = 1690.953 ; gain = 3.816
INFO: [USF-XSim-96] XSim completed. Design snapshot 'RiscV_BD_wrapper_tb_behav' loaded.
INFO: [USF-XSim-97] XSim simulation ran for 1000ns
launch_simulation: Time (s): cpu = 00:00:05 ; elapsed = 00:00:24 . Memory (MB): peak = 1690.953 ; gain = 3.816
close [ open {C:/Users/jaswa/VLSI_LAB/Course Project/FINAL_TEST2/FINAL_TEST2.srcs/sources_1/new/valid_gen.v} w ]
add_files {{C:/Users/jaswa/VLSI_LAB/Course Project/FINAL_TEST2/FINAL_TEST2.srcs/sources_1/new/valid_gen.v}}
update_compile_order -fileset sources_1
export_ip_user_files -of_objects  [get_files {{C:/Users/jaswa/VLSI_LAB/Course Project/FINAL_TEST2/FINAL_TEST2.gen/sources_1/bd/RiscV_BD/hdl/RiscV_BD_wrapper.v}}] -no_script -reset -force -quiet
remove_files  {{C:/Users/jaswa/VLSI_LAB/Course Project/FINAL_TEST2/FINAL_TEST2.gen/sources_1/bd/RiscV_BD/hdl/RiscV_BD_wrapper.v}}
file delete -force {C:/Users/jaswa/VLSI_LAB/Course Project/FINAL_TEST2/FINAL_TEST2.gen/sources_1/bd/RiscV_BD/hdl/RiscV_BD_wrapper.v}
update_compile_order -fileset sources_1
open_bd_design {C:/Users/jaswa/VLSI_LAB/Course Project/FINAL_TEST2/FINAL_TEST2.srcs/sources_1/bd/RiscV_BD/RiscV_BD.bd}
update_module_reference RiscV_BD_controller_0_0
INFO: [IP_Flow 19-5107] Inferred bus interface 'interrupt' of definition 'xilinx.com:signal:interrupt:1.0' (from Xilinx Repository).
INFO: [IP_Flow 19-4728] Bus Interface 'interrupt': Added interface parameter 'SENSITIVITY' with value 'LEVEL_HIGH'.
INFO: [IP_Flow 19-234] Refreshing IP repositories
INFO: [IP_Flow 19-1704] No user IP repositories specified
Upgrading 'C:/Users/jaswa/VLSI_LAB/Course Project/FINAL_TEST2/FINAL_TEST2.srcs/sources_1/bd/RiscV_BD/RiscV_BD.bd'
INFO: [IP_Flow 19-1972] Upgraded RiscV_BD_controller_0_0 from controller_v1_0 1.0 to controller_v1_0 1.0
WARNING: [IP_Flow 19-4698] Upgrade has added port 'valid'
WARNING: [IP_Flow 19-3298] Detected external port differences while upgrading 'RiscV_BD_controller_0_0'. These changes may impact your design.
CRITICAL WARNING: [Coretcl 2-1280] The upgrade of 'RiscV_BD_controller_0_0' has identified issues that may require user intervention. Please verify that the instance is correctly configured, and review any upgrade messages.
Wrote  : <C:\Users\jaswa\VLSI_LAB\Course Project\FINAL_TEST2\FINAL_TEST2.srcs\sources_1\bd\RiscV_BD\RiscV_BD.bd> 
Wrote  : <C:/Users/jaswa/VLSI_LAB/Course Project/FINAL_TEST2/FINAL_TEST2.srcs/sources_1/bd/RiscV_BD/ui/bd_3ef32312.ui> 
create_bd_cell -type module -reference valid_gen valid_gen_0
INFO: [IP_Flow 19-5107] Inferred bus interface 'rst_n' of definition 'xilinx.com:signal:reset:1.0' (from Xilinx Repository).
INFO: [IP_Flow 19-5107] Inferred bus interface 'clk' of definition 'xilinx.com:signal:clock:1.0' (from Xilinx Repository).
INFO: [IP_Flow 19-4728] Bus Interface 'rst_n': Added interface parameter 'POLARITY' with value 'ACTIVE_LOW'.
WARNING: [IP_Flow 19-3157] Bus Interface 'rst_n': Bus parameter POLARITY is ACTIVE_LOW but port 'rst_n' is not *resetn - please double check the POLARITY setting.
WARNING: [IP_Flow 19-5661] Bus Interface 'clk' does not have any bus interfaces associated with it.
INFO: [IP_Flow 19-234] Refreshing IP repositories
INFO: [IP_Flow 19-1704] No user IP repositories specified
set_property location {6 -140 -1975} [get_bd_cells valid_gen_0]
set_property location {4.5 -442 -1976} [get_bd_cells valid_gen_0]
connect_bd_net [get_bd_pins valid_gen_0/valid_out] [get_bd_pins controller_0/valid]
connect_bd_net [get_bd_ports clk_0] [get_bd_pins valid_gen_0/clk]
connect_bd_net [get_bd_ports reset_0] [get_bd_pins valid_gen_0/rst_n]
update_module_reference RiscV_BD_valid_gen_0_0
INFO: [IP_Flow 19-5107] Inferred bus interface 'rst' of definition 'xilinx.com:signal:reset:1.0' (from Xilinx Repository).
INFO: [IP_Flow 19-5107] Inferred bus interface 'clk' of definition 'xilinx.com:signal:clock:1.0' (from Xilinx Repository).
INFO: [IP_Flow 19-4728] Bus Interface 'clk': Added interface parameter 'ASSOCIATED_RESET' with value 'rst'.
WARNING: [IP_Flow 19-5661] Bus Interface 'clk' does not have any bus interfaces associated with it.
INFO: [IP_Flow 19-234] Refreshing IP repositories
INFO: [IP_Flow 19-1704] No user IP repositories specified
Upgrading 'C:/Users/jaswa/VLSI_LAB/Course Project/FINAL_TEST2/FINAL_TEST2.srcs/sources_1/bd/RiscV_BD/RiscV_BD.bd'
INFO: [IP_Flow 19-1972] Upgraded RiscV_BD_valid_gen_0_0 from valid_gen_v1_0 1.0 to valid_gen_v1_0 1.0
WARNING: [IP_Flow 19-4699] Upgrade has removed interface 'rst_n'
WARNING: [IP_Flow 19-4697] Upgrade has added interface 'rst' (xilinx.com:signal:reset:1.0)
WARNING: [IP_Flow 19-3670] Detected external interface differences while upgrading 'RiscV_BD_valid_gen_0_0'.
WARNING: [IP_Flow 19-4700] Upgrade has removed port 'rst_n'
WARNING: [IP_Flow 19-4698] Upgrade has added port 'rst'
WARNING: [IP_Flow 19-3298] Detected external port differences while upgrading 'RiscV_BD_valid_gen_0_0'. These changes may impact your design.
CRITICAL WARNING: [BD 41-1167] The pin 'rst_n' is not found on the upgraded version of the cell '/valid_gen_0'. Its connection to the net 'reset_0_1' has been removed.
CRITICAL WARNING: [Coretcl 2-1280] The upgrade of 'RiscV_BD_valid_gen_0_0' has identified issues that may require user intervention. Please verify that the instance is correctly configured, and review any upgrade messages.
Wrote  : <C:\Users\jaswa\VLSI_LAB\Course Project\FINAL_TEST2\FINAL_TEST2.srcs\sources_1\bd\RiscV_BD\RiscV_BD.bd> 
Wrote  : <C:/Users/jaswa/VLSI_LAB/Course Project/FINAL_TEST2/FINAL_TEST2.srcs/sources_1/bd/RiscV_BD/ui/bd_3ef32312.ui> 
update_module_reference: Time (s): cpu = 00:00:01 ; elapsed = 00:00:20 . Memory (MB): peak = 1715.082 ; gain = 6.105
update_compile_order -fileset sources_1
connect_bd_net [get_bd_ports reset_0] [get_bd_pins valid_gen_0/rst]
save_bd_design
Wrote  : <C:\Users\jaswa\VLSI_LAB\Course Project\FINAL_TEST2\FINAL_TEST2.srcs\sources_1\bd\RiscV_BD\RiscV_BD.bd> 
Wrote  : <C:/Users/jaswa/VLSI_LAB/Course Project/FINAL_TEST2/FINAL_TEST2.srcs/sources_1/bd/RiscV_BD/ui/bd_3ef32312.ui> 
reset_target all [get_files  {{C:/Users/jaswa/VLSI_LAB/Course Project/FINAL_TEST2/FINAL_TEST2.srcs/sources_1/bd/RiscV_BD/RiscV_BD.bd}}]
export_ip_user_files -of_objects  [get_files  {{C:/Users/jaswa/VLSI_LAB/Course Project/FINAL_TEST2/FINAL_TEST2.srcs/sources_1/bd/RiscV_BD/RiscV_BD.bd}}] -sync -no_script -force -quiet
generate_target all [get_files  {{C:/Users/jaswa/VLSI_LAB/Course Project/FINAL_TEST2/FINAL_TEST2.srcs/sources_1/bd/RiscV_BD/RiscV_BD.bd}}]
CRITICAL WARNING: [BD 41-759] The input pins (listed below) are either not connected or do not have a source port, and they don't have a tie-off specified. These pins are tied-off to all 0's to avoid error in Implementation flow.
Please check your design and connect them as needed: 
/instr_retire_mux_0/instr_stalled
/hazard_unit_0/memtoreg

Wrote  : <C:\Users\jaswa\VLSI_LAB\Course Project\FINAL_TEST2\FINAL_TEST2.srcs\sources_1\bd\RiscV_BD\RiscV_BD.bd> 
VHDL Output written to : c:/Users/jaswa/VLSI_LAB/Course Project/FINAL_TEST2/FINAL_TEST2.gen/sources_1/bd/RiscV_BD/synth/RiscV_BD.v
VHDL Output written to : c:/Users/jaswa/VLSI_LAB/Course Project/FINAL_TEST2/FINAL_TEST2.gen/sources_1/bd/RiscV_BD/sim/RiscV_BD.v
VHDL Output written to : c:/Users/jaswa/VLSI_LAB/Course Project/FINAL_TEST2/FINAL_TEST2.gen/sources_1/bd/RiscV_BD/hdl/RiscV_BD_wrapper.v
INFO: [BD 41-1029] Generation completed for the IP Integrator block Q16_16_Mult_0 .
INFO: [BD 41-1029] Generation completed for the IP Integrator block register_file_0 .
INFO: [BD 41-1029] Generation completed for the IP Integrator block imm_extend_0 .
INFO: [BD 41-1029] Generation completed for the IP Integrator block csr_0 .
INFO: [BD 41-1029] Generation completed for the IP Integrator block controller_0 .
INFO: [BD 41-1029] Generation completed for the IP Integrator block alu_fixed_point_mux_0 .
INFO: [BD 41-1029] Generation completed for the IP Integrator block csr_mux_0 .
INFO: [BD 41-1029] Generation completed for the IP Integrator block forwarding_mux_0 .
INFO: [BD 41-1029] Generation completed for the IP Integrator block alu_muxes_0 .
INFO: [BD 41-1029] Generation completed for the IP Integrator block branch_fsm_0 .
INFO: [BD 41-1029] Generation completed for the IP Integrator block mul_fsm_0 .
INFO: [BD 41-1029] Generation completed for the IP Integrator block EX_MA_PR_0 .
INFO: [BD 41-1029] Generation completed for the IP Integrator block MA_WB_PR_0 .
INFO: [BD 41-1029] Generation completed for the IP Integrator block load_extend_0 .
INFO: [BD 41-1029] Generation completed for the IP Integrator block Write_back_Mux_0 .
INFO: [BD 41-1029] Generation completed for the IP Integrator block combinational_0 .
INFO: [BD 41-1029] Generation completed for the IP Integrator block instr_retire_mux_0 .
INFO: [BD 41-1029] Generation completed for the IP Integrator block blk_mem_gen_0 .
INFO: [BD 41-1029] Generation completed for the IP Integrator block blk_mem_gen_1 .
INFO: [BD 41-1029] Generation completed for the IP Integrator block concat_2to1_0 .
INFO: [BD 41-1029] Generation completed for the IP Integrator block concat_2to1_1 .
INFO: [BD 41-1029] Generation completed for the IP Integrator block hazard_unit_0 .
INFO: [BD 41-1029] Generation completed for the IP Integrator block pc_0 .
INFO: [BD 41-1029] Generation completed for the IP Integrator block concat_2to1_2 .
INFO: [BD 41-1029] Generation completed for the IP Integrator block ID_EX_PR_0 .
INFO: [BD 41-1029] Generation completed for the IP Integrator block ALU_OPER_0 .
INFO: [BD 41-1029] Generation completed for the IP Integrator block IF_ID_PR_0 .
INFO: [BD 41-1029] Generation completed for the IP Integrator block or_gate_1 .
INFO: [BD 41-1029] Generation completed for the IP Integrator block valid_gen_0 .
Exporting to file c:/Users/jaswa/VLSI_LAB/Course Project/FINAL_TEST2/FINAL_TEST2.gen/sources_1/bd/RiscV_BD/hw_handoff/RiscV_BD.hwh
Generated Block Design Tcl file c:/Users/jaswa/VLSI_LAB/Course Project/FINAL_TEST2/FINAL_TEST2.gen/sources_1/bd/RiscV_BD/hw_handoff/RiscV_BD_bd.tcl
Generated Hardware Definition File c:/Users/jaswa/VLSI_LAB/Course Project/FINAL_TEST2/FINAL_TEST2.gen/sources_1/bd/RiscV_BD/synth/RiscV_BD.hwdef
export_ip_user_files -of_objects [get_files {{C:/Users/jaswa/VLSI_LAB/Course Project/FINAL_TEST2/FINAL_TEST2.srcs/sources_1/bd/RiscV_BD/RiscV_BD.bd}}] -no_script -sync -force -quiet
export_simulation -of_objects [get_files {{C:/Users/jaswa/VLSI_LAB/Course Project/FINAL_TEST2/FINAL_TEST2.srcs/sources_1/bd/RiscV_BD/RiscV_BD.bd}}] -directory {C:/Users/jaswa/VLSI_LAB/Course Project/FINAL_TEST2/FINAL_TEST2.ip_user_files/sim_scripts} -ip_user_files_dir {C:/Users/jaswa/VLSI_LAB/Course Project/FINAL_TEST2/FINAL_TEST2.ip_user_files} -ipstatic_source_dir {C:/Users/jaswa/VLSI_LAB/Course Project/FINAL_TEST2/FINAL_TEST2.ip_user_files/ipstatic} -lib_map_path [list {modelsim=C:/Users/jaswa/VLSI_LAB/Course Project/FINAL_TEST2/FINAL_TEST2.cache/compile_simlib/modelsim} {questa=C:/Users/jaswa/VLSI_LAB/Course Project/FINAL_TEST2/FINAL_TEST2.cache/compile_simlib/questa} {riviera=C:/Users/jaswa/VLSI_LAB/Course Project/FINAL_TEST2/FINAL_TEST2.cache/compile_simlib/riviera} {activehdl=C:/Users/jaswa/VLSI_LAB/Course Project/FINAL_TEST2/FINAL_TEST2.cache/compile_simlib/activehdl}] -use_ip_compiled_libs -force -quiet
set_property source_mgmt_mode DisplayOnly [current_project]
CRITICAL WARNING: [filemgmt 56-176] Module references are not supported in manual compile order mode and will be ignored.
CRITICAL WARNING: [filemgmt 56-176] Module references are not supported in manual compile order mode and will be ignored.
CRITICAL WARNING: [filemgmt 56-176] Module references are not supported in manual compile order mode and will be ignored.
CRITICAL WARNING: [filemgmt 56-176] Module references are not supported in manual compile order mode and will be ignored.
CRITICAL WARNING: [filemgmt 56-176] Module references are not supported in manual compile order mode and will be ignored.
CRITICAL WARNING: [filemgmt 56-176] Module references are not supported in manual compile order mode and will be ignored.
CRITICAL WARNING: [filemgmt 56-176] Module references are not supported in manual compile order mode and will be ignored.
CRITICAL WARNING: [filemgmt 56-176] Module references are not supported in manual compile order mode and will be ignored.
CRITICAL WARNING: [filemgmt 56-176] Module references are not supported in manual compile order mode and will be ignored.
CRITICAL WARNING: [filemgmt 56-176] Module references are not supported in manual compile order mode and will be ignored.
CRITICAL WARNING: [filemgmt 56-176] Module references are not supported in manual compile order mode and will be ignored.
CRITICAL WARNING: [filemgmt 56-176] Module references are not supported in manual compile order mode and will be ignored.
CRITICAL WARNING: [filemgmt 56-176] Module references are not supported in manual compile order mode and will be ignored.
CRITICAL WARNING: [filemgmt 56-176] Module references are not supported in manual compile order mode and will be ignored.
CRITICAL WARNING: [filemgmt 56-176] Module references are not supported in manual compile order mode and will be ignored.
CRITICAL WARNING: [filemgmt 56-176] Module references are not supported in manual compile order mode and will be ignored.
CRITICAL WARNING: [filemgmt 56-176] Module references are not supported in manual compile order mode and will be ignored.
CRITICAL WARNING: [filemgmt 56-176] Module references are not supported in manual compile order mode and will be ignored.
CRITICAL WARNING: [filemgmt 56-176] Module references are not supported in manual compile order mode and will be ignored.
CRITICAL WARNING: [filemgmt 56-176] Module references are not supported in manual compile order mode and will be ignored.
CRITICAL WARNING: [filemgmt 56-176] Module references are not supported in manual compile order mode and will be ignored.
CRITICAL WARNING: [filemgmt 56-176] Module references are not supported in manual compile order mode and will be ignored.
CRITICAL WARNING: [filemgmt 56-176] Module references are not supported in manual compile order mode and will be ignored.
CRITICAL WARNING: [filemgmt 56-176] Module references are not supported in manual compile order mode and will be ignored.
CRITICAL WARNING: [filemgmt 56-176] Module references are not supported in manual compile order mode and will be ignored.
CRITICAL WARNING: [filemgmt 56-176] Module references are not supported in manual compile order mode and will be ignored.
CRITICAL WARNING: [filemgmt 56-176] Module references are not supported in manual compile order mode and will be ignored.
update_module_reference RiscV_BD_Q16_16_Mult_0_0
CRITICAL WARNING: [filemgmt 56-176] Module references are not supported in manual compile order mode and will be ignored.
ERROR: [filemgmt 56-189] Failed to resolve reference. Nothing was found in the project to match the name 'Q16_16_Mult'.
ERROR: [Common 17-39] 'update_module_reference' failed due to earlier errors.
make_wrapper -files [get_files {{C:/Users/jaswa/VLSI_LAB/Course Project/FINAL_TEST2/FINAL_TEST2.srcs/sources_1/bd/RiscV_BD/RiscV_BD.bd}}] -top
add_files -norecurse {{c:/Users/jaswa/VLSI_LAB/Course Project/FINAL_TEST2/FINAL_TEST2.gen/sources_1/bd/RiscV_BD/hdl/RiscV_BD_wrapper.v}}
CRITICAL WARNING: [filemgmt 56-176] Module references are not supported in manual compile order mode and will be ignored.
CRITICAL WARNING: [filemgmt 56-176] Module references are not supported in manual compile order mode and will be ignored.
CRITICAL WARNING: [filemgmt 56-176] Module references are not supported in manual compile order mode and will be ignored.
CRITICAL WARNING: [filemgmt 56-176] Module references are not supported in manual compile order mode and will be ignored.
CRITICAL WARNING: [filemgmt 56-176] Module references are not supported in manual compile order mode and will be ignored.
CRITICAL WARNING: [filemgmt 56-176] Module references are not supported in manual compile order mode and will be ignored.
CRITICAL WARNING: [filemgmt 56-176] Module references are not supported in manual compile order mode and will be ignored.
CRITICAL WARNING: [filemgmt 56-176] Module references are not supported in manual compile order mode and will be ignored.
CRITICAL WARNING: [filemgmt 56-176] Module references are not supported in manual compile order mode and will be ignored.
CRITICAL WARNING: [filemgmt 56-176] Module references are not supported in manual compile order mode and will be ignored.
CRITICAL WARNING: [filemgmt 56-176] Module references are not supported in manual compile order mode and will be ignored.
CRITICAL WARNING: [filemgmt 56-176] Module references are not supported in manual compile order mode and will be ignored.
CRITICAL WARNING: [filemgmt 56-176] Module references are not supported in manual compile order mode and will be ignored.
CRITICAL WARNING: [filemgmt 56-176] Module references are not supported in manual compile order mode and will be ignored.
CRITICAL WARNING: [filemgmt 56-176] Module references are not supported in manual compile order mode and will be ignored.
CRITICAL WARNING: [filemgmt 56-176] Module references are not supported in manual compile order mode and will be ignored.
CRITICAL WARNING: [filemgmt 56-176] Module references are not supported in manual compile order mode and will be ignored.
CRITICAL WARNING: [filemgmt 56-176] Module references are not supported in manual compile order mode and will be ignored.
CRITICAL WARNING: [filemgmt 56-176] Module references are not supported in manual compile order mode and will be ignored.
CRITICAL WARNING: [filemgmt 56-176] Module references are not supported in manual compile order mode and will be ignored.
CRITICAL WARNING: [filemgmt 56-176] Module references are not supported in manual compile order mode and will be ignored.
CRITICAL WARNING: [filemgmt 56-176] Module references are not supported in manual compile order mode and will be ignored.
CRITICAL WARNING: [filemgmt 56-176] Module references are not supported in manual compile order mode and will be ignored.
CRITICAL WARNING: [filemgmt 56-176] Module references are not supported in manual compile order mode and will be ignored.
CRITICAL WARNING: [filemgmt 56-176] Module references are not supported in manual compile order mode and will be ignored.
CRITICAL WARNING: [filemgmt 56-176] Module references are not supported in manual compile order mode and will be ignored.
CRITICAL WARNING: [filemgmt 56-176] Module references are not supported in manual compile order mode and will be ignored.
close_sim
INFO: [Simtcl 6-16] Simulation closed
launch_simulation
Command: launch_simulation 
INFO: [Vivado 12-5682] Launching behavioral simulation in 'C:/Users/jaswa/VLSI_LAB/Course Project/FINAL_TEST2/FINAL_TEST2.sim/sim_1/behav/xsim'
INFO: [Vivado 12-4795] Using compiled simulation libraries for IPs
INFO: [SIM-utils-51] Simulation object is 'sim_1'
INFO: [USF-XSim-7] Finding pre-compiled libraries...
INFO: [USF-XSim-11] File 'C:/Xilinx/Vivado/2020.2/data/xsim/xsim.ini' copied to run dir:'C:/Users/jaswa/VLSI_LAB/Course Project/FINAL_TEST2/FINAL_TEST2.sim/sim_1/behav/xsim'
INFO: [SIM-utils-54] Inspecting design source files for 'RiscV_BD_wrapper_tb' in fileset 'sim_1'...
INFO: [SIM-utils-43] Exported 'C:/Users/jaswa/VLSI_LAB/Course Project/FINAL_TEST2/FINAL_TEST2.sim/sim_1/behav/xsim/instruction_memory.coe'
INFO: [SIM-utils-43] Exported 'C:/Users/jaswa/VLSI_LAB/Course Project/FINAL_TEST2/FINAL_TEST2.sim/sim_1/behav/xsim/RiscV_BD_blk_mem_gen_0_0.mif'
INFO: [SIM-utils-43] Exported 'C:/Users/jaswa/VLSI_LAB/Course Project/FINAL_TEST2/FINAL_TEST2.sim/sim_1/behav/xsim/data_memory.coe'
INFO: [SIM-utils-43] Exported 'C:/Users/jaswa/VLSI_LAB/Course Project/FINAL_TEST2/FINAL_TEST2.sim/sim_1/behav/xsim/RiscV_BD_blk_mem_gen_1_0.mif'
INFO: [SIM-utils-43] Exported 'C:/Users/jaswa/VLSI_LAB/Course Project/FINAL_TEST2/FINAL_TEST2.sim/sim_1/behav/xsim/instruction_memory.coe'
INFO: [USF-XSim-97] Finding global include files...
INFO: [USF-XSim-100] Fetching design files from 'sources_1'...(this may take a while)...
INFO: [USF-XSim-101] Fetching design files from 'sim_1'...
INFO: [USF-XSim-2] XSim::Compile design
INFO: [USF-XSim-61] Executing 'COMPILE and ANALYZE' step in 'C:/Users/jaswa/VLSI_LAB/Course Project/FINAL_TEST2/FINAL_TEST2.sim/sim_1/behav/xsim'
"xvlog --incr --relax -prj RiscV_BD_wrapper_tb_vlog.prj"
INFO: [VRFC 10-2263] Analyzing Verilog file "C:/Users/jaswa/VLSI_LAB/Course Project/FINAL_TEST2/FINAL_TEST2.srcs/sources_1/imports/sources_1/imports/new/Booth_PP.v" into library xil_defaultlib
INFO: [VRFC 10-311] analyzing module Booth_PP_FM
INFO: [VRFC 10-2263] Analyzing Verilog file "C:/Users/jaswa/VLSI_LAB/Course Project/FINAL_TEST2/FINAL_TEST2.srcs/sources_1/imports/new/Dadda_tree.v" into library xil_defaultlib
INFO: [VRFC 10-311] analyzing module Dadda_tree
INFO: [VRFC 10-2263] Analyzing Verilog file "C:/Users/jaswa/VLSI_LAB/Course Project/FINAL_TEST2/FINAL_TEST2.srcs/sources_1/imports/new/Q16_16.v" into library xil_defaultlib
INFO: [VRFC 10-311] analyzing module Q16_16_Mult
INFO: [VRFC 10-2263] Analyzing Verilog file "C:/Users/jaswa/VLSI_LAB/Course Project/FINAL_TEST2/FINAL_TEST2.srcs/sources_1/imports/COURSE PRPJECT/Decode/reg_file.v" into library xil_defaultlib
INFO: [VRFC 10-311] analyzing module register_file
INFO: [VRFC 10-2263] Analyzing Verilog file "C:/Users/jaswa/VLSI_LAB/Course Project/FINAL_TEST2/FINAL_TEST2.srcs/sources_1/imports/COURSE PRPJECT/Decode/imm_extend.v" into library xil_defaultlib
INFO: [VRFC 10-311] analyzing module imm_extend
INFO: [VRFC 10-2263] Analyzing Verilog file "C:/Users/jaswa/VLSI_LAB/Course Project/FINAL_TEST2/FINAL_TEST2.srcs/sources_1/imports/codes/min_csr.v" into library xil_defaultlib
INFO: [VRFC 10-311] analyzing module csr
INFO: [VRFC 10-2263] Analyzing Verilog file "C:/Users/jaswa/VLSI_LAB/Course Project/FINAL_TEST2/FINAL_TEST2.srcs/sources_1/imports/codes/controller.v" into library xil_defaultlib
INFO: [VRFC 10-311] analyzing module controller
INFO: [VRFC 10-2263] Analyzing Verilog file "C:/Users/jaswa/VLSI_LAB/Course Project/FINAL_TEST2/FINAL_TEST2.srcs/sources_1/imports/codes/alu_fixed_point_mux.v" into library xil_defaultlib
INFO: [VRFC 10-311] analyzing module alu_fixed_point_mux
INFO: [VRFC 10-2263] Analyzing Verilog file "C:/Users/jaswa/VLSI_LAB/Course Project/FINAL_TEST2/FINAL_TEST2.srcs/sources_1/imports/codes/csr_mux.v" into library xil_defaultlib
INFO: [VRFC 10-311] analyzing module csr_mux
INFO: [VRFC 10-2263] Analyzing Verilog file "C:/Users/jaswa/VLSI_LAB/Course Project/FINAL_TEST2/FINAL_TEST2.srcs/sources_1/imports/codes/forwarding_mux.v" into library xil_defaultlib
INFO: [VRFC 10-311] analyzing module forwarding_mux
INFO: [VRFC 10-2263] Analyzing Verilog file "C:/Users/jaswa/VLSI_LAB/Course Project/FINAL_TEST2/FINAL_TEST2.srcs/sources_1/imports/codes/alu_muxes.v" into library xil_defaultlib
INFO: [VRFC 10-311] analyzing module alu_muxes
INFO: [VRFC 10-2458] undeclared symbol alu_op, assumed default net type wire [C:/Users/jaswa/VLSI_LAB/Course Project/FINAL_TEST2/FINAL_TEST2.srcs/sources_1/imports/codes/alu_muxes.v:49]
INFO: [VRFC 10-2263] Analyzing Verilog file "C:/Users/jaswa/VLSI_LAB/Course Project/FINAL_TEST2/FINAL_TEST2.srcs/sources_1/imports/codes/branch_fsm.v" into library xil_defaultlib
INFO: [VRFC 10-311] analyzing module branch_fsm
INFO: [VRFC 10-2263] Analyzing Verilog file "C:/Users/jaswa/VLSI_LAB/Course Project/FINAL_TEST2/FINAL_TEST2.srcs/sources_1/imports/codes/mul_fsm.v" into library xil_defaultlib
INFO: [VRFC 10-311] analyzing module mul_fsm
INFO: [VRFC 10-2263] Analyzing Verilog file "C:/Users/jaswa/VLSI_LAB/Course Project/FINAL_TEST2/FINAL_TEST2.srcs/sources_1/new/EX_MA_PR.v" into library xil_defaultlib
INFO: [VRFC 10-311] analyzing module EX_MA_PR
INFO: [VRFC 10-2263] Analyzing Verilog file "C:/Users/jaswa/VLSI_LAB/Course Project/FINAL_TEST2/FINAL_TEST2.srcs/sources_1/new/MA_WB_PR.v" into library xil_defaultlib
INFO: [VRFC 10-311] analyzing module MA_WB_PR
INFO: [VRFC 10-2263] Analyzing Verilog file "C:/Users/jaswa/VLSI_LAB/Course Project/FINAL_TEST2/FINAL_TEST2.srcs/sources_1/imports/codes/load_extend.v" into library xil_defaultlib
INFO: [VRFC 10-311] analyzing module load_extend
INFO: [VRFC 10-2263] Analyzing Verilog file "C:/Users/jaswa/VLSI_LAB/Course Project/FINAL_TEST2/FINAL_TEST2.srcs/sources_1/new/Write_back_Mux.v" into library xil_defaultlib
INFO: [VRFC 10-311] analyzing module Write_back_Mux
INFO: [VRFC 10-2263] Analyzing Verilog file "C:/Users/jaswa/VLSI_LAB/Course Project/FINAL_TEST2/FINAL_TEST2.srcs/sources_1/new/combinational.v" into library xil_defaultlib
INFO: [VRFC 10-311] analyzing module combinational
INFO: [VRFC 10-2263] Analyzing Verilog file "C:/Users/jaswa/VLSI_LAB/Course Project/FINAL_TEST2/FINAL_TEST2.srcs/sources_1/imports/codes/inst_retire_mux.v" into library xil_defaultlib
INFO: [VRFC 10-311] analyzing module instr_retire_mux
INFO: [VRFC 10-2263] Analyzing Verilog file "C:/Users/jaswa/VLSI_LAB/Course Project/FINAL_TEST2/FINAL_TEST2.srcs/sources_1/new/concat_2to1.v" into library xil_defaultlib
INFO: [VRFC 10-311] analyzing module concat_2to1
INFO: [VRFC 10-2263] Analyzing Verilog file "C:/Users/jaswa/VLSI_LAB/Course Project/FINAL_TEST2/FINAL_TEST2.srcs/sources_1/new/hazard_unit.v" into library xil_defaultlib
INFO: [VRFC 10-311] analyzing module hazard_unit
INFO: [VRFC 10-2263] Analyzing Verilog file "C:/Users/jaswa/VLSI_LAB/Course Project/FINAL_TEST2/FINAL_TEST2.srcs/sources_1/imports/DESIGN LAB/pc.v" into library xil_defaultlib
INFO: [VRFC 10-311] analyzing module pc
INFO: [VRFC 10-2263] Analyzing Verilog file "C:/Users/jaswa/VLSI_LAB/Course Project/FINAL_TEST2/FINAL_TEST2.srcs/sources_1/new/ID_EX_PR.v" into library xil_defaultlib
INFO: [VRFC 10-311] analyzing module ID_EX_PR
INFO: [VRFC 10-2263] Analyzing Verilog file "C:/Users/jaswa/VLSI_LAB/Course Project/FINAL_TEST2/FINAL_TEST2.srcs/sources_1/imports/new/Booth_PP.v" into library xil_defaultlib
INFO: [VRFC 10-311] analyzing module Booth_PP
INFO: [VRFC 10-2263] Analyzing Verilog file "C:/Users/jaswa/VLSI_LAB/Course Project/FINAL_TEST2/FINAL_TEST2.srcs/sources_1/imports/sources_1/imports/new/Dadda_Stage_1.v" into library xil_defaultlib
INFO: [VRFC 10-311] analyzing module Dadda_stage1
INFO: [VRFC 10-2263] Analyzing Verilog file "C:/Users/jaswa/VLSI_LAB/Course Project/FINAL_TEST2/FINAL_TEST2.srcs/sources_1/imports/sources_1/imports/new/Dadda_stage_2.v" into library xil_defaultlib
INFO: [VRFC 10-311] analyzing module Dadda_stage2
INFO: [VRFC 10-2263] Analyzing Verilog file "C:/Users/jaswa/VLSI_LAB/Course Project/FINAL_TEST2/FINAL_TEST2.srcs/sources_1/imports/sources_1/imports/new/mul_top.v" into library xil_defaultlib
INFO: [VRFC 10-311] analyzing module mul_top
INFO: [VRFC 10-2263] Analyzing Verilog file "C:/Users/jaswa/VLSI_LAB/Course Project/FINAL_TEST2/FINAL_TEST2.srcs/sources_1/imports/sources_1/new/ALU_OPER.v" into library xil_defaultlib
INFO: [VRFC 10-311] analyzing module ALU_OPER
INFO: [VRFC 10-2263] Analyzing Verilog file "C:/Users/jaswa/VLSI_LAB/Course Project/FINAL_TEST2/FINAL_TEST2.srcs/sources_1/new/IF_ID_PR.v" into library xil_defaultlib
INFO: [VRFC 10-311] analyzing module IF_ID_PR
INFO: [VRFC 10-2263] Analyzing Verilog file "C:/Users/jaswa/VLSI_LAB/Course Project/FINAL_TEST2/FINAL_TEST2.srcs/sources_1/new/OR_gate.v" into library xil_defaultlib
INFO: [VRFC 10-311] analyzing module or_gate
INFO: [VRFC 10-2263] Analyzing Verilog file "C:/Users/jaswa/VLSI_LAB/Course Project/FINAL_TEST2/FINAL_TEST2.srcs/sources_1/new/valid_gen.v" into library xil_defaultlib
INFO: [VRFC 10-311] analyzing module valid_gen
INFO: [VRFC 10-2263] Analyzing Verilog file "C:/Users/jaswa/VLSI_LAB/Course Project/FINAL_TEST2/FINAL_TEST2.ip_user_files/bd/RiscV_BD/ip/RiscV_BD_Q16_16_Mult_0_0/sim/RiscV_BD_Q16_16_Mult_0_0.v" into library xil_defaultlib
INFO: [VRFC 10-311] analyzing module RiscV_BD_Q16_16_Mult_0_0
INFO: [VRFC 10-2263] Analyzing Verilog file "C:/Users/jaswa/VLSI_LAB/Course Project/FINAL_TEST2/FINAL_TEST2.ip_user_files/bd/RiscV_BD/ip/RiscV_BD_register_file_0_0/sim/RiscV_BD_register_file_0_0.v" into library xil_defaultlib
INFO: [VRFC 10-311] analyzing module RiscV_BD_register_file_0_0
INFO: [VRFC 10-2263] Analyzing Verilog file "C:/Users/jaswa/VLSI_LAB/Course Project/FINAL_TEST2/FINAL_TEST2.ip_user_files/bd/RiscV_BD/ip/RiscV_BD_imm_extend_0_0/sim/RiscV_BD_imm_extend_0_0.v" into library xil_defaultlib
INFO: [VRFC 10-311] analyzing module RiscV_BD_imm_extend_0_0
INFO: [VRFC 10-2263] Analyzing Verilog file "C:/Users/jaswa/VLSI_LAB/Course Project/FINAL_TEST2/FINAL_TEST2.ip_user_files/bd/RiscV_BD/ip/RiscV_BD_csr_0_0/sim/RiscV_BD_csr_0_0.v" into library xil_defaultlib
INFO: [VRFC 10-311] analyzing module RiscV_BD_csr_0_0
INFO: [VRFC 10-2263] Analyzing Verilog file "C:/Users/jaswa/VLSI_LAB/Course Project/FINAL_TEST2/FINAL_TEST2.ip_user_files/bd/RiscV_BD/ip/RiscV_BD_controller_0_0/sim/RiscV_BD_controller_0_0.v" into library xil_defaultlib
INFO: [VRFC 10-311] analyzing module RiscV_BD_controller_0_0
INFO: [VRFC 10-2263] Analyzing Verilog file "C:/Users/jaswa/VLSI_LAB/Course Project/FINAL_TEST2/FINAL_TEST2.ip_user_files/bd/RiscV_BD/ip/RiscV_BD_alu_fixed_point_mux_0_0/sim/RiscV_BD_alu_fixed_point_mux_0_0.v" into library xil_defaultlib
INFO: [VRFC 10-311] analyzing module RiscV_BD_alu_fixed_point_mux_0_0
INFO: [VRFC 10-2263] Analyzing Verilog file "C:/Users/jaswa/VLSI_LAB/Course Project/FINAL_TEST2/FINAL_TEST2.ip_user_files/bd/RiscV_BD/ip/RiscV_BD_csr_mux_0_0/sim/RiscV_BD_csr_mux_0_0.v" into library xil_defaultlib
INFO: [VRFC 10-311] analyzing module RiscV_BD_csr_mux_0_0
INFO: [VRFC 10-2263] Analyzing Verilog file "C:/Users/jaswa/VLSI_LAB/Course Project/FINAL_TEST2/FINAL_TEST2.ip_user_files/bd/RiscV_BD/ip/RiscV_BD_forwarding_mux_0_0/sim/RiscV_BD_forwarding_mux_0_0.v" into library xil_defaultlib
INFO: [VRFC 10-311] analyzing module RiscV_BD_forwarding_mux_0_0
INFO: [VRFC 10-2263] Analyzing Verilog file "C:/Users/jaswa/VLSI_LAB/Course Project/FINAL_TEST2/FINAL_TEST2.ip_user_files/bd/RiscV_BD/ip/RiscV_BD_alu_muxes_0_2/sim/RiscV_BD_alu_muxes_0_2.v" into library xil_defaultlib
INFO: [VRFC 10-311] analyzing module RiscV_BD_alu_muxes_0_2
INFO: [VRFC 10-2263] Analyzing Verilog file "C:/Users/jaswa/VLSI_LAB/Course Project/FINAL_TEST2/FINAL_TEST2.ip_user_files/bd/RiscV_BD/ip/RiscV_BD_branch_fsm_0_0/sim/RiscV_BD_branch_fsm_0_0.v" into library xil_defaultlib
INFO: [VRFC 10-311] analyzing module RiscV_BD_branch_fsm_0_0
INFO: [VRFC 10-2263] Analyzing Verilog file "C:/Users/jaswa/VLSI_LAB/Course Project/FINAL_TEST2/FINAL_TEST2.ip_user_files/bd/RiscV_BD/ip/RiscV_BD_mul_fsm_0_0/sim/RiscV_BD_mul_fsm_0_0.v" into library xil_defaultlib
INFO: [VRFC 10-311] analyzing module RiscV_BD_mul_fsm_0_0
INFO: [VRFC 10-2263] Analyzing Verilog file "C:/Users/jaswa/VLSI_LAB/Course Project/FINAL_TEST2/FINAL_TEST2.ip_user_files/bd/RiscV_BD/ip/RiscV_BD_EX_MA_PR_0_0/sim/RiscV_BD_EX_MA_PR_0_0.v" into library xil_defaultlib
INFO: [VRFC 10-311] analyzing module RiscV_BD_EX_MA_PR_0_0
INFO: [VRFC 10-2263] Analyzing Verilog file "C:/Users/jaswa/VLSI_LAB/Course Project/FINAL_TEST2/FINAL_TEST2.ip_user_files/bd/RiscV_BD/ip/RiscV_BD_MA_WB_PR_0_0/sim/RiscV_BD_MA_WB_PR_0_0.v" into library xil_defaultlib
INFO: [VRFC 10-311] analyzing module RiscV_BD_MA_WB_PR_0_0
INFO: [VRFC 10-2263] Analyzing Verilog file "C:/Users/jaswa/VLSI_LAB/Course Project/FINAL_TEST2/FINAL_TEST2.ip_user_files/bd/RiscV_BD/ip/RiscV_BD_load_extend_0_0/sim/RiscV_BD_load_extend_0_0.v" into library xil_defaultlib
INFO: [VRFC 10-311] analyzing module RiscV_BD_load_extend_0_0
INFO: [VRFC 10-2263] Analyzing Verilog file "C:/Users/jaswa/VLSI_LAB/Course Project/FINAL_TEST2/FINAL_TEST2.ip_user_files/bd/RiscV_BD/ip/RiscV_BD_Write_back_Mux_0_0/sim/RiscV_BD_Write_back_Mux_0_0.v" into library xil_defaultlib
INFO: [VRFC 10-311] analyzing module RiscV_BD_Write_back_Mux_0_0
INFO: [VRFC 10-2263] Analyzing Verilog file "C:/Users/jaswa/VLSI_LAB/Course Project/FINAL_TEST2/FINAL_TEST2.ip_user_files/bd/RiscV_BD/ip/RiscV_BD_combinational_0_0/sim/RiscV_BD_combinational_0_0.v" into library xil_defaultlib
INFO: [VRFC 10-311] analyzing module RiscV_BD_combinational_0_0
INFO: [VRFC 10-2263] Analyzing Verilog file "C:/Users/jaswa/VLSI_LAB/Course Project/FINAL_TEST2/FINAL_TEST2.ip_user_files/bd/RiscV_BD/ip/RiscV_BD_instr_retire_mux_0_0/sim/RiscV_BD_instr_retire_mux_0_0.v" into library xil_defaultlib
INFO: [VRFC 10-311] analyzing module RiscV_BD_instr_retire_mux_0_0
INFO: [VRFC 10-2263] Analyzing Verilog file "C:/Users/jaswa/VLSI_LAB/Course Project/FINAL_TEST2/FINAL_TEST2.ip_user_files/bd/RiscV_BD/ip/RiscV_BD_blk_mem_gen_0_0/sim/RiscV_BD_blk_mem_gen_0_0.v" into library xil_defaultlib
INFO: [VRFC 10-311] analyzing module RiscV_BD_blk_mem_gen_0_0
INFO: [VRFC 10-2263] Analyzing Verilog file "C:/Users/jaswa/VLSI_LAB/Course Project/FINAL_TEST2/FINAL_TEST2.ip_user_files/bd/RiscV_BD/ip/RiscV_BD_blk_mem_gen_1_0/sim/RiscV_BD_blk_mem_gen_1_0.v" into library xil_defaultlib
INFO: [VRFC 10-311] analyzing module RiscV_BD_blk_mem_gen_1_0
INFO: [VRFC 10-2263] Analyzing Verilog file "C:/Users/jaswa/VLSI_LAB/Course Project/FINAL_TEST2/FINAL_TEST2.ip_user_files/bd/RiscV_BD/ip/RiscV_BD_concat_2to1_0_0/sim/RiscV_BD_concat_2to1_0_0.v" into library xil_defaultlib
INFO: [VRFC 10-311] analyzing module RiscV_BD_concat_2to1_0_0
INFO: [VRFC 10-2263] Analyzing Verilog file "C:/Users/jaswa/VLSI_LAB/Course Project/FINAL_TEST2/FINAL_TEST2.ip_user_files/bd/RiscV_BD/ip/RiscV_BD_concat_2to1_1_0/sim/RiscV_BD_concat_2to1_1_0.v" into library xil_defaultlib
INFO: [VRFC 10-311] analyzing module RiscV_BD_concat_2to1_1_0
INFO: [VRFC 10-2263] Analyzing Verilog file "C:/Users/jaswa/VLSI_LAB/Course Project/FINAL_TEST2/FINAL_TEST2.ip_user_files/bd/RiscV_BD/ip/RiscV_BD_hazard_unit_0_0/sim/RiscV_BD_hazard_unit_0_0.v" into library xil_defaultlib
INFO: [VRFC 10-311] analyzing module RiscV_BD_hazard_unit_0_0
INFO: [VRFC 10-2263] Analyzing Verilog file "C:/Users/jaswa/VLSI_LAB/Course Project/FINAL_TEST2/FINAL_TEST2.ip_user_files/bd/RiscV_BD/ip/RiscV_BD_pc_0_0/sim/RiscV_BD_pc_0_0.v" into library xil_defaultlib
INFO: [VRFC 10-311] analyzing module RiscV_BD_pc_0_0
INFO: [VRFC 10-2263] Analyzing Verilog file "C:/Users/jaswa/VLSI_LAB/Course Project/FINAL_TEST2/FINAL_TEST2.ip_user_files/bd/RiscV_BD/ip/RiscV_BD_concat_2to1_2_0/sim/RiscV_BD_concat_2to1_2_0.v" into library xil_defaultlib
INFO: [VRFC 10-311] analyzing module RiscV_BD_concat_2to1_2_0
INFO: [VRFC 10-2263] Analyzing Verilog file "C:/Users/jaswa/VLSI_LAB/Course Project/FINAL_TEST2/FINAL_TEST2.ip_user_files/bd/RiscV_BD/ip/RiscV_BD_ID_EX_PR_0_0/sim/RiscV_BD_ID_EX_PR_0_0.v" into library xil_defaultlib
INFO: [VRFC 10-311] analyzing module RiscV_BD_ID_EX_PR_0_0
INFO: [VRFC 10-2263] Analyzing Verilog file "C:/Users/jaswa/VLSI_LAB/Course Project/FINAL_TEST2/FINAL_TEST2.ip_user_files/bd/RiscV_BD/ip/RiscV_BD_ALU_OPER_0_0/sim/RiscV_BD_ALU_OPER_0_0.v" into library xil_defaultlib
INFO: [VRFC 10-311] analyzing module RiscV_BD_ALU_OPER_0_0
INFO: [VRFC 10-2263] Analyzing Verilog file "C:/Users/jaswa/VLSI_LAB/Course Project/FINAL_TEST2/FINAL_TEST2.ip_user_files/bd/RiscV_BD/ip/RiscV_BD_IF_ID_PR_0_0/sim/RiscV_BD_IF_ID_PR_0_0.v" into library xil_defaultlib
INFO: [VRFC 10-311] analyzing module RiscV_BD_IF_ID_PR_0_0
INFO: [VRFC 10-2263] Analyzing Verilog file "C:/Users/jaswa/VLSI_LAB/Course Project/FINAL_TEST2/FINAL_TEST2.ip_user_files/bd/RiscV_BD/ip/RiscV_BD_or_gate_1_0/sim/RiscV_BD_or_gate_1_0.v" into library xil_defaultlib
INFO: [VRFC 10-311] analyzing module RiscV_BD_or_gate_1_0
INFO: [VRFC 10-2263] Analyzing Verilog file "C:/Users/jaswa/VLSI_LAB/Course Project/FINAL_TEST2/FINAL_TEST2.ip_user_files/bd/RiscV_BD/ip/RiscV_BD_valid_gen_0_0/sim/RiscV_BD_valid_gen_0_0.v" into library xil_defaultlib
INFO: [VRFC 10-311] analyzing module RiscV_BD_valid_gen_0_0
INFO: [VRFC 10-2263] Analyzing Verilog file "C:/Users/jaswa/VLSI_LAB/Course Project/FINAL_TEST2/FINAL_TEST2.ip_user_files/bd/RiscV_BD/sim/RiscV_BD.v" into library xil_defaultlib
INFO: [VRFC 10-311] analyzing module RiscV_BD
INFO: [VRFC 10-2263] Analyzing Verilog file "C:/Users/jaswa/VLSI_LAB/Course Project/FINAL_TEST2/FINAL_TEST2.gen/sources_1/bd/RiscV_BD/hdl/RiscV_BD_wrapper.v" into library xil_defaultlib
INFO: [VRFC 10-311] analyzing module RiscV_BD_wrapper
INFO: [VRFC 10-2263] Analyzing Verilog file "C:/Users/jaswa/VLSI_LAB/Course Project/FINAL_TEST2/FINAL_TEST2.srcs/sim_1/new/RiscV_BD_wrapper_tb.v" into library xil_defaultlib
INFO: [VRFC 10-311] analyzing module RiscV_BD_wrapper_tb
run_program: Time (s): cpu = 00:00:01 ; elapsed = 00:00:07 . Memory (MB): peak = 1732.375 ; gain = 0.000
INFO: [USF-XSim-69] 'compile' step finished in '7' seconds
INFO: [USF-XSim-3] XSim::Elaborate design
INFO: [USF-XSim-61] Executing 'ELABORATE' step in 'C:/Users/jaswa/VLSI_LAB/Course Project/FINAL_TEST2/FINAL_TEST2.sim/sim_1/behav/xsim'
"xelab -wto 825d914d5bae4902b22375897d789401 --incr --debug typical --relax --mt 2 -L xil_defaultlib -L blk_mem_gen_v8_4_4 -L unisims_ver -L unimacro_ver -L secureip -L xpm --snapshot RiscV_BD_wrapper_tb_behav xil_defaultlib.RiscV_BD_wrapper_tb xil_defaultlib.glbl -log elaborate.log"
Vivado Simulator 2020.2
Copyright 1986-1999, 2001-2020 Xilinx, Inc. All Rights Reserved.
Running: C:/Xilinx/Vivado/2020.2/bin/unwrapped/win64.o/xelab.exe -wto 825d914d5bae4902b22375897d789401 --incr --debug typical --relax --mt 2 -L xil_defaultlib -L blk_mem_gen_v8_4_4 -L unisims_ver -L unimacro_ver -L secureip -L xpm --snapshot RiscV_BD_wrapper_tb_behav xil_defaultlib.RiscV_BD_wrapper_tb xil_defaultlib.glbl -log elaborate.log 
Using 2 slave threads.
Starting static elaboration
Pass Through NonSizing Optimizer
Completed static elaboration
Starting simulation data flow analysis
Completed simulation data flow analysis
Time Resolution for simulation is 1ps
Compiling module xil_defaultlib.Booth_PP
Compiling module xil_defaultlib.Dadda_stage1
Compiling module xil_defaultlib.Dadda_stage2
Compiling module xil_defaultlib.mul_top
Compiling module xil_defaultlib.ALU_OPER
Compiling module xil_defaultlib.RiscV_BD_ALU_OPER_0_0
Compiling module xil_defaultlib.EX_MA_PR
Compiling module xil_defaultlib.RiscV_BD_EX_MA_PR_0_0
Compiling module xil_defaultlib.ID_EX_PR
Compiling module xil_defaultlib.RiscV_BD_ID_EX_PR_0_0
Compiling module xil_defaultlib.IF_ID_PR
Compiling module xil_defaultlib.RiscV_BD_IF_ID_PR_0_0
Compiling module xil_defaultlib.MA_WB_PR
Compiling module xil_defaultlib.RiscV_BD_MA_WB_PR_0_0
Compiling module xil_defaultlib.Booth_PP_FM
Compiling module xil_defaultlib.Dadda_tree
Compiling module xil_defaultlib.Q16_16_Mult
Compiling module xil_defaultlib.RiscV_BD_Q16_16_Mult_0_0
Compiling module xil_defaultlib.Write_back_Mux
Compiling module xil_defaultlib.RiscV_BD_Write_back_Mux_0_0
Compiling module xil_defaultlib.alu_fixed_point_mux
Compiling module xil_defaultlib.RiscV_BD_alu_fixed_point_mux_0_0
Compiling module xil_defaultlib.alu_muxes
Compiling module xil_defaultlib.RiscV_BD_alu_muxes_0_2
Compiling module blk_mem_gen_v8_4_4.blk_mem_gen_v8_4_4_output_stage(...
Compiling module blk_mem_gen_v8_4_4.blk_mem_gen_v8_4_4_softecc_outpu...
Compiling module blk_mem_gen_v8_4_4.blk_mem_gen_v8_4_4_mem_module(C_...
Compiling module blk_mem_gen_v8_4_4.blk_mem_gen_v8_4_4(C_FAMILY="zyn...
Compiling module xil_defaultlib.RiscV_BD_blk_mem_gen_0_0
Compiling module blk_mem_gen_v8_4_4.blk_mem_gen_v8_4_4_mem_module(C_...
Compiling module blk_mem_gen_v8_4_4.blk_mem_gen_v8_4_4(C_FAMILY="zyn...
Compiling module xil_defaultlib.RiscV_BD_blk_mem_gen_1_0
Compiling module xil_defaultlib.branch_fsm
Compiling module xil_defaultlib.RiscV_BD_branch_fsm_0_0
Compiling module xil_defaultlib.combinational
Compiling module xil_defaultlib.RiscV_BD_combinational_0_0
Compiling module xil_defaultlib.concat_2to1
Compiling module xil_defaultlib.RiscV_BD_concat_2to1_0_0
Compiling module xil_defaultlib.RiscV_BD_concat_2to1_1_0
Compiling module xil_defaultlib.RiscV_BD_concat_2to1_2_0
Compiling module xil_defaultlib.controller
Compiling module xil_defaultlib.RiscV_BD_controller_0_0
Compiling module xil_defaultlib.csr
Compiling module xil_defaultlib.RiscV_BD_csr_0_0
Compiling module xil_defaultlib.csr_mux
Compiling module xil_defaultlib.RiscV_BD_csr_mux_0_0
Compiling module xil_defaultlib.forwarding_mux
Compiling module xil_defaultlib.RiscV_BD_forwarding_mux_0_0
Compiling module xil_defaultlib.hazard_unit
Compiling module xil_defaultlib.RiscV_BD_hazard_unit_0_0
Compiling module xil_defaultlib.imm_extend
Compiling module xil_defaultlib.RiscV_BD_imm_extend_0_0
Compiling module xil_defaultlib.instr_retire_mux
Compiling module xil_defaultlib.RiscV_BD_instr_retire_mux_0_0
Compiling module xil_defaultlib.load_extend
Compiling module xil_defaultlib.RiscV_BD_load_extend_0_0
Compiling module xil_defaultlib.mul_fsm
Compiling module xil_defaultlib.RiscV_BD_mul_fsm_0_0
Compiling module xil_defaultlib.or_gate
Compiling module xil_defaultlib.RiscV_BD_or_gate_1_0
Compiling module xil_defaultlib.pc
Compiling module xil_defaultlib.RiscV_BD_pc_0_0
Compiling module xil_defaultlib.register_file
Compiling module xil_defaultlib.RiscV_BD_register_file_0_0
Compiling module xil_defaultlib.valid_gen
Compiling module xil_defaultlib.RiscV_BD_valid_gen_0_0
Compiling module xil_defaultlib.RiscV_BD
Compiling module xil_defaultlib.RiscV_BD_wrapper
Compiling module xil_defaultlib.RiscV_BD_wrapper_tb
Compiling module xil_defaultlib.glbl
Built simulation snapshot RiscV_BD_wrapper_tb_behav
run_program: Time (s): cpu = 00:00:00 ; elapsed = 00:00:10 . Memory (MB): peak = 1732.375 ; gain = 0.000
INFO: [USF-XSim-69] 'elaborate' step finished in '9' seconds
INFO: [USF-XSim-4] XSim::Simulate design
INFO: [USF-XSim-61] Executing 'SIMULATE' step in 'C:/Users/jaswa/VLSI_LAB/Course Project/FINAL_TEST2/FINAL_TEST2.sim/sim_1/behav/xsim'
INFO: [USF-XSim-98] *** Running xsim
   with args "RiscV_BD_wrapper_tb_behav -key {Behavioral:sim_1:Functional:RiscV_BD_wrapper_tb} -tclbatch {RiscV_BD_wrapper_tb.tcl} -protoinst "protoinst_files/RiscV_BD.protoinst" -view {{C:/Users/jaswa/VLSI_LAB/Course Project/FINAL_TEST2/FINAL_TEST2.srcs/sim_1/imports/VLSI_RISC_V_IM/RiscV_BD_wrapper_tb_behav.wcfg}} -log {simulate.log}"
INFO: [USF-XSim-8] Loading simulator feature
Vivado Simulator 2020.2
INFO: [Wavedata 42-565] Reading protoinst file protoinst_files/RiscV_BD.protoinst
Time resolution is 1 ps
open_wave_config {C:/Users/jaswa/VLSI_LAB/Course Project/FINAL_TEST2/FINAL_TEST2.srcs/sim_1/imports/VLSI_RISC_V_IM/RiscV_BD_wrapper_tb_behav.wcfg}
WARNING: Simulation object /RiscV_BD_wrapper_tb/uut/RiscV_BD_i/blk_mem_gen_0/rsta was not found in the design.
source RiscV_BD_wrapper_tb.tcl
# set curr_wave [current_wave_config]
# if { [string length $curr_wave] == 0 } {
#   if { [llength [get_objects]] > 0} {
#     add_wave /
#     set_property needs_save false [current_wave_config]
#   } else {
#      send_msg_id Add_Wave-1 WARNING "No top level signals found. Simulator will start without a wave window. If you want to open a wave window go to 'File->New Waveform Configuration' or type 'create_wave_config' in the TCL console."
#   }
# }
# run 1000ns
 Block Memory Generator module loading initial data...
 Block Memory Generator data initialization complete.
Block Memory Generator module RiscV_BD_wrapper_tb.uut.RiscV_BD_i.blk_mem_gen_0.inst.\native_mem_mapped_module.blk_mem_gen_v8_4_4_inst  is using a behavioral model for simulation which will not precisely model memory collision behavior.
 Block Memory Generator module loading initial data...
 Block Memory Generator data initialization complete.
Block Memory Generator module RiscV_BD_wrapper_tb.uut.RiscV_BD_i.blk_mem_gen_1.inst.\native_mem_mapped_module.blk_mem_gen_v8_4_4_inst  is using a behavioral model for simulation which will not precisely model memory collision behavior.
Simulation complete.
$finish called at time : 2115 ps : File "C:/Users/jaswa/VLSI_LAB/Course Project/FINAL_TEST2/FINAL_TEST2.srcs/sim_1/new/RiscV_BD_wrapper_tb.v" Line 35
xsim: Time (s): cpu = 00:00:04 ; elapsed = 00:00:06 . Memory (MB): peak = 1732.375 ; gain = 0.000
INFO: [USF-XSim-96] XSim completed. Design snapshot 'RiscV_BD_wrapper_tb_behav' loaded.
INFO: [USF-XSim-97] XSim simulation ran for 1000ns
launch_simulation: Time (s): cpu = 00:00:05 ; elapsed = 00:00:24 . Memory (MB): peak = 1732.375 ; gain = 0.000
restart
INFO: [Simtcl 6-17] Simulation restarted
run all
 Block Memory Generator module loading initial data...
 Block Memory Generator data initialization complete.
Block Memory Generator module RiscV_BD_wrapper_tb.uut.RiscV_BD_i.blk_mem_gen_0.inst.\native_mem_mapped_module.blk_mem_gen_v8_4_4_inst  is using a behavioral model for simulation which will not precisely model memory collision behavior.
 Block Memory Generator module loading initial data...
 Block Memory Generator data initialization complete.
Block Memory Generator module RiscV_BD_wrapper_tb.uut.RiscV_BD_i.blk_mem_gen_1.inst.\native_mem_mapped_module.blk_mem_gen_v8_4_4_inst  is using a behavioral model for simulation which will not precisely model memory collision behavior.
Simulation complete.
$finish called at time : 2115 ps : File "C:/Users/jaswa/VLSI_LAB/Course Project/FINAL_TEST2/FINAL_TEST2.srcs/sim_1/new/RiscV_BD_wrapper_tb.v" Line 35
CRITICAL WARNING: [filemgmt 56-176] Module references are not supported in manual compile order mode and will be ignored.
CRITICAL WARNING: [filemgmt 56-176] Module references are not supported in manual compile order mode and will be ignored.
CRITICAL WARNING: [filemgmt 56-176] Module references are not supported in manual compile order mode and will be ignored.
CRITICAL WARNING: [filemgmt 56-176] Module references are not supported in manual compile order mode and will be ignored.
CRITICAL WARNING: [filemgmt 56-176] Module references are not supported in manual compile order mode and will be ignored.
CRITICAL WARNING: [filemgmt 56-176] Module references are not supported in manual compile order mode and will be ignored.
CRITICAL WARNING: [filemgmt 56-176] Module references are not supported in manual compile order mode and will be ignored.
CRITICAL WARNING: [filemgmt 56-176] Module references are not supported in manual compile order mode and will be ignored.
CRITICAL WARNING: [filemgmt 56-176] Module references are not supported in manual compile order mode and will be ignored.
CRITICAL WARNING: [filemgmt 56-176] Module references are not supported in manual compile order mode and will be ignored.
CRITICAL WARNING: [filemgmt 56-176] Module references are not supported in manual compile order mode and will be ignored.
CRITICAL WARNING: [filemgmt 56-176] Module references are not supported in manual compile order mode and will be ignored.
CRITICAL WARNING: [filemgmt 56-176] Module references are not supported in manual compile order mode and will be ignored.
CRITICAL WARNING: [filemgmt 56-176] Module references are not supported in manual compile order mode and will be ignored.
CRITICAL WARNING: [filemgmt 56-176] Module references are not supported in manual compile order mode and will be ignored.
CRITICAL WARNING: [filemgmt 56-176] Module references are not supported in manual compile order mode and will be ignored.
CRITICAL WARNING: [filemgmt 56-176] Module references are not supported in manual compile order mode and will be ignored.
CRITICAL WARNING: [filemgmt 56-176] Module references are not supported in manual compile order mode and will be ignored.
CRITICAL WARNING: [filemgmt 56-176] Module references are not supported in manual compile order mode and will be ignored.
CRITICAL WARNING: [filemgmt 56-176] Module references are not supported in manual compile order mode and will be ignored.
CRITICAL WARNING: [filemgmt 56-176] Module references are not supported in manual compile order mode and will be ignored.
CRITICAL WARNING: [filemgmt 56-176] Module references are not supported in manual compile order mode and will be ignored.
CRITICAL WARNING: [filemgmt 56-176] Module references are not supported in manual compile order mode and will be ignored.
CRITICAL WARNING: [filemgmt 56-176] Module references are not supported in manual compile order mode and will be ignored.
CRITICAL WARNING: [filemgmt 56-176] Module references are not supported in manual compile order mode and will be ignored.
CRITICAL WARNING: [filemgmt 56-176] Module references are not supported in manual compile order mode and will be ignored.
CRITICAL WARNING: [filemgmt 56-176] Module references are not supported in manual compile order mode and will be ignored.
save_wave_config {C:/Users/jaswa/VLSI_LAB/Course Project/FINAL_TEST2/FINAL_TEST2.srcs/sim_1/imports/VLSI_RISC_V_IM/RiscV_BD_wrapper_tb_behav.wcfg}
close_sim
INFO: [Simtcl 6-16] Simulation closed
launch_simulation
Command: launch_simulation 
INFO: [Vivado 12-5682] Launching behavioral simulation in 'C:/Users/jaswa/VLSI_LAB/Course Project/FINAL_TEST2/FINAL_TEST2.sim/sim_1/behav/xsim'
INFO: [Vivado 12-4795] Using compiled simulation libraries for IPs
INFO: [SIM-utils-51] Simulation object is 'sim_1'
INFO: [USF-XSim-7] Finding pre-compiled libraries...
INFO: [USF-XSim-11] File 'C:/Xilinx/Vivado/2020.2/data/xsim/xsim.ini' copied to run dir:'C:/Users/jaswa/VLSI_LAB/Course Project/FINAL_TEST2/FINAL_TEST2.sim/sim_1/behav/xsim'
INFO: [SIM-utils-54] Inspecting design source files for 'RiscV_BD_wrapper_tb' in fileset 'sim_1'...
INFO: [SIM-utils-43] Exported 'C:/Users/jaswa/VLSI_LAB/Course Project/FINAL_TEST2/FINAL_TEST2.sim/sim_1/behav/xsim/instruction_memory.coe'
INFO: [SIM-utils-43] Exported 'C:/Users/jaswa/VLSI_LAB/Course Project/FINAL_TEST2/FINAL_TEST2.sim/sim_1/behav/xsim/RiscV_BD_blk_mem_gen_0_0.mif'
INFO: [SIM-utils-43] Exported 'C:/Users/jaswa/VLSI_LAB/Course Project/FINAL_TEST2/FINAL_TEST2.sim/sim_1/behav/xsim/data_memory.coe'
INFO: [SIM-utils-43] Exported 'C:/Users/jaswa/VLSI_LAB/Course Project/FINAL_TEST2/FINAL_TEST2.sim/sim_1/behav/xsim/RiscV_BD_blk_mem_gen_1_0.mif'
INFO: [SIM-utils-43] Exported 'C:/Users/jaswa/VLSI_LAB/Course Project/FINAL_TEST2/FINAL_TEST2.sim/sim_1/behav/xsim/instruction_memory.coe'
INFO: [USF-XSim-97] Finding global include files...
INFO: [USF-XSim-100] Fetching design files from 'sources_1'...(this may take a while)...
INFO: [USF-XSim-101] Fetching design files from 'sim_1'...
INFO: [USF-XSim-2] XSim::Compile design
INFO: [USF-XSim-61] Executing 'COMPILE and ANALYZE' step in 'C:/Users/jaswa/VLSI_LAB/Course Project/FINAL_TEST2/FINAL_TEST2.sim/sim_1/behav/xsim'
"xvlog --incr --relax -prj RiscV_BD_wrapper_tb_vlog.prj"
INFO: [VRFC 10-2263] Analyzing Verilog file "C:/Users/jaswa/VLSI_LAB/Course Project/FINAL_TEST2/FINAL_TEST2.srcs/sources_1/imports/sources_1/imports/new/Booth_PP.v" into library xil_defaultlib
INFO: [VRFC 10-311] analyzing module Booth_PP_FM
INFO: [VRFC 10-2263] Analyzing Verilog file "C:/Users/jaswa/VLSI_LAB/Course Project/FINAL_TEST2/FINAL_TEST2.srcs/sources_1/imports/new/Dadda_tree.v" into library xil_defaultlib
INFO: [VRFC 10-311] analyzing module Dadda_tree
INFO: [VRFC 10-2263] Analyzing Verilog file "C:/Users/jaswa/VLSI_LAB/Course Project/FINAL_TEST2/FINAL_TEST2.srcs/sources_1/imports/new/Q16_16.v" into library xil_defaultlib
INFO: [VRFC 10-311] analyzing module Q16_16_Mult
INFO: [VRFC 10-2263] Analyzing Verilog file "C:/Users/jaswa/VLSI_LAB/Course Project/FINAL_TEST2/FINAL_TEST2.srcs/sources_1/imports/COURSE PRPJECT/Decode/reg_file.v" into library xil_defaultlib
INFO: [VRFC 10-311] analyzing module register_file
INFO: [VRFC 10-2263] Analyzing Verilog file "C:/Users/jaswa/VLSI_LAB/Course Project/FINAL_TEST2/FINAL_TEST2.srcs/sources_1/imports/COURSE PRPJECT/Decode/imm_extend.v" into library xil_defaultlib
INFO: [VRFC 10-311] analyzing module imm_extend
INFO: [VRFC 10-2263] Analyzing Verilog file "C:/Users/jaswa/VLSI_LAB/Course Project/FINAL_TEST2/FINAL_TEST2.srcs/sources_1/imports/codes/min_csr.v" into library xil_defaultlib
INFO: [VRFC 10-311] analyzing module csr
INFO: [VRFC 10-2263] Analyzing Verilog file "C:/Users/jaswa/VLSI_LAB/Course Project/FINAL_TEST2/FINAL_TEST2.srcs/sources_1/imports/codes/controller.v" into library xil_defaultlib
INFO: [VRFC 10-311] analyzing module controller
INFO: [VRFC 10-2263] Analyzing Verilog file "C:/Users/jaswa/VLSI_LAB/Course Project/FINAL_TEST2/FINAL_TEST2.srcs/sources_1/imports/codes/alu_fixed_point_mux.v" into library xil_defaultlib
INFO: [VRFC 10-311] analyzing module alu_fixed_point_mux
INFO: [VRFC 10-2263] Analyzing Verilog file "C:/Users/jaswa/VLSI_LAB/Course Project/FINAL_TEST2/FINAL_TEST2.srcs/sources_1/imports/codes/csr_mux.v" into library xil_defaultlib
INFO: [VRFC 10-311] analyzing module csr_mux
INFO: [VRFC 10-2263] Analyzing Verilog file "C:/Users/jaswa/VLSI_LAB/Course Project/FINAL_TEST2/FINAL_TEST2.srcs/sources_1/imports/codes/forwarding_mux.v" into library xil_defaultlib
INFO: [VRFC 10-311] analyzing module forwarding_mux
INFO: [VRFC 10-2263] Analyzing Verilog file "C:/Users/jaswa/VLSI_LAB/Course Project/FINAL_TEST2/FINAL_TEST2.srcs/sources_1/imports/codes/alu_muxes.v" into library xil_defaultlib
INFO: [VRFC 10-311] analyzing module alu_muxes
INFO: [VRFC 10-2458] undeclared symbol alu_op, assumed default net type wire [C:/Users/jaswa/VLSI_LAB/Course Project/FINAL_TEST2/FINAL_TEST2.srcs/sources_1/imports/codes/alu_muxes.v:49]
INFO: [VRFC 10-2263] Analyzing Verilog file "C:/Users/jaswa/VLSI_LAB/Course Project/FINAL_TEST2/FINAL_TEST2.srcs/sources_1/imports/codes/branch_fsm.v" into library xil_defaultlib
INFO: [VRFC 10-311] analyzing module branch_fsm
INFO: [VRFC 10-2263] Analyzing Verilog file "C:/Users/jaswa/VLSI_LAB/Course Project/FINAL_TEST2/FINAL_TEST2.srcs/sources_1/imports/codes/mul_fsm.v" into library xil_defaultlib
INFO: [VRFC 10-311] analyzing module mul_fsm
INFO: [VRFC 10-2263] Analyzing Verilog file "C:/Users/jaswa/VLSI_LAB/Course Project/FINAL_TEST2/FINAL_TEST2.srcs/sources_1/new/EX_MA_PR.v" into library xil_defaultlib
INFO: [VRFC 10-311] analyzing module EX_MA_PR
INFO: [VRFC 10-2263] Analyzing Verilog file "C:/Users/jaswa/VLSI_LAB/Course Project/FINAL_TEST2/FINAL_TEST2.srcs/sources_1/new/MA_WB_PR.v" into library xil_defaultlib
INFO: [VRFC 10-311] analyzing module MA_WB_PR
INFO: [VRFC 10-2263] Analyzing Verilog file "C:/Users/jaswa/VLSI_LAB/Course Project/FINAL_TEST2/FINAL_TEST2.srcs/sources_1/imports/codes/load_extend.v" into library xil_defaultlib
INFO: [VRFC 10-311] analyzing module load_extend
INFO: [VRFC 10-2263] Analyzing Verilog file "C:/Users/jaswa/VLSI_LAB/Course Project/FINAL_TEST2/FINAL_TEST2.srcs/sources_1/new/Write_back_Mux.v" into library xil_defaultlib
INFO: [VRFC 10-311] analyzing module Write_back_Mux
INFO: [VRFC 10-2263] Analyzing Verilog file "C:/Users/jaswa/VLSI_LAB/Course Project/FINAL_TEST2/FINAL_TEST2.srcs/sources_1/new/combinational.v" into library xil_defaultlib
INFO: [VRFC 10-311] analyzing module combinational
INFO: [VRFC 10-2263] Analyzing Verilog file "C:/Users/jaswa/VLSI_LAB/Course Project/FINAL_TEST2/FINAL_TEST2.srcs/sources_1/imports/codes/inst_retire_mux.v" into library xil_defaultlib
INFO: [VRFC 10-311] analyzing module instr_retire_mux
INFO: [VRFC 10-2263] Analyzing Verilog file "C:/Users/jaswa/VLSI_LAB/Course Project/FINAL_TEST2/FINAL_TEST2.srcs/sources_1/new/concat_2to1.v" into library xil_defaultlib
INFO: [VRFC 10-311] analyzing module concat_2to1
INFO: [VRFC 10-2263] Analyzing Verilog file "C:/Users/jaswa/VLSI_LAB/Course Project/FINAL_TEST2/FINAL_TEST2.srcs/sources_1/new/hazard_unit.v" into library xil_defaultlib
INFO: [VRFC 10-311] analyzing module hazard_unit
INFO: [VRFC 10-2263] Analyzing Verilog file "C:/Users/jaswa/VLSI_LAB/Course Project/FINAL_TEST2/FINAL_TEST2.srcs/sources_1/imports/DESIGN LAB/pc.v" into library xil_defaultlib
INFO: [VRFC 10-311] analyzing module pc
INFO: [VRFC 10-2263] Analyzing Verilog file "C:/Users/jaswa/VLSI_LAB/Course Project/FINAL_TEST2/FINAL_TEST2.srcs/sources_1/new/ID_EX_PR.v" into library xil_defaultlib
INFO: [VRFC 10-311] analyzing module ID_EX_PR
INFO: [VRFC 10-2263] Analyzing Verilog file "C:/Users/jaswa/VLSI_LAB/Course Project/FINAL_TEST2/FINAL_TEST2.srcs/sources_1/imports/new/Booth_PP.v" into library xil_defaultlib
INFO: [VRFC 10-311] analyzing module Booth_PP
INFO: [VRFC 10-2263] Analyzing Verilog file "C:/Users/jaswa/VLSI_LAB/Course Project/FINAL_TEST2/FINAL_TEST2.srcs/sources_1/imports/sources_1/imports/new/Dadda_Stage_1.v" into library xil_defaultlib
INFO: [VRFC 10-311] analyzing module Dadda_stage1
INFO: [VRFC 10-2263] Analyzing Verilog file "C:/Users/jaswa/VLSI_LAB/Course Project/FINAL_TEST2/FINAL_TEST2.srcs/sources_1/imports/sources_1/imports/new/Dadda_stage_2.v" into library xil_defaultlib
INFO: [VRFC 10-311] analyzing module Dadda_stage2
INFO: [VRFC 10-2263] Analyzing Verilog file "C:/Users/jaswa/VLSI_LAB/Course Project/FINAL_TEST2/FINAL_TEST2.srcs/sources_1/imports/sources_1/imports/new/mul_top.v" into library xil_defaultlib
INFO: [VRFC 10-311] analyzing module mul_top
INFO: [VRFC 10-2263] Analyzing Verilog file "C:/Users/jaswa/VLSI_LAB/Course Project/FINAL_TEST2/FINAL_TEST2.srcs/sources_1/imports/sources_1/new/ALU_OPER.v" into library xil_defaultlib
INFO: [VRFC 10-311] analyzing module ALU_OPER
INFO: [VRFC 10-2263] Analyzing Verilog file "C:/Users/jaswa/VLSI_LAB/Course Project/FINAL_TEST2/FINAL_TEST2.srcs/sources_1/new/IF_ID_PR.v" into library xil_defaultlib
INFO: [VRFC 10-311] analyzing module IF_ID_PR
INFO: [VRFC 10-2263] Analyzing Verilog file "C:/Users/jaswa/VLSI_LAB/Course Project/FINAL_TEST2/FINAL_TEST2.srcs/sources_1/new/OR_gate.v" into library xil_defaultlib
INFO: [VRFC 10-311] analyzing module or_gate
INFO: [VRFC 10-2263] Analyzing Verilog file "C:/Users/jaswa/VLSI_LAB/Course Project/FINAL_TEST2/FINAL_TEST2.srcs/sources_1/new/valid_gen.v" into library xil_defaultlib
INFO: [VRFC 10-311] analyzing module valid_gen
INFO: [VRFC 10-2263] Analyzing Verilog file "C:/Users/jaswa/VLSI_LAB/Course Project/FINAL_TEST2/FINAL_TEST2.ip_user_files/bd/RiscV_BD/ip/RiscV_BD_Q16_16_Mult_0_0/sim/RiscV_BD_Q16_16_Mult_0_0.v" into library xil_defaultlib
INFO: [VRFC 10-311] analyzing module RiscV_BD_Q16_16_Mult_0_0
INFO: [VRFC 10-2263] Analyzing Verilog file "C:/Users/jaswa/VLSI_LAB/Course Project/FINAL_TEST2/FINAL_TEST2.ip_user_files/bd/RiscV_BD/ip/RiscV_BD_register_file_0_0/sim/RiscV_BD_register_file_0_0.v" into library xil_defaultlib
INFO: [VRFC 10-311] analyzing module RiscV_BD_register_file_0_0
INFO: [VRFC 10-2263] Analyzing Verilog file "C:/Users/jaswa/VLSI_LAB/Course Project/FINAL_TEST2/FINAL_TEST2.ip_user_files/bd/RiscV_BD/ip/RiscV_BD_imm_extend_0_0/sim/RiscV_BD_imm_extend_0_0.v" into library xil_defaultlib
INFO: [VRFC 10-311] analyzing module RiscV_BD_imm_extend_0_0
INFO: [VRFC 10-2263] Analyzing Verilog file "C:/Users/jaswa/VLSI_LAB/Course Project/FINAL_TEST2/FINAL_TEST2.ip_user_files/bd/RiscV_BD/ip/RiscV_BD_csr_0_0/sim/RiscV_BD_csr_0_0.v" into library xil_defaultlib
INFO: [VRFC 10-311] analyzing module RiscV_BD_csr_0_0
INFO: [VRFC 10-2263] Analyzing Verilog file "C:/Users/jaswa/VLSI_LAB/Course Project/FINAL_TEST2/FINAL_TEST2.ip_user_files/bd/RiscV_BD/ip/RiscV_BD_controller_0_0/sim/RiscV_BD_controller_0_0.v" into library xil_defaultlib
INFO: [VRFC 10-311] analyzing module RiscV_BD_controller_0_0
INFO: [VRFC 10-2263] Analyzing Verilog file "C:/Users/jaswa/VLSI_LAB/Course Project/FINAL_TEST2/FINAL_TEST2.ip_user_files/bd/RiscV_BD/ip/RiscV_BD_alu_fixed_point_mux_0_0/sim/RiscV_BD_alu_fixed_point_mux_0_0.v" into library xil_defaultlib
INFO: [VRFC 10-311] analyzing module RiscV_BD_alu_fixed_point_mux_0_0
INFO: [VRFC 10-2263] Analyzing Verilog file "C:/Users/jaswa/VLSI_LAB/Course Project/FINAL_TEST2/FINAL_TEST2.ip_user_files/bd/RiscV_BD/ip/RiscV_BD_csr_mux_0_0/sim/RiscV_BD_csr_mux_0_0.v" into library xil_defaultlib
INFO: [VRFC 10-311] analyzing module RiscV_BD_csr_mux_0_0
INFO: [VRFC 10-2263] Analyzing Verilog file "C:/Users/jaswa/VLSI_LAB/Course Project/FINAL_TEST2/FINAL_TEST2.ip_user_files/bd/RiscV_BD/ip/RiscV_BD_forwarding_mux_0_0/sim/RiscV_BD_forwarding_mux_0_0.v" into library xil_defaultlib
INFO: [VRFC 10-311] analyzing module RiscV_BD_forwarding_mux_0_0
INFO: [VRFC 10-2263] Analyzing Verilog file "C:/Users/jaswa/VLSI_LAB/Course Project/FINAL_TEST2/FINAL_TEST2.ip_user_files/bd/RiscV_BD/ip/RiscV_BD_alu_muxes_0_2/sim/RiscV_BD_alu_muxes_0_2.v" into library xil_defaultlib
INFO: [VRFC 10-311] analyzing module RiscV_BD_alu_muxes_0_2
INFO: [VRFC 10-2263] Analyzing Verilog file "C:/Users/jaswa/VLSI_LAB/Course Project/FINAL_TEST2/FINAL_TEST2.ip_user_files/bd/RiscV_BD/ip/RiscV_BD_branch_fsm_0_0/sim/RiscV_BD_branch_fsm_0_0.v" into library xil_defaultlib
INFO: [VRFC 10-311] analyzing module RiscV_BD_branch_fsm_0_0
INFO: [VRFC 10-2263] Analyzing Verilog file "C:/Users/jaswa/VLSI_LAB/Course Project/FINAL_TEST2/FINAL_TEST2.ip_user_files/bd/RiscV_BD/ip/RiscV_BD_mul_fsm_0_0/sim/RiscV_BD_mul_fsm_0_0.v" into library xil_defaultlib
INFO: [VRFC 10-311] analyzing module RiscV_BD_mul_fsm_0_0
INFO: [VRFC 10-2263] Analyzing Verilog file "C:/Users/jaswa/VLSI_LAB/Course Project/FINAL_TEST2/FINAL_TEST2.ip_user_files/bd/RiscV_BD/ip/RiscV_BD_EX_MA_PR_0_0/sim/RiscV_BD_EX_MA_PR_0_0.v" into library xil_defaultlib
INFO: [VRFC 10-311] analyzing module RiscV_BD_EX_MA_PR_0_0
INFO: [VRFC 10-2263] Analyzing Verilog file "C:/Users/jaswa/VLSI_LAB/Course Project/FINAL_TEST2/FINAL_TEST2.ip_user_files/bd/RiscV_BD/ip/RiscV_BD_MA_WB_PR_0_0/sim/RiscV_BD_MA_WB_PR_0_0.v" into library xil_defaultlib
INFO: [VRFC 10-311] analyzing module RiscV_BD_MA_WB_PR_0_0
INFO: [VRFC 10-2263] Analyzing Verilog file "C:/Users/jaswa/VLSI_LAB/Course Project/FINAL_TEST2/FINAL_TEST2.ip_user_files/bd/RiscV_BD/ip/RiscV_BD_load_extend_0_0/sim/RiscV_BD_load_extend_0_0.v" into library xil_defaultlib
INFO: [VRFC 10-311] analyzing module RiscV_BD_load_extend_0_0
INFO: [VRFC 10-2263] Analyzing Verilog file "C:/Users/jaswa/VLSI_LAB/Course Project/FINAL_TEST2/FINAL_TEST2.ip_user_files/bd/RiscV_BD/ip/RiscV_BD_Write_back_Mux_0_0/sim/RiscV_BD_Write_back_Mux_0_0.v" into library xil_defaultlib
INFO: [VRFC 10-311] analyzing module RiscV_BD_Write_back_Mux_0_0
INFO: [VRFC 10-2263] Analyzing Verilog file "C:/Users/jaswa/VLSI_LAB/Course Project/FINAL_TEST2/FINAL_TEST2.ip_user_files/bd/RiscV_BD/ip/RiscV_BD_combinational_0_0/sim/RiscV_BD_combinational_0_0.v" into library xil_defaultlib
INFO: [VRFC 10-311] analyzing module RiscV_BD_combinational_0_0
INFO: [VRFC 10-2263] Analyzing Verilog file "C:/Users/jaswa/VLSI_LAB/Course Project/FINAL_TEST2/FINAL_TEST2.ip_user_files/bd/RiscV_BD/ip/RiscV_BD_instr_retire_mux_0_0/sim/RiscV_BD_instr_retire_mux_0_0.v" into library xil_defaultlib
INFO: [VRFC 10-311] analyzing module RiscV_BD_instr_retire_mux_0_0
INFO: [VRFC 10-2263] Analyzing Verilog file "C:/Users/jaswa/VLSI_LAB/Course Project/FINAL_TEST2/FINAL_TEST2.ip_user_files/bd/RiscV_BD/ip/RiscV_BD_blk_mem_gen_0_0/sim/RiscV_BD_blk_mem_gen_0_0.v" into library xil_defaultlib
INFO: [VRFC 10-311] analyzing module RiscV_BD_blk_mem_gen_0_0
INFO: [VRFC 10-2263] Analyzing Verilog file "C:/Users/jaswa/VLSI_LAB/Course Project/FINAL_TEST2/FINAL_TEST2.ip_user_files/bd/RiscV_BD/ip/RiscV_BD_blk_mem_gen_1_0/sim/RiscV_BD_blk_mem_gen_1_0.v" into library xil_defaultlib
INFO: [VRFC 10-311] analyzing module RiscV_BD_blk_mem_gen_1_0
INFO: [VRFC 10-2263] Analyzing Verilog file "C:/Users/jaswa/VLSI_LAB/Course Project/FINAL_TEST2/FINAL_TEST2.ip_user_files/bd/RiscV_BD/ip/RiscV_BD_concat_2to1_0_0/sim/RiscV_BD_concat_2to1_0_0.v" into library xil_defaultlib
INFO: [VRFC 10-311] analyzing module RiscV_BD_concat_2to1_0_0
INFO: [VRFC 10-2263] Analyzing Verilog file "C:/Users/jaswa/VLSI_LAB/Course Project/FINAL_TEST2/FINAL_TEST2.ip_user_files/bd/RiscV_BD/ip/RiscV_BD_concat_2to1_1_0/sim/RiscV_BD_concat_2to1_1_0.v" into library xil_defaultlib
INFO: [VRFC 10-311] analyzing module RiscV_BD_concat_2to1_1_0
INFO: [VRFC 10-2263] Analyzing Verilog file "C:/Users/jaswa/VLSI_LAB/Course Project/FINAL_TEST2/FINAL_TEST2.ip_user_files/bd/RiscV_BD/ip/RiscV_BD_hazard_unit_0_0/sim/RiscV_BD_hazard_unit_0_0.v" into library xil_defaultlib
INFO: [VRFC 10-311] analyzing module RiscV_BD_hazard_unit_0_0
INFO: [VRFC 10-2263] Analyzing Verilog file "C:/Users/jaswa/VLSI_LAB/Course Project/FINAL_TEST2/FINAL_TEST2.ip_user_files/bd/RiscV_BD/ip/RiscV_BD_pc_0_0/sim/RiscV_BD_pc_0_0.v" into library xil_defaultlib
INFO: [VRFC 10-311] analyzing module RiscV_BD_pc_0_0
INFO: [VRFC 10-2263] Analyzing Verilog file "C:/Users/jaswa/VLSI_LAB/Course Project/FINAL_TEST2/FINAL_TEST2.ip_user_files/bd/RiscV_BD/ip/RiscV_BD_concat_2to1_2_0/sim/RiscV_BD_concat_2to1_2_0.v" into library xil_defaultlib
INFO: [VRFC 10-311] analyzing module RiscV_BD_concat_2to1_2_0
INFO: [VRFC 10-2263] Analyzing Verilog file "C:/Users/jaswa/VLSI_LAB/Course Project/FINAL_TEST2/FINAL_TEST2.ip_user_files/bd/RiscV_BD/ip/RiscV_BD_ID_EX_PR_0_0/sim/RiscV_BD_ID_EX_PR_0_0.v" into library xil_defaultlib
INFO: [VRFC 10-311] analyzing module RiscV_BD_ID_EX_PR_0_0
INFO: [VRFC 10-2263] Analyzing Verilog file "C:/Users/jaswa/VLSI_LAB/Course Project/FINAL_TEST2/FINAL_TEST2.ip_user_files/bd/RiscV_BD/ip/RiscV_BD_ALU_OPER_0_0/sim/RiscV_BD_ALU_OPER_0_0.v" into library xil_defaultlib
INFO: [VRFC 10-311] analyzing module RiscV_BD_ALU_OPER_0_0
INFO: [VRFC 10-2263] Analyzing Verilog file "C:/Users/jaswa/VLSI_LAB/Course Project/FINAL_TEST2/FINAL_TEST2.ip_user_files/bd/RiscV_BD/ip/RiscV_BD_IF_ID_PR_0_0/sim/RiscV_BD_IF_ID_PR_0_0.v" into library xil_defaultlib
INFO: [VRFC 10-311] analyzing module RiscV_BD_IF_ID_PR_0_0
INFO: [VRFC 10-2263] Analyzing Verilog file "C:/Users/jaswa/VLSI_LAB/Course Project/FINAL_TEST2/FINAL_TEST2.ip_user_files/bd/RiscV_BD/ip/RiscV_BD_or_gate_1_0/sim/RiscV_BD_or_gate_1_0.v" into library xil_defaultlib
INFO: [VRFC 10-311] analyzing module RiscV_BD_or_gate_1_0
INFO: [VRFC 10-2263] Analyzing Verilog file "C:/Users/jaswa/VLSI_LAB/Course Project/FINAL_TEST2/FINAL_TEST2.ip_user_files/bd/RiscV_BD/ip/RiscV_BD_valid_gen_0_0/sim/RiscV_BD_valid_gen_0_0.v" into library xil_defaultlib
INFO: [VRFC 10-311] analyzing module RiscV_BD_valid_gen_0_0
INFO: [VRFC 10-2263] Analyzing Verilog file "C:/Users/jaswa/VLSI_LAB/Course Project/FINAL_TEST2/FINAL_TEST2.ip_user_files/bd/RiscV_BD/sim/RiscV_BD.v" into library xil_defaultlib
INFO: [VRFC 10-311] analyzing module RiscV_BD
INFO: [VRFC 10-2263] Analyzing Verilog file "C:/Users/jaswa/VLSI_LAB/Course Project/FINAL_TEST2/FINAL_TEST2.gen/sources_1/bd/RiscV_BD/hdl/RiscV_BD_wrapper.v" into library xil_defaultlib
INFO: [VRFC 10-311] analyzing module RiscV_BD_wrapper
INFO: [VRFC 10-2263] Analyzing Verilog file "C:/Users/jaswa/VLSI_LAB/Course Project/FINAL_TEST2/FINAL_TEST2.srcs/sim_1/new/RiscV_BD_wrapper_tb.v" into library xil_defaultlib
INFO: [VRFC 10-311] analyzing module RiscV_BD_wrapper_tb
run_program: Time (s): cpu = 00:00:01 ; elapsed = 00:00:07 . Memory (MB): peak = 1732.375 ; gain = 0.000
INFO: [USF-XSim-69] 'compile' step finished in '8' seconds
INFO: [USF-XSim-3] XSim::Elaborate design
INFO: [USF-XSim-61] Executing 'ELABORATE' step in 'C:/Users/jaswa/VLSI_LAB/Course Project/FINAL_TEST2/FINAL_TEST2.sim/sim_1/behav/xsim'
"xelab -wto 825d914d5bae4902b22375897d789401 --incr --debug typical --relax --mt 2 -L xil_defaultlib -L blk_mem_gen_v8_4_4 -L unisims_ver -L unimacro_ver -L secureip -L xpm --snapshot RiscV_BD_wrapper_tb_behav xil_defaultlib.RiscV_BD_wrapper_tb xil_defaultlib.glbl -log elaborate.log"
Vivado Simulator 2020.2
Copyright 1986-1999, 2001-2020 Xilinx, Inc. All Rights Reserved.
Running: C:/Xilinx/Vivado/2020.2/bin/unwrapped/win64.o/xelab.exe -wto 825d914d5bae4902b22375897d789401 --incr --debug typical --relax --mt 2 -L xil_defaultlib -L blk_mem_gen_v8_4_4 -L unisims_ver -L unimacro_ver -L secureip -L xpm --snapshot RiscV_BD_wrapper_tb_behav xil_defaultlib.RiscV_BD_wrapper_tb xil_defaultlib.glbl -log elaborate.log 
Using 2 slave threads.
Starting static elaboration
Pass Through NonSizing Optimizer
Completed static elaboration
Starting simulation data flow analysis
Completed simulation data flow analysis
Time Resolution for simulation is 1ps
Compiling module xil_defaultlib.Booth_PP
Compiling module xil_defaultlib.Dadda_stage1
Compiling module xil_defaultlib.Dadda_stage2
Compiling module xil_defaultlib.mul_top
Compiling module xil_defaultlib.ALU_OPER
Compiling module xil_defaultlib.RiscV_BD_ALU_OPER_0_0
Compiling module xil_defaultlib.EX_MA_PR
Compiling module xil_defaultlib.RiscV_BD_EX_MA_PR_0_0
Compiling module xil_defaultlib.ID_EX_PR
Compiling module xil_defaultlib.RiscV_BD_ID_EX_PR_0_0
Compiling module xil_defaultlib.IF_ID_PR
Compiling module xil_defaultlib.RiscV_BD_IF_ID_PR_0_0
Compiling module xil_defaultlib.MA_WB_PR
Compiling module xil_defaultlib.RiscV_BD_MA_WB_PR_0_0
Compiling module xil_defaultlib.Booth_PP_FM
Compiling module xil_defaultlib.Dadda_tree
Compiling module xil_defaultlib.Q16_16_Mult
Compiling module xil_defaultlib.RiscV_BD_Q16_16_Mult_0_0
Compiling module xil_defaultlib.Write_back_Mux
Compiling module xil_defaultlib.RiscV_BD_Write_back_Mux_0_0
Compiling module xil_defaultlib.alu_fixed_point_mux
Compiling module xil_defaultlib.RiscV_BD_alu_fixed_point_mux_0_0
Compiling module xil_defaultlib.alu_muxes
Compiling module xil_defaultlib.RiscV_BD_alu_muxes_0_2
Compiling module blk_mem_gen_v8_4_4.blk_mem_gen_v8_4_4_output_stage(...
Compiling module blk_mem_gen_v8_4_4.blk_mem_gen_v8_4_4_softecc_outpu...
Compiling module blk_mem_gen_v8_4_4.blk_mem_gen_v8_4_4_mem_module(C_...
Compiling module blk_mem_gen_v8_4_4.blk_mem_gen_v8_4_4(C_FAMILY="zyn...
Compiling module xil_defaultlib.RiscV_BD_blk_mem_gen_0_0
Compiling module blk_mem_gen_v8_4_4.blk_mem_gen_v8_4_4_mem_module(C_...
Compiling module blk_mem_gen_v8_4_4.blk_mem_gen_v8_4_4(C_FAMILY="zyn...
Compiling module xil_defaultlib.RiscV_BD_blk_mem_gen_1_0
Compiling module xil_defaultlib.branch_fsm
Compiling module xil_defaultlib.RiscV_BD_branch_fsm_0_0
Compiling module xil_defaultlib.combinational
Compiling module xil_defaultlib.RiscV_BD_combinational_0_0
Compiling module xil_defaultlib.concat_2to1
Compiling module xil_defaultlib.RiscV_BD_concat_2to1_0_0
Compiling module xil_defaultlib.RiscV_BD_concat_2to1_1_0
Compiling module xil_defaultlib.RiscV_BD_concat_2to1_2_0
Compiling module xil_defaultlib.controller
Compiling module xil_defaultlib.RiscV_BD_controller_0_0
Compiling module xil_defaultlib.csr
Compiling module xil_defaultlib.RiscV_BD_csr_0_0
Compiling module xil_defaultlib.csr_mux
Compiling module xil_defaultlib.RiscV_BD_csr_mux_0_0
Compiling module xil_defaultlib.forwarding_mux
Compiling module xil_defaultlib.RiscV_BD_forwarding_mux_0_0
Compiling module xil_defaultlib.hazard_unit
Compiling module xil_defaultlib.RiscV_BD_hazard_unit_0_0
Compiling module xil_defaultlib.imm_extend
Compiling module xil_defaultlib.RiscV_BD_imm_extend_0_0
Compiling module xil_defaultlib.instr_retire_mux
Compiling module xil_defaultlib.RiscV_BD_instr_retire_mux_0_0
Compiling module xil_defaultlib.load_extend
Compiling module xil_defaultlib.RiscV_BD_load_extend_0_0
Compiling module xil_defaultlib.mul_fsm
Compiling module xil_defaultlib.RiscV_BD_mul_fsm_0_0
Compiling module xil_defaultlib.or_gate
Compiling module xil_defaultlib.RiscV_BD_or_gate_1_0
Compiling module xil_defaultlib.pc
Compiling module xil_defaultlib.RiscV_BD_pc_0_0
Compiling module xil_defaultlib.register_file
Compiling module xil_defaultlib.RiscV_BD_register_file_0_0
Compiling module xil_defaultlib.valid_gen
Compiling module xil_defaultlib.RiscV_BD_valid_gen_0_0
Compiling module xil_defaultlib.RiscV_BD
Compiling module xil_defaultlib.RiscV_BD_wrapper
Compiling module xil_defaultlib.RiscV_BD_wrapper_tb
Compiling module xil_defaultlib.glbl
Built simulation snapshot RiscV_BD_wrapper_tb_behav
run_program: Time (s): cpu = 00:00:01 ; elapsed = 00:00:10 . Memory (MB): peak = 1732.375 ; gain = 0.000
INFO: [USF-XSim-69] 'elaborate' step finished in '9' seconds
INFO: [USF-XSim-4] XSim::Simulate design
INFO: [USF-XSim-61] Executing 'SIMULATE' step in 'C:/Users/jaswa/VLSI_LAB/Course Project/FINAL_TEST2/FINAL_TEST2.sim/sim_1/behav/xsim'
INFO: [USF-XSim-98] *** Running xsim
   with args "RiscV_BD_wrapper_tb_behav -key {Behavioral:sim_1:Functional:RiscV_BD_wrapper_tb} -tclbatch {RiscV_BD_wrapper_tb.tcl} -protoinst "protoinst_files/RiscV_BD.protoinst" -view {{C:/Users/jaswa/VLSI_LAB/Course Project/FINAL_TEST2/FINAL_TEST2.srcs/sim_1/imports/VLSI_RISC_V_IM/RiscV_BD_wrapper_tb_behav.wcfg}} -log {simulate.log}"
INFO: [USF-XSim-8] Loading simulator feature
Vivado Simulator 2020.2
INFO: [Wavedata 42-565] Reading protoinst file protoinst_files/RiscV_BD.protoinst
Time resolution is 1 ps
open_wave_config {C:/Users/jaswa/VLSI_LAB/Course Project/FINAL_TEST2/FINAL_TEST2.srcs/sim_1/imports/VLSI_RISC_V_IM/RiscV_BD_wrapper_tb_behav.wcfg}
source RiscV_BD_wrapper_tb.tcl
# set curr_wave [current_wave_config]
# if { [string length $curr_wave] == 0 } {
#   if { [llength [get_objects]] > 0} {
#     add_wave /
#     set_property needs_save false [current_wave_config]
#   } else {
#      send_msg_id Add_Wave-1 WARNING "No top level signals found. Simulator will start without a wave window. If you want to open a wave window go to 'File->New Waveform Configuration' or type 'create_wave_config' in the TCL console."
#   }
# }
# run 1000ns
 Block Memory Generator module loading initial data...
 Block Memory Generator data initialization complete.
Block Memory Generator module RiscV_BD_wrapper_tb.uut.RiscV_BD_i.blk_mem_gen_0.inst.\native_mem_mapped_module.blk_mem_gen_v8_4_4_inst  is using a behavioral model for simulation which will not precisely model memory collision behavior.
 Block Memory Generator module loading initial data...
 Block Memory Generator data initialization complete.
Block Memory Generator module RiscV_BD_wrapper_tb.uut.RiscV_BD_i.blk_mem_gen_1.inst.\native_mem_mapped_module.blk_mem_gen_v8_4_4_inst  is using a behavioral model for simulation which will not precisely model memory collision behavior.
Simulation complete.
$finish called at time : 2115 ps : File "C:/Users/jaswa/VLSI_LAB/Course Project/FINAL_TEST2/FINAL_TEST2.srcs/sim_1/new/RiscV_BD_wrapper_tb.v" Line 35
xsim: Time (s): cpu = 00:00:04 ; elapsed = 00:00:07 . Memory (MB): peak = 1732.410 ; gain = 0.035
INFO: [USF-XSim-96] XSim completed. Design snapshot 'RiscV_BD_wrapper_tb_behav' loaded.
INFO: [USF-XSim-97] XSim simulation ran for 1000ns
launch_simulation: Time (s): cpu = 00:00:06 ; elapsed = 00:00:25 . Memory (MB): peak = 1732.410 ; gain = 0.035
relaunch_sim
Command: launch_simulation -simset sim_1 -mode behavioral
INFO: [Vivado 12-5682] Launching behavioral simulation in 'C:/Users/jaswa/VLSI_LAB/Course Project/FINAL_TEST2/FINAL_TEST2.sim/sim_1/behav/xsim'
INFO: [Vivado 12-4795] Using compiled simulation libraries for IPs
INFO: [SIM-utils-51] Simulation object is 'sim_1'
INFO: [USF-XSim-7] Finding pre-compiled libraries...
INFO: [USF-XSim-11] File 'C:/Xilinx/Vivado/2020.2/data/xsim/xsim.ini' copied to run dir:'C:/Users/jaswa/VLSI_LAB/Course Project/FINAL_TEST2/FINAL_TEST2.sim/sim_1/behav/xsim'
INFO: [SIM-utils-54] Inspecting design source files for 'RiscV_BD_wrapper_tb' in fileset 'sim_1'...
INFO: [SIM-utils-43] Exported 'C:/Users/jaswa/VLSI_LAB/Course Project/FINAL_TEST2/FINAL_TEST2.sim/sim_1/behav/xsim/instruction_memory.coe'
INFO: [SIM-utils-43] Exported 'C:/Users/jaswa/VLSI_LAB/Course Project/FINAL_TEST2/FINAL_TEST2.sim/sim_1/behav/xsim/RiscV_BD_blk_mem_gen_0_0.mif'
INFO: [SIM-utils-43] Exported 'C:/Users/jaswa/VLSI_LAB/Course Project/FINAL_TEST2/FINAL_TEST2.sim/sim_1/behav/xsim/data_memory.coe'
INFO: [SIM-utils-43] Exported 'C:/Users/jaswa/VLSI_LAB/Course Project/FINAL_TEST2/FINAL_TEST2.sim/sim_1/behav/xsim/RiscV_BD_blk_mem_gen_1_0.mif'
INFO: [SIM-utils-43] Exported 'C:/Users/jaswa/VLSI_LAB/Course Project/FINAL_TEST2/FINAL_TEST2.sim/sim_1/behav/xsim/instruction_memory.coe'
INFO: [USF-XSim-97] Finding global include files...
INFO: [USF-XSim-100] Fetching design files from 'sources_1'...(this may take a while)...
INFO: [USF-XSim-101] Fetching design files from 'sim_1'...
INFO: [USF-XSim-2] XSim::Compile design
INFO: [USF-XSim-61] Executing 'COMPILE and ANALYZE' step in 'C:/Users/jaswa/VLSI_LAB/Course Project/FINAL_TEST2/FINAL_TEST2.sim/sim_1/behav/xsim'
"xvlog --incr --relax -prj RiscV_BD_wrapper_tb_vlog.prj"
INFO: [VRFC 10-2263] Analyzing Verilog file "C:/Users/jaswa/VLSI_LAB/Course Project/FINAL_TEST2/FINAL_TEST2.srcs/sources_1/imports/sources_1/imports/new/Booth_PP.v" into library xil_defaultlib
INFO: [VRFC 10-311] analyzing module Booth_PP_FM
INFO: [VRFC 10-2263] Analyzing Verilog file "C:/Users/jaswa/VLSI_LAB/Course Project/FINAL_TEST2/FINAL_TEST2.srcs/sources_1/imports/new/Dadda_tree.v" into library xil_defaultlib
INFO: [VRFC 10-311] analyzing module Dadda_tree
INFO: [VRFC 10-2263] Analyzing Verilog file "C:/Users/jaswa/VLSI_LAB/Course Project/FINAL_TEST2/FINAL_TEST2.srcs/sources_1/imports/new/Q16_16.v" into library xil_defaultlib
INFO: [VRFC 10-311] analyzing module Q16_16_Mult
INFO: [VRFC 10-2263] Analyzing Verilog file "C:/Users/jaswa/VLSI_LAB/Course Project/FINAL_TEST2/FINAL_TEST2.srcs/sources_1/imports/COURSE PRPJECT/Decode/reg_file.v" into library xil_defaultlib
INFO: [VRFC 10-311] analyzing module register_file
INFO: [VRFC 10-2263] Analyzing Verilog file "C:/Users/jaswa/VLSI_LAB/Course Project/FINAL_TEST2/FINAL_TEST2.srcs/sources_1/imports/COURSE PRPJECT/Decode/imm_extend.v" into library xil_defaultlib
INFO: [VRFC 10-311] analyzing module imm_extend
INFO: [VRFC 10-2263] Analyzing Verilog file "C:/Users/jaswa/VLSI_LAB/Course Project/FINAL_TEST2/FINAL_TEST2.srcs/sources_1/imports/codes/min_csr.v" into library xil_defaultlib
INFO: [VRFC 10-311] analyzing module csr
INFO: [VRFC 10-2263] Analyzing Verilog file "C:/Users/jaswa/VLSI_LAB/Course Project/FINAL_TEST2/FINAL_TEST2.srcs/sources_1/imports/codes/controller.v" into library xil_defaultlib
INFO: [VRFC 10-311] analyzing module controller
INFO: [VRFC 10-2263] Analyzing Verilog file "C:/Users/jaswa/VLSI_LAB/Course Project/FINAL_TEST2/FINAL_TEST2.srcs/sources_1/imports/codes/alu_fixed_point_mux.v" into library xil_defaultlib
INFO: [VRFC 10-311] analyzing module alu_fixed_point_mux
INFO: [VRFC 10-2263] Analyzing Verilog file "C:/Users/jaswa/VLSI_LAB/Course Project/FINAL_TEST2/FINAL_TEST2.srcs/sources_1/imports/codes/csr_mux.v" into library xil_defaultlib
INFO: [VRFC 10-311] analyzing module csr_mux
INFO: [VRFC 10-2263] Analyzing Verilog file "C:/Users/jaswa/VLSI_LAB/Course Project/FINAL_TEST2/FINAL_TEST2.srcs/sources_1/imports/codes/forwarding_mux.v" into library xil_defaultlib
INFO: [VRFC 10-311] analyzing module forwarding_mux
INFO: [VRFC 10-2263] Analyzing Verilog file "C:/Users/jaswa/VLSI_LAB/Course Project/FINAL_TEST2/FINAL_TEST2.srcs/sources_1/imports/codes/alu_muxes.v" into library xil_defaultlib
INFO: [VRFC 10-311] analyzing module alu_muxes
INFO: [VRFC 10-2458] undeclared symbol alu_op, assumed default net type wire [C:/Users/jaswa/VLSI_LAB/Course Project/FINAL_TEST2/FINAL_TEST2.srcs/sources_1/imports/codes/alu_muxes.v:49]
INFO: [VRFC 10-2263] Analyzing Verilog file "C:/Users/jaswa/VLSI_LAB/Course Project/FINAL_TEST2/FINAL_TEST2.srcs/sources_1/imports/codes/branch_fsm.v" into library xil_defaultlib
INFO: [VRFC 10-311] analyzing module branch_fsm
INFO: [VRFC 10-2263] Analyzing Verilog file "C:/Users/jaswa/VLSI_LAB/Course Project/FINAL_TEST2/FINAL_TEST2.srcs/sources_1/imports/codes/mul_fsm.v" into library xil_defaultlib
INFO: [VRFC 10-311] analyzing module mul_fsm
INFO: [VRFC 10-2263] Analyzing Verilog file "C:/Users/jaswa/VLSI_LAB/Course Project/FINAL_TEST2/FINAL_TEST2.srcs/sources_1/new/EX_MA_PR.v" into library xil_defaultlib
INFO: [VRFC 10-311] analyzing module EX_MA_PR
INFO: [VRFC 10-2263] Analyzing Verilog file "C:/Users/jaswa/VLSI_LAB/Course Project/FINAL_TEST2/FINAL_TEST2.srcs/sources_1/new/MA_WB_PR.v" into library xil_defaultlib
INFO: [VRFC 10-311] analyzing module MA_WB_PR
INFO: [VRFC 10-2263] Analyzing Verilog file "C:/Users/jaswa/VLSI_LAB/Course Project/FINAL_TEST2/FINAL_TEST2.srcs/sources_1/imports/codes/load_extend.v" into library xil_defaultlib
INFO: [VRFC 10-311] analyzing module load_extend
INFO: [VRFC 10-2263] Analyzing Verilog file "C:/Users/jaswa/VLSI_LAB/Course Project/FINAL_TEST2/FINAL_TEST2.srcs/sources_1/new/Write_back_Mux.v" into library xil_defaultlib
INFO: [VRFC 10-311] analyzing module Write_back_Mux
INFO: [VRFC 10-2263] Analyzing Verilog file "C:/Users/jaswa/VLSI_LAB/Course Project/FINAL_TEST2/FINAL_TEST2.srcs/sources_1/new/combinational.v" into library xil_defaultlib
INFO: [VRFC 10-311] analyzing module combinational
INFO: [VRFC 10-2263] Analyzing Verilog file "C:/Users/jaswa/VLSI_LAB/Course Project/FINAL_TEST2/FINAL_TEST2.srcs/sources_1/imports/codes/inst_retire_mux.v" into library xil_defaultlib
INFO: [VRFC 10-311] analyzing module instr_retire_mux
INFO: [VRFC 10-2263] Analyzing Verilog file "C:/Users/jaswa/VLSI_LAB/Course Project/FINAL_TEST2/FINAL_TEST2.srcs/sources_1/new/concat_2to1.v" into library xil_defaultlib
INFO: [VRFC 10-311] analyzing module concat_2to1
INFO: [VRFC 10-2263] Analyzing Verilog file "C:/Users/jaswa/VLSI_LAB/Course Project/FINAL_TEST2/FINAL_TEST2.srcs/sources_1/new/hazard_unit.v" into library xil_defaultlib
INFO: [VRFC 10-311] analyzing module hazard_unit
INFO: [VRFC 10-2263] Analyzing Verilog file "C:/Users/jaswa/VLSI_LAB/Course Project/FINAL_TEST2/FINAL_TEST2.srcs/sources_1/imports/DESIGN LAB/pc.v" into library xil_defaultlib
INFO: [VRFC 10-311] analyzing module pc
INFO: [VRFC 10-2263] Analyzing Verilog file "C:/Users/jaswa/VLSI_LAB/Course Project/FINAL_TEST2/FINAL_TEST2.srcs/sources_1/new/ID_EX_PR.v" into library xil_defaultlib
INFO: [VRFC 10-311] analyzing module ID_EX_PR
INFO: [VRFC 10-2263] Analyzing Verilog file "C:/Users/jaswa/VLSI_LAB/Course Project/FINAL_TEST2/FINAL_TEST2.srcs/sources_1/imports/new/Booth_PP.v" into library xil_defaultlib
INFO: [VRFC 10-311] analyzing module Booth_PP
INFO: [VRFC 10-2263] Analyzing Verilog file "C:/Users/jaswa/VLSI_LAB/Course Project/FINAL_TEST2/FINAL_TEST2.srcs/sources_1/imports/sources_1/imports/new/Dadda_Stage_1.v" into library xil_defaultlib
INFO: [VRFC 10-311] analyzing module Dadda_stage1
INFO: [VRFC 10-2263] Analyzing Verilog file "C:/Users/jaswa/VLSI_LAB/Course Project/FINAL_TEST2/FINAL_TEST2.srcs/sources_1/imports/sources_1/imports/new/Dadda_stage_2.v" into library xil_defaultlib
INFO: [VRFC 10-311] analyzing module Dadda_stage2
INFO: [VRFC 10-2263] Analyzing Verilog file "C:/Users/jaswa/VLSI_LAB/Course Project/FINAL_TEST2/FINAL_TEST2.srcs/sources_1/imports/sources_1/imports/new/mul_top.v" into library xil_defaultlib
INFO: [VRFC 10-311] analyzing module mul_top
INFO: [VRFC 10-2263] Analyzing Verilog file "C:/Users/jaswa/VLSI_LAB/Course Project/FINAL_TEST2/FINAL_TEST2.srcs/sources_1/imports/sources_1/new/ALU_OPER.v" into library xil_defaultlib
INFO: [VRFC 10-311] analyzing module ALU_OPER
INFO: [VRFC 10-2263] Analyzing Verilog file "C:/Users/jaswa/VLSI_LAB/Course Project/FINAL_TEST2/FINAL_TEST2.srcs/sources_1/new/IF_ID_PR.v" into library xil_defaultlib
INFO: [VRFC 10-311] analyzing module IF_ID_PR
INFO: [VRFC 10-2263] Analyzing Verilog file "C:/Users/jaswa/VLSI_LAB/Course Project/FINAL_TEST2/FINAL_TEST2.srcs/sources_1/new/OR_gate.v" into library xil_defaultlib
INFO: [VRFC 10-311] analyzing module or_gate
INFO: [VRFC 10-2263] Analyzing Verilog file "C:/Users/jaswa/VLSI_LAB/Course Project/FINAL_TEST2/FINAL_TEST2.srcs/sources_1/new/valid_gen.v" into library xil_defaultlib
INFO: [VRFC 10-311] analyzing module valid_gen
INFO: [VRFC 10-2263] Analyzing Verilog file "C:/Users/jaswa/VLSI_LAB/Course Project/FINAL_TEST2/FINAL_TEST2.ip_user_files/bd/RiscV_BD/ip/RiscV_BD_Q16_16_Mult_0_0/sim/RiscV_BD_Q16_16_Mult_0_0.v" into library xil_defaultlib
INFO: [VRFC 10-311] analyzing module RiscV_BD_Q16_16_Mult_0_0
INFO: [VRFC 10-2263] Analyzing Verilog file "C:/Users/jaswa/VLSI_LAB/Course Project/FINAL_TEST2/FINAL_TEST2.ip_user_files/bd/RiscV_BD/ip/RiscV_BD_register_file_0_0/sim/RiscV_BD_register_file_0_0.v" into library xil_defaultlib
INFO: [VRFC 10-311] analyzing module RiscV_BD_register_file_0_0
INFO: [VRFC 10-2263] Analyzing Verilog file "C:/Users/jaswa/VLSI_LAB/Course Project/FINAL_TEST2/FINAL_TEST2.ip_user_files/bd/RiscV_BD/ip/RiscV_BD_imm_extend_0_0/sim/RiscV_BD_imm_extend_0_0.v" into library xil_defaultlib
INFO: [VRFC 10-311] analyzing module RiscV_BD_imm_extend_0_0
INFO: [VRFC 10-2263] Analyzing Verilog file "C:/Users/jaswa/VLSI_LAB/Course Project/FINAL_TEST2/FINAL_TEST2.ip_user_files/bd/RiscV_BD/ip/RiscV_BD_csr_0_0/sim/RiscV_BD_csr_0_0.v" into library xil_defaultlib
INFO: [VRFC 10-311] analyzing module RiscV_BD_csr_0_0
INFO: [VRFC 10-2263] Analyzing Verilog file "C:/Users/jaswa/VLSI_LAB/Course Project/FINAL_TEST2/FINAL_TEST2.ip_user_files/bd/RiscV_BD/ip/RiscV_BD_controller_0_0/sim/RiscV_BD_controller_0_0.v" into library xil_defaultlib
INFO: [VRFC 10-311] analyzing module RiscV_BD_controller_0_0
INFO: [VRFC 10-2263] Analyzing Verilog file "C:/Users/jaswa/VLSI_LAB/Course Project/FINAL_TEST2/FINAL_TEST2.ip_user_files/bd/RiscV_BD/ip/RiscV_BD_alu_fixed_point_mux_0_0/sim/RiscV_BD_alu_fixed_point_mux_0_0.v" into library xil_defaultlib
INFO: [VRFC 10-311] analyzing module RiscV_BD_alu_fixed_point_mux_0_0
INFO: [VRFC 10-2263] Analyzing Verilog file "C:/Users/jaswa/VLSI_LAB/Course Project/FINAL_TEST2/FINAL_TEST2.ip_user_files/bd/RiscV_BD/ip/RiscV_BD_csr_mux_0_0/sim/RiscV_BD_csr_mux_0_0.v" into library xil_defaultlib
INFO: [VRFC 10-311] analyzing module RiscV_BD_csr_mux_0_0
INFO: [VRFC 10-2263] Analyzing Verilog file "C:/Users/jaswa/VLSI_LAB/Course Project/FINAL_TEST2/FINAL_TEST2.ip_user_files/bd/RiscV_BD/ip/RiscV_BD_forwarding_mux_0_0/sim/RiscV_BD_forwarding_mux_0_0.v" into library xil_defaultlib
INFO: [VRFC 10-311] analyzing module RiscV_BD_forwarding_mux_0_0
INFO: [VRFC 10-2263] Analyzing Verilog file "C:/Users/jaswa/VLSI_LAB/Course Project/FINAL_TEST2/FINAL_TEST2.ip_user_files/bd/RiscV_BD/ip/RiscV_BD_alu_muxes_0_2/sim/RiscV_BD_alu_muxes_0_2.v" into library xil_defaultlib
INFO: [VRFC 10-311] analyzing module RiscV_BD_alu_muxes_0_2
INFO: [VRFC 10-2263] Analyzing Verilog file "C:/Users/jaswa/VLSI_LAB/Course Project/FINAL_TEST2/FINAL_TEST2.ip_user_files/bd/RiscV_BD/ip/RiscV_BD_branch_fsm_0_0/sim/RiscV_BD_branch_fsm_0_0.v" into library xil_defaultlib
INFO: [VRFC 10-311] analyzing module RiscV_BD_branch_fsm_0_0
INFO: [VRFC 10-2263] Analyzing Verilog file "C:/Users/jaswa/VLSI_LAB/Course Project/FINAL_TEST2/FINAL_TEST2.ip_user_files/bd/RiscV_BD/ip/RiscV_BD_mul_fsm_0_0/sim/RiscV_BD_mul_fsm_0_0.v" into library xil_defaultlib
INFO: [VRFC 10-311] analyzing module RiscV_BD_mul_fsm_0_0
INFO: [VRFC 10-2263] Analyzing Verilog file "C:/Users/jaswa/VLSI_LAB/Course Project/FINAL_TEST2/FINAL_TEST2.ip_user_files/bd/RiscV_BD/ip/RiscV_BD_EX_MA_PR_0_0/sim/RiscV_BD_EX_MA_PR_0_0.v" into library xil_defaultlib
INFO: [VRFC 10-311] analyzing module RiscV_BD_EX_MA_PR_0_0
INFO: [VRFC 10-2263] Analyzing Verilog file "C:/Users/jaswa/VLSI_LAB/Course Project/FINAL_TEST2/FINAL_TEST2.ip_user_files/bd/RiscV_BD/ip/RiscV_BD_MA_WB_PR_0_0/sim/RiscV_BD_MA_WB_PR_0_0.v" into library xil_defaultlib
INFO: [VRFC 10-311] analyzing module RiscV_BD_MA_WB_PR_0_0
INFO: [VRFC 10-2263] Analyzing Verilog file "C:/Users/jaswa/VLSI_LAB/Course Project/FINAL_TEST2/FINAL_TEST2.ip_user_files/bd/RiscV_BD/ip/RiscV_BD_load_extend_0_0/sim/RiscV_BD_load_extend_0_0.v" into library xil_defaultlib
INFO: [VRFC 10-311] analyzing module RiscV_BD_load_extend_0_0
INFO: [VRFC 10-2263] Analyzing Verilog file "C:/Users/jaswa/VLSI_LAB/Course Project/FINAL_TEST2/FINAL_TEST2.ip_user_files/bd/RiscV_BD/ip/RiscV_BD_Write_back_Mux_0_0/sim/RiscV_BD_Write_back_Mux_0_0.v" into library xil_defaultlib
INFO: [VRFC 10-311] analyzing module RiscV_BD_Write_back_Mux_0_0
INFO: [VRFC 10-2263] Analyzing Verilog file "C:/Users/jaswa/VLSI_LAB/Course Project/FINAL_TEST2/FINAL_TEST2.ip_user_files/bd/RiscV_BD/ip/RiscV_BD_combinational_0_0/sim/RiscV_BD_combinational_0_0.v" into library xil_defaultlib
INFO: [VRFC 10-311] analyzing module RiscV_BD_combinational_0_0
INFO: [VRFC 10-2263] Analyzing Verilog file "C:/Users/jaswa/VLSI_LAB/Course Project/FINAL_TEST2/FINAL_TEST2.ip_user_files/bd/RiscV_BD/ip/RiscV_BD_instr_retire_mux_0_0/sim/RiscV_BD_instr_retire_mux_0_0.v" into library xil_defaultlib
INFO: [VRFC 10-311] analyzing module RiscV_BD_instr_retire_mux_0_0
INFO: [VRFC 10-2263] Analyzing Verilog file "C:/Users/jaswa/VLSI_LAB/Course Project/FINAL_TEST2/FINAL_TEST2.ip_user_files/bd/RiscV_BD/ip/RiscV_BD_blk_mem_gen_0_0/sim/RiscV_BD_blk_mem_gen_0_0.v" into library xil_defaultlib
INFO: [VRFC 10-311] analyzing module RiscV_BD_blk_mem_gen_0_0
INFO: [VRFC 10-2263] Analyzing Verilog file "C:/Users/jaswa/VLSI_LAB/Course Project/FINAL_TEST2/FINAL_TEST2.ip_user_files/bd/RiscV_BD/ip/RiscV_BD_blk_mem_gen_1_0/sim/RiscV_BD_blk_mem_gen_1_0.v" into library xil_defaultlib
INFO: [VRFC 10-311] analyzing module RiscV_BD_blk_mem_gen_1_0
INFO: [VRFC 10-2263] Analyzing Verilog file "C:/Users/jaswa/VLSI_LAB/Course Project/FINAL_TEST2/FINAL_TEST2.ip_user_files/bd/RiscV_BD/ip/RiscV_BD_concat_2to1_0_0/sim/RiscV_BD_concat_2to1_0_0.v" into library xil_defaultlib
INFO: [VRFC 10-311] analyzing module RiscV_BD_concat_2to1_0_0
INFO: [VRFC 10-2263] Analyzing Verilog file "C:/Users/jaswa/VLSI_LAB/Course Project/FINAL_TEST2/FINAL_TEST2.ip_user_files/bd/RiscV_BD/ip/RiscV_BD_concat_2to1_1_0/sim/RiscV_BD_concat_2to1_1_0.v" into library xil_defaultlib
INFO: [VRFC 10-311] analyzing module RiscV_BD_concat_2to1_1_0
INFO: [VRFC 10-2263] Analyzing Verilog file "C:/Users/jaswa/VLSI_LAB/Course Project/FINAL_TEST2/FINAL_TEST2.ip_user_files/bd/RiscV_BD/ip/RiscV_BD_hazard_unit_0_0/sim/RiscV_BD_hazard_unit_0_0.v" into library xil_defaultlib
INFO: [VRFC 10-311] analyzing module RiscV_BD_hazard_unit_0_0
INFO: [VRFC 10-2263] Analyzing Verilog file "C:/Users/jaswa/VLSI_LAB/Course Project/FINAL_TEST2/FINAL_TEST2.ip_user_files/bd/RiscV_BD/ip/RiscV_BD_pc_0_0/sim/RiscV_BD_pc_0_0.v" into library xil_defaultlib
INFO: [VRFC 10-311] analyzing module RiscV_BD_pc_0_0
INFO: [VRFC 10-2263] Analyzing Verilog file "C:/Users/jaswa/VLSI_LAB/Course Project/FINAL_TEST2/FINAL_TEST2.ip_user_files/bd/RiscV_BD/ip/RiscV_BD_concat_2to1_2_0/sim/RiscV_BD_concat_2to1_2_0.v" into library xil_defaultlib
INFO: [VRFC 10-311] analyzing module RiscV_BD_concat_2to1_2_0
INFO: [VRFC 10-2263] Analyzing Verilog file "C:/Users/jaswa/VLSI_LAB/Course Project/FINAL_TEST2/FINAL_TEST2.ip_user_files/bd/RiscV_BD/ip/RiscV_BD_ID_EX_PR_0_0/sim/RiscV_BD_ID_EX_PR_0_0.v" into library xil_defaultlib
INFO: [VRFC 10-311] analyzing module RiscV_BD_ID_EX_PR_0_0
INFO: [VRFC 10-2263] Analyzing Verilog file "C:/Users/jaswa/VLSI_LAB/Course Project/FINAL_TEST2/FINAL_TEST2.ip_user_files/bd/RiscV_BD/ip/RiscV_BD_ALU_OPER_0_0/sim/RiscV_BD_ALU_OPER_0_0.v" into library xil_defaultlib
INFO: [VRFC 10-311] analyzing module RiscV_BD_ALU_OPER_0_0
INFO: [VRFC 10-2263] Analyzing Verilog file "C:/Users/jaswa/VLSI_LAB/Course Project/FINAL_TEST2/FINAL_TEST2.ip_user_files/bd/RiscV_BD/ip/RiscV_BD_IF_ID_PR_0_0/sim/RiscV_BD_IF_ID_PR_0_0.v" into library xil_defaultlib
INFO: [VRFC 10-311] analyzing module RiscV_BD_IF_ID_PR_0_0
INFO: [VRFC 10-2263] Analyzing Verilog file "C:/Users/jaswa/VLSI_LAB/Course Project/FINAL_TEST2/FINAL_TEST2.ip_user_files/bd/RiscV_BD/ip/RiscV_BD_or_gate_1_0/sim/RiscV_BD_or_gate_1_0.v" into library xil_defaultlib
INFO: [VRFC 10-311] analyzing module RiscV_BD_or_gate_1_0
INFO: [VRFC 10-2263] Analyzing Verilog file "C:/Users/jaswa/VLSI_LAB/Course Project/FINAL_TEST2/FINAL_TEST2.ip_user_files/bd/RiscV_BD/ip/RiscV_BD_valid_gen_0_0/sim/RiscV_BD_valid_gen_0_0.v" into library xil_defaultlib
INFO: [VRFC 10-311] analyzing module RiscV_BD_valid_gen_0_0
INFO: [VRFC 10-2263] Analyzing Verilog file "C:/Users/jaswa/VLSI_LAB/Course Project/FINAL_TEST2/FINAL_TEST2.ip_user_files/bd/RiscV_BD/sim/RiscV_BD.v" into library xil_defaultlib
INFO: [VRFC 10-311] analyzing module RiscV_BD
INFO: [VRFC 10-2263] Analyzing Verilog file "C:/Users/jaswa/VLSI_LAB/Course Project/FINAL_TEST2/FINAL_TEST2.gen/sources_1/bd/RiscV_BD/hdl/RiscV_BD_wrapper.v" into library xil_defaultlib
INFO: [VRFC 10-311] analyzing module RiscV_BD_wrapper
INFO: [VRFC 10-2263] Analyzing Verilog file "C:/Users/jaswa/VLSI_LAB/Course Project/FINAL_TEST2/FINAL_TEST2.srcs/sim_1/new/RiscV_BD_wrapper_tb.v" into library xil_defaultlib
INFO: [VRFC 10-311] analyzing module RiscV_BD_wrapper_tb
run_program: Time (s): cpu = 00:00:01 ; elapsed = 00:00:07 . Memory (MB): peak = 2058.984 ; gain = 0.000
INFO: [USF-XSim-69] 'compile' step finished in '8' seconds
launch_simulation: Time (s): cpu = 00:00:01 ; elapsed = 00:00:08 . Memory (MB): peak = 2058.984 ; gain = 0.000
Command: launch_simulation -simset sim_1 -mode behavioral
INFO: [Vivado 12-5682] Launching behavioral simulation in 'C:/Users/jaswa/VLSI_LAB/Course Project/FINAL_TEST2/FINAL_TEST2.sim/sim_1/behav/xsim'
INFO: [Vivado 12-4795] Using compiled simulation libraries for IPs
INFO: [USF-XSim-3] XSim::Elaborate design
INFO: [USF-XSim-61] Executing 'ELABORATE' step in 'C:/Users/jaswa/VLSI_LAB/Course Project/FINAL_TEST2/FINAL_TEST2.sim/sim_1/behav/xsim'
"xelab -wto 825d914d5bae4902b22375897d789401 --incr --debug typical --relax --mt 2 -L xil_defaultlib -L blk_mem_gen_v8_4_4 -L unisims_ver -L unimacro_ver -L secureip -L xpm --snapshot RiscV_BD_wrapper_tb_behav xil_defaultlib.RiscV_BD_wrapper_tb xil_defaultlib.glbl -log elaborate.log"
Vivado Simulator 2020.2
Copyright 1986-1999, 2001-2020 Xilinx, Inc. All Rights Reserved.
Running: C:/Xilinx/Vivado/2020.2/bin/unwrapped/win64.o/xelab.exe -wto 825d914d5bae4902b22375897d789401 --incr --debug typical --relax --mt 2 -L xil_defaultlib -L blk_mem_gen_v8_4_4 -L unisims_ver -L unimacro_ver -L secureip -L xpm --snapshot RiscV_BD_wrapper_tb_behav xil_defaultlib.RiscV_BD_wrapper_tb xil_defaultlib.glbl -log elaborate.log 
Using 2 slave threads.
Starting static elaboration
Pass Through NonSizing Optimizer
Completed static elaboration
Starting simulation data flow analysis
Completed simulation data flow analysis
Time Resolution for simulation is 1ps
Compiling module xil_defaultlib.Booth_PP
Compiling module xil_defaultlib.Dadda_stage1
Compiling module xil_defaultlib.Dadda_stage2
Compiling module xil_defaultlib.mul_top
Compiling module xil_defaultlib.ALU_OPER
Compiling module xil_defaultlib.RiscV_BD_ALU_OPER_0_0
Compiling module xil_defaultlib.EX_MA_PR
Compiling module xil_defaultlib.RiscV_BD_EX_MA_PR_0_0
Compiling module xil_defaultlib.ID_EX_PR
Compiling module xil_defaultlib.RiscV_BD_ID_EX_PR_0_0
Compiling module xil_defaultlib.IF_ID_PR
Compiling module xil_defaultlib.RiscV_BD_IF_ID_PR_0_0
Compiling module xil_defaultlib.MA_WB_PR
Compiling module xil_defaultlib.RiscV_BD_MA_WB_PR_0_0
Compiling module xil_defaultlib.Booth_PP_FM
Compiling module xil_defaultlib.Dadda_tree
Compiling module xil_defaultlib.Q16_16_Mult
Compiling module xil_defaultlib.RiscV_BD_Q16_16_Mult_0_0
Compiling module xil_defaultlib.Write_back_Mux
Compiling module xil_defaultlib.RiscV_BD_Write_back_Mux_0_0
Compiling module xil_defaultlib.alu_fixed_point_mux
Compiling module xil_defaultlib.RiscV_BD_alu_fixed_point_mux_0_0
Compiling module xil_defaultlib.alu_muxes
Compiling module xil_defaultlib.RiscV_BD_alu_muxes_0_2
Compiling module blk_mem_gen_v8_4_4.blk_mem_gen_v8_4_4_output_stage(...
Compiling module blk_mem_gen_v8_4_4.blk_mem_gen_v8_4_4_softecc_outpu...
Compiling module blk_mem_gen_v8_4_4.blk_mem_gen_v8_4_4_mem_module(C_...
Compiling module blk_mem_gen_v8_4_4.blk_mem_gen_v8_4_4(C_FAMILY="zyn...
Compiling module xil_defaultlib.RiscV_BD_blk_mem_gen_0_0
Compiling module blk_mem_gen_v8_4_4.blk_mem_gen_v8_4_4_mem_module(C_...
Compiling module blk_mem_gen_v8_4_4.blk_mem_gen_v8_4_4(C_FAMILY="zyn...
Compiling module xil_defaultlib.RiscV_BD_blk_mem_gen_1_0
Compiling module xil_defaultlib.branch_fsm
Compiling module xil_defaultlib.RiscV_BD_branch_fsm_0_0
Compiling module xil_defaultlib.combinational
Compiling module xil_defaultlib.RiscV_BD_combinational_0_0
Compiling module xil_defaultlib.concat_2to1
Compiling module xil_defaultlib.RiscV_BD_concat_2to1_0_0
Compiling module xil_defaultlib.RiscV_BD_concat_2to1_1_0
Compiling module xil_defaultlib.RiscV_BD_concat_2to1_2_0
Compiling module xil_defaultlib.controller
Compiling module xil_defaultlib.RiscV_BD_controller_0_0
Compiling module xil_defaultlib.csr
Compiling module xil_defaultlib.RiscV_BD_csr_0_0
Compiling module xil_defaultlib.csr_mux
Compiling module xil_defaultlib.RiscV_BD_csr_mux_0_0
Compiling module xil_defaultlib.forwarding_mux
Compiling module xil_defaultlib.RiscV_BD_forwarding_mux_0_0
Compiling module xil_defaultlib.hazard_unit
Compiling module xil_defaultlib.RiscV_BD_hazard_unit_0_0
Compiling module xil_defaultlib.imm_extend
Compiling module xil_defaultlib.RiscV_BD_imm_extend_0_0
Compiling module xil_defaultlib.instr_retire_mux
Compiling module xil_defaultlib.RiscV_BD_instr_retire_mux_0_0
Compiling module xil_defaultlib.load_extend
Compiling module xil_defaultlib.RiscV_BD_load_extend_0_0
Compiling module xil_defaultlib.mul_fsm
Compiling module xil_defaultlib.RiscV_BD_mul_fsm_0_0
Compiling module xil_defaultlib.or_gate
Compiling module xil_defaultlib.RiscV_BD_or_gate_1_0
Compiling module xil_defaultlib.pc
Compiling module xil_defaultlib.RiscV_BD_pc_0_0
Compiling module xil_defaultlib.register_file
Compiling module xil_defaultlib.RiscV_BD_register_file_0_0
Compiling module xil_defaultlib.valid_gen
Compiling module xil_defaultlib.RiscV_BD_valid_gen_0_0
Compiling module xil_defaultlib.RiscV_BD
Compiling module xil_defaultlib.RiscV_BD_wrapper
Compiling module xil_defaultlib.RiscV_BD_wrapper_tb
Compiling module xil_defaultlib.glbl
Built simulation snapshot RiscV_BD_wrapper_tb_behav
run_program: Time (s): cpu = 00:00:00 ; elapsed = 00:00:10 . Memory (MB): peak = 2058.984 ; gain = 0.000
INFO: [USF-XSim-69] 'elaborate' step finished in '9' seconds
launch_simulation: Time (s): cpu = 00:00:00 ; elapsed = 00:00:10 . Memory (MB): peak = 2058.984 ; gain = 0.000
Vivado Simulator 2020.2
INFO: [Wavedata 42-565] Reading protoinst file protoinst_files/RiscV_BD.protoinst
Time resolution is 1 ps
 Block Memory Generator module loading initial data...
 Block Memory Generator data initialization complete.
Block Memory Generator module RiscV_BD_wrapper_tb.uut.RiscV_BD_i.blk_mem_gen_0.inst.\native_mem_mapped_module.blk_mem_gen_v8_4_4_inst  is using a behavioral model for simulation which will not precisely model memory collision behavior.
 Block Memory Generator module loading initial data...
 Block Memory Generator data initialization complete.
Block Memory Generator module RiscV_BD_wrapper_tb.uut.RiscV_BD_i.blk_mem_gen_1.inst.\native_mem_mapped_module.blk_mem_gen_v8_4_4_inst  is using a behavioral model for simulation which will not precisely model memory collision behavior.
Simulation complete.
$finish called at time : 2115 ps : File "C:/Users/jaswa/VLSI_LAB/Course Project/FINAL_TEST2/FINAL_TEST2.srcs/sim_1/new/RiscV_BD_wrapper_tb.v" Line 35
relaunch_sim: Time (s): cpu = 00:00:04 ; elapsed = 00:00:23 . Memory (MB): peak = 2058.984 ; gain = 0.000
CRITICAL WARNING: [filemgmt 56-176] Module references are not supported in manual compile order mode and will be ignored.
CRITICAL WARNING: [filemgmt 56-176] Module references are not supported in manual compile order mode and will be ignored.
CRITICAL WARNING: [filemgmt 56-176] Module references are not supported in manual compile order mode and will be ignored.
CRITICAL WARNING: [filemgmt 56-176] Module references are not supported in manual compile order mode and will be ignored.
CRITICAL WARNING: [filemgmt 56-176] Module references are not supported in manual compile order mode and will be ignored.
CRITICAL WARNING: [filemgmt 56-176] Module references are not supported in manual compile order mode and will be ignored.
CRITICAL WARNING: [filemgmt 56-176] Module references are not supported in manual compile order mode and will be ignored.
CRITICAL WARNING: [filemgmt 56-176] Module references are not supported in manual compile order mode and will be ignored.
CRITICAL WARNING: [filemgmt 56-176] Module references are not supported in manual compile order mode and will be ignored.
CRITICAL WARNING: [filemgmt 56-176] Module references are not supported in manual compile order mode and will be ignored.
CRITICAL WARNING: [filemgmt 56-176] Module references are not supported in manual compile order mode and will be ignored.
CRITICAL WARNING: [filemgmt 56-176] Module references are not supported in manual compile order mode and will be ignored.
CRITICAL WARNING: [filemgmt 56-176] Module references are not supported in manual compile order mode and will be ignored.
CRITICAL WARNING: [filemgmt 56-176] Module references are not supported in manual compile order mode and will be ignored.
CRITICAL WARNING: [filemgmt 56-176] Module references are not supported in manual compile order mode and will be ignored.
CRITICAL WARNING: [filemgmt 56-176] Module references are not supported in manual compile order mode and will be ignored.
CRITICAL WARNING: [filemgmt 56-176] Module references are not supported in manual compile order mode and will be ignored.
CRITICAL WARNING: [filemgmt 56-176] Module references are not supported in manual compile order mode and will be ignored.
CRITICAL WARNING: [filemgmt 56-176] Module references are not supported in manual compile order mode and will be ignored.
CRITICAL WARNING: [filemgmt 56-176] Module references are not supported in manual compile order mode and will be ignored.
CRITICAL WARNING: [filemgmt 56-176] Module references are not supported in manual compile order mode and will be ignored.
CRITICAL WARNING: [filemgmt 56-176] Module references are not supported in manual compile order mode and will be ignored.
CRITICAL WARNING: [filemgmt 56-176] Module references are not supported in manual compile order mode and will be ignored.
CRITICAL WARNING: [filemgmt 56-176] Module references are not supported in manual compile order mode and will be ignored.
CRITICAL WARNING: [filemgmt 56-176] Module references are not supported in manual compile order mode and will be ignored.
CRITICAL WARNING: [filemgmt 56-176] Module references are not supported in manual compile order mode and will be ignored.
CRITICAL WARNING: [filemgmt 56-176] Module references are not supported in manual compile order mode and will be ignored.
close_sim
INFO: [Simtcl 6-16] Simulation closed
launch_simulation
Command: launch_simulation 
INFO: [Vivado 12-5682] Launching behavioral simulation in 'C:/Users/jaswa/VLSI_LAB/Course Project/FINAL_TEST2/FINAL_TEST2.sim/sim_1/behav/xsim'
INFO: [Vivado 12-4795] Using compiled simulation libraries for IPs
INFO: [SIM-utils-51] Simulation object is 'sim_1'
INFO: [USF-XSim-7] Finding pre-compiled libraries...
INFO: [USF-XSim-11] File 'C:/Xilinx/Vivado/2020.2/data/xsim/xsim.ini' copied to run dir:'C:/Users/jaswa/VLSI_LAB/Course Project/FINAL_TEST2/FINAL_TEST2.sim/sim_1/behav/xsim'
INFO: [SIM-utils-54] Inspecting design source files for 'RiscV_BD_wrapper_tb' in fileset 'sim_1'...
INFO: [SIM-utils-43] Exported 'C:/Users/jaswa/VLSI_LAB/Course Project/FINAL_TEST2/FINAL_TEST2.sim/sim_1/behav/xsim/instruction_memory.coe'
INFO: [SIM-utils-43] Exported 'C:/Users/jaswa/VLSI_LAB/Course Project/FINAL_TEST2/FINAL_TEST2.sim/sim_1/behav/xsim/RiscV_BD_blk_mem_gen_0_0.mif'
INFO: [SIM-utils-43] Exported 'C:/Users/jaswa/VLSI_LAB/Course Project/FINAL_TEST2/FINAL_TEST2.sim/sim_1/behav/xsim/data_memory.coe'
INFO: [SIM-utils-43] Exported 'C:/Users/jaswa/VLSI_LAB/Course Project/FINAL_TEST2/FINAL_TEST2.sim/sim_1/behav/xsim/RiscV_BD_blk_mem_gen_1_0.mif'
INFO: [SIM-utils-43] Exported 'C:/Users/jaswa/VLSI_LAB/Course Project/FINAL_TEST2/FINAL_TEST2.sim/sim_1/behav/xsim/instruction_memory.coe'
INFO: [USF-XSim-97] Finding global include files...
INFO: [USF-XSim-100] Fetching design files from 'sources_1'...(this may take a while)...
INFO: [USF-XSim-101] Fetching design files from 'sim_1'...
INFO: [USF-XSim-2] XSim::Compile design
INFO: [USF-XSim-61] Executing 'COMPILE and ANALYZE' step in 'C:/Users/jaswa/VLSI_LAB/Course Project/FINAL_TEST2/FINAL_TEST2.sim/sim_1/behav/xsim'
"xvlog --incr --relax -prj RiscV_BD_wrapper_tb_vlog.prj"
INFO: [VRFC 10-2263] Analyzing Verilog file "C:/Users/jaswa/VLSI_LAB/Course Project/FINAL_TEST2/FINAL_TEST2.srcs/sources_1/imports/sources_1/imports/new/Booth_PP.v" into library xil_defaultlib
INFO: [VRFC 10-311] analyzing module Booth_PP_FM
INFO: [VRFC 10-2263] Analyzing Verilog file "C:/Users/jaswa/VLSI_LAB/Course Project/FINAL_TEST2/FINAL_TEST2.srcs/sources_1/imports/new/Dadda_tree.v" into library xil_defaultlib
INFO: [VRFC 10-311] analyzing module Dadda_tree
INFO: [VRFC 10-2263] Analyzing Verilog file "C:/Users/jaswa/VLSI_LAB/Course Project/FINAL_TEST2/FINAL_TEST2.srcs/sources_1/imports/new/Q16_16.v" into library xil_defaultlib
INFO: [VRFC 10-311] analyzing module Q16_16_Mult
INFO: [VRFC 10-2263] Analyzing Verilog file "C:/Users/jaswa/VLSI_LAB/Course Project/FINAL_TEST2/FINAL_TEST2.srcs/sources_1/imports/COURSE PRPJECT/Decode/reg_file.v" into library xil_defaultlib
INFO: [VRFC 10-311] analyzing module register_file
INFO: [VRFC 10-2263] Analyzing Verilog file "C:/Users/jaswa/VLSI_LAB/Course Project/FINAL_TEST2/FINAL_TEST2.srcs/sources_1/imports/COURSE PRPJECT/Decode/imm_extend.v" into library xil_defaultlib
INFO: [VRFC 10-311] analyzing module imm_extend
INFO: [VRFC 10-2263] Analyzing Verilog file "C:/Users/jaswa/VLSI_LAB/Course Project/FINAL_TEST2/FINAL_TEST2.srcs/sources_1/imports/codes/min_csr.v" into library xil_defaultlib
INFO: [VRFC 10-311] analyzing module csr
INFO: [VRFC 10-2263] Analyzing Verilog file "C:/Users/jaswa/VLSI_LAB/Course Project/FINAL_TEST2/FINAL_TEST2.srcs/sources_1/imports/codes/controller.v" into library xil_defaultlib
INFO: [VRFC 10-311] analyzing module controller
INFO: [VRFC 10-2263] Analyzing Verilog file "C:/Users/jaswa/VLSI_LAB/Course Project/FINAL_TEST2/FINAL_TEST2.srcs/sources_1/imports/codes/alu_fixed_point_mux.v" into library xil_defaultlib
INFO: [VRFC 10-311] analyzing module alu_fixed_point_mux
INFO: [VRFC 10-2263] Analyzing Verilog file "C:/Users/jaswa/VLSI_LAB/Course Project/FINAL_TEST2/FINAL_TEST2.srcs/sources_1/imports/codes/csr_mux.v" into library xil_defaultlib
INFO: [VRFC 10-311] analyzing module csr_mux
INFO: [VRFC 10-2263] Analyzing Verilog file "C:/Users/jaswa/VLSI_LAB/Course Project/FINAL_TEST2/FINAL_TEST2.srcs/sources_1/imports/codes/forwarding_mux.v" into library xil_defaultlib
INFO: [VRFC 10-311] analyzing module forwarding_mux
INFO: [VRFC 10-2263] Analyzing Verilog file "C:/Users/jaswa/VLSI_LAB/Course Project/FINAL_TEST2/FINAL_TEST2.srcs/sources_1/imports/codes/alu_muxes.v" into library xil_defaultlib
INFO: [VRFC 10-311] analyzing module alu_muxes
INFO: [VRFC 10-2458] undeclared symbol alu_op, assumed default net type wire [C:/Users/jaswa/VLSI_LAB/Course Project/FINAL_TEST2/FINAL_TEST2.srcs/sources_1/imports/codes/alu_muxes.v:49]
INFO: [VRFC 10-2263] Analyzing Verilog file "C:/Users/jaswa/VLSI_LAB/Course Project/FINAL_TEST2/FINAL_TEST2.srcs/sources_1/imports/codes/branch_fsm.v" into library xil_defaultlib
INFO: [VRFC 10-311] analyzing module branch_fsm
INFO: [VRFC 10-2263] Analyzing Verilog file "C:/Users/jaswa/VLSI_LAB/Course Project/FINAL_TEST2/FINAL_TEST2.srcs/sources_1/imports/codes/mul_fsm.v" into library xil_defaultlib
INFO: [VRFC 10-311] analyzing module mul_fsm
INFO: [VRFC 10-2263] Analyzing Verilog file "C:/Users/jaswa/VLSI_LAB/Course Project/FINAL_TEST2/FINAL_TEST2.srcs/sources_1/new/EX_MA_PR.v" into library xil_defaultlib
INFO: [VRFC 10-311] analyzing module EX_MA_PR
INFO: [VRFC 10-2263] Analyzing Verilog file "C:/Users/jaswa/VLSI_LAB/Course Project/FINAL_TEST2/FINAL_TEST2.srcs/sources_1/new/MA_WB_PR.v" into library xil_defaultlib
INFO: [VRFC 10-311] analyzing module MA_WB_PR
INFO: [VRFC 10-2263] Analyzing Verilog file "C:/Users/jaswa/VLSI_LAB/Course Project/FINAL_TEST2/FINAL_TEST2.srcs/sources_1/imports/codes/load_extend.v" into library xil_defaultlib
INFO: [VRFC 10-311] analyzing module load_extend
INFO: [VRFC 10-2263] Analyzing Verilog file "C:/Users/jaswa/VLSI_LAB/Course Project/FINAL_TEST2/FINAL_TEST2.srcs/sources_1/new/Write_back_Mux.v" into library xil_defaultlib
INFO: [VRFC 10-311] analyzing module Write_back_Mux
INFO: [VRFC 10-2263] Analyzing Verilog file "C:/Users/jaswa/VLSI_LAB/Course Project/FINAL_TEST2/FINAL_TEST2.srcs/sources_1/new/combinational.v" into library xil_defaultlib
INFO: [VRFC 10-311] analyzing module combinational
INFO: [VRFC 10-2263] Analyzing Verilog file "C:/Users/jaswa/VLSI_LAB/Course Project/FINAL_TEST2/FINAL_TEST2.srcs/sources_1/imports/codes/inst_retire_mux.v" into library xil_defaultlib
INFO: [VRFC 10-311] analyzing module instr_retire_mux
INFO: [VRFC 10-2263] Analyzing Verilog file "C:/Users/jaswa/VLSI_LAB/Course Project/FINAL_TEST2/FINAL_TEST2.srcs/sources_1/new/concat_2to1.v" into library xil_defaultlib
INFO: [VRFC 10-311] analyzing module concat_2to1
INFO: [VRFC 10-2263] Analyzing Verilog file "C:/Users/jaswa/VLSI_LAB/Course Project/FINAL_TEST2/FINAL_TEST2.srcs/sources_1/new/hazard_unit.v" into library xil_defaultlib
INFO: [VRFC 10-311] analyzing module hazard_unit
INFO: [VRFC 10-2263] Analyzing Verilog file "C:/Users/jaswa/VLSI_LAB/Course Project/FINAL_TEST2/FINAL_TEST2.srcs/sources_1/imports/DESIGN LAB/pc.v" into library xil_defaultlib
INFO: [VRFC 10-311] analyzing module pc
INFO: [VRFC 10-2263] Analyzing Verilog file "C:/Users/jaswa/VLSI_LAB/Course Project/FINAL_TEST2/FINAL_TEST2.srcs/sources_1/new/ID_EX_PR.v" into library xil_defaultlib
INFO: [VRFC 10-311] analyzing module ID_EX_PR
INFO: [VRFC 10-2263] Analyzing Verilog file "C:/Users/jaswa/VLSI_LAB/Course Project/FINAL_TEST2/FINAL_TEST2.srcs/sources_1/imports/new/Booth_PP.v" into library xil_defaultlib
INFO: [VRFC 10-311] analyzing module Booth_PP
INFO: [VRFC 10-2263] Analyzing Verilog file "C:/Users/jaswa/VLSI_LAB/Course Project/FINAL_TEST2/FINAL_TEST2.srcs/sources_1/imports/sources_1/imports/new/Dadda_Stage_1.v" into library xil_defaultlib
INFO: [VRFC 10-311] analyzing module Dadda_stage1
INFO: [VRFC 10-2263] Analyzing Verilog file "C:/Users/jaswa/VLSI_LAB/Course Project/FINAL_TEST2/FINAL_TEST2.srcs/sources_1/imports/sources_1/imports/new/Dadda_stage_2.v" into library xil_defaultlib
INFO: [VRFC 10-311] analyzing module Dadda_stage2
INFO: [VRFC 10-2263] Analyzing Verilog file "C:/Users/jaswa/VLSI_LAB/Course Project/FINAL_TEST2/FINAL_TEST2.srcs/sources_1/imports/sources_1/imports/new/mul_top.v" into library xil_defaultlib
INFO: [VRFC 10-311] analyzing module mul_top
INFO: [VRFC 10-2263] Analyzing Verilog file "C:/Users/jaswa/VLSI_LAB/Course Project/FINAL_TEST2/FINAL_TEST2.srcs/sources_1/imports/sources_1/new/ALU_OPER.v" into library xil_defaultlib
INFO: [VRFC 10-311] analyzing module ALU_OPER
INFO: [VRFC 10-2263] Analyzing Verilog file "C:/Users/jaswa/VLSI_LAB/Course Project/FINAL_TEST2/FINAL_TEST2.srcs/sources_1/new/IF_ID_PR.v" into library xil_defaultlib
INFO: [VRFC 10-311] analyzing module IF_ID_PR
INFO: [VRFC 10-2263] Analyzing Verilog file "C:/Users/jaswa/VLSI_LAB/Course Project/FINAL_TEST2/FINAL_TEST2.srcs/sources_1/new/OR_gate.v" into library xil_defaultlib
INFO: [VRFC 10-311] analyzing module or_gate
INFO: [VRFC 10-2263] Analyzing Verilog file "C:/Users/jaswa/VLSI_LAB/Course Project/FINAL_TEST2/FINAL_TEST2.srcs/sources_1/new/valid_gen.v" into library xil_defaultlib
INFO: [VRFC 10-311] analyzing module valid_gen
INFO: [VRFC 10-2263] Analyzing Verilog file "C:/Users/jaswa/VLSI_LAB/Course Project/FINAL_TEST2/FINAL_TEST2.ip_user_files/bd/RiscV_BD/ip/RiscV_BD_Q16_16_Mult_0_0/sim/RiscV_BD_Q16_16_Mult_0_0.v" into library xil_defaultlib
INFO: [VRFC 10-311] analyzing module RiscV_BD_Q16_16_Mult_0_0
INFO: [VRFC 10-2263] Analyzing Verilog file "C:/Users/jaswa/VLSI_LAB/Course Project/FINAL_TEST2/FINAL_TEST2.ip_user_files/bd/RiscV_BD/ip/RiscV_BD_register_file_0_0/sim/RiscV_BD_register_file_0_0.v" into library xil_defaultlib
INFO: [VRFC 10-311] analyzing module RiscV_BD_register_file_0_0
INFO: [VRFC 10-2263] Analyzing Verilog file "C:/Users/jaswa/VLSI_LAB/Course Project/FINAL_TEST2/FINAL_TEST2.ip_user_files/bd/RiscV_BD/ip/RiscV_BD_imm_extend_0_0/sim/RiscV_BD_imm_extend_0_0.v" into library xil_defaultlib
INFO: [VRFC 10-311] analyzing module RiscV_BD_imm_extend_0_0
INFO: [VRFC 10-2263] Analyzing Verilog file "C:/Users/jaswa/VLSI_LAB/Course Project/FINAL_TEST2/FINAL_TEST2.ip_user_files/bd/RiscV_BD/ip/RiscV_BD_csr_0_0/sim/RiscV_BD_csr_0_0.v" into library xil_defaultlib
INFO: [VRFC 10-311] analyzing module RiscV_BD_csr_0_0
INFO: [VRFC 10-2263] Analyzing Verilog file "C:/Users/jaswa/VLSI_LAB/Course Project/FINAL_TEST2/FINAL_TEST2.ip_user_files/bd/RiscV_BD/ip/RiscV_BD_controller_0_0/sim/RiscV_BD_controller_0_0.v" into library xil_defaultlib
INFO: [VRFC 10-311] analyzing module RiscV_BD_controller_0_0
INFO: [VRFC 10-2263] Analyzing Verilog file "C:/Users/jaswa/VLSI_LAB/Course Project/FINAL_TEST2/FINAL_TEST2.ip_user_files/bd/RiscV_BD/ip/RiscV_BD_alu_fixed_point_mux_0_0/sim/RiscV_BD_alu_fixed_point_mux_0_0.v" into library xil_defaultlib
INFO: [VRFC 10-311] analyzing module RiscV_BD_alu_fixed_point_mux_0_0
INFO: [VRFC 10-2263] Analyzing Verilog file "C:/Users/jaswa/VLSI_LAB/Course Project/FINAL_TEST2/FINAL_TEST2.ip_user_files/bd/RiscV_BD/ip/RiscV_BD_csr_mux_0_0/sim/RiscV_BD_csr_mux_0_0.v" into library xil_defaultlib
INFO: [VRFC 10-311] analyzing module RiscV_BD_csr_mux_0_0
INFO: [VRFC 10-2263] Analyzing Verilog file "C:/Users/jaswa/VLSI_LAB/Course Project/FINAL_TEST2/FINAL_TEST2.ip_user_files/bd/RiscV_BD/ip/RiscV_BD_forwarding_mux_0_0/sim/RiscV_BD_forwarding_mux_0_0.v" into library xil_defaultlib
INFO: [VRFC 10-311] analyzing module RiscV_BD_forwarding_mux_0_0
INFO: [VRFC 10-2263] Analyzing Verilog file "C:/Users/jaswa/VLSI_LAB/Course Project/FINAL_TEST2/FINAL_TEST2.ip_user_files/bd/RiscV_BD/ip/RiscV_BD_alu_muxes_0_2/sim/RiscV_BD_alu_muxes_0_2.v" into library xil_defaultlib
INFO: [VRFC 10-311] analyzing module RiscV_BD_alu_muxes_0_2
INFO: [VRFC 10-2263] Analyzing Verilog file "C:/Users/jaswa/VLSI_LAB/Course Project/FINAL_TEST2/FINAL_TEST2.ip_user_files/bd/RiscV_BD/ip/RiscV_BD_branch_fsm_0_0/sim/RiscV_BD_branch_fsm_0_0.v" into library xil_defaultlib
INFO: [VRFC 10-311] analyzing module RiscV_BD_branch_fsm_0_0
INFO: [VRFC 10-2263] Analyzing Verilog file "C:/Users/jaswa/VLSI_LAB/Course Project/FINAL_TEST2/FINAL_TEST2.ip_user_files/bd/RiscV_BD/ip/RiscV_BD_mul_fsm_0_0/sim/RiscV_BD_mul_fsm_0_0.v" into library xil_defaultlib
INFO: [VRFC 10-311] analyzing module RiscV_BD_mul_fsm_0_0
INFO: [VRFC 10-2263] Analyzing Verilog file "C:/Users/jaswa/VLSI_LAB/Course Project/FINAL_TEST2/FINAL_TEST2.ip_user_files/bd/RiscV_BD/ip/RiscV_BD_EX_MA_PR_0_0/sim/RiscV_BD_EX_MA_PR_0_0.v" into library xil_defaultlib
INFO: [VRFC 10-311] analyzing module RiscV_BD_EX_MA_PR_0_0
INFO: [VRFC 10-2263] Analyzing Verilog file "C:/Users/jaswa/VLSI_LAB/Course Project/FINAL_TEST2/FINAL_TEST2.ip_user_files/bd/RiscV_BD/ip/RiscV_BD_MA_WB_PR_0_0/sim/RiscV_BD_MA_WB_PR_0_0.v" into library xil_defaultlib
INFO: [VRFC 10-311] analyzing module RiscV_BD_MA_WB_PR_0_0
INFO: [VRFC 10-2263] Analyzing Verilog file "C:/Users/jaswa/VLSI_LAB/Course Project/FINAL_TEST2/FINAL_TEST2.ip_user_files/bd/RiscV_BD/ip/RiscV_BD_load_extend_0_0/sim/RiscV_BD_load_extend_0_0.v" into library xil_defaultlib
INFO: [VRFC 10-311] analyzing module RiscV_BD_load_extend_0_0
INFO: [VRFC 10-2263] Analyzing Verilog file "C:/Users/jaswa/VLSI_LAB/Course Project/FINAL_TEST2/FINAL_TEST2.ip_user_files/bd/RiscV_BD/ip/RiscV_BD_Write_back_Mux_0_0/sim/RiscV_BD_Write_back_Mux_0_0.v" into library xil_defaultlib
INFO: [VRFC 10-311] analyzing module RiscV_BD_Write_back_Mux_0_0
INFO: [VRFC 10-2263] Analyzing Verilog file "C:/Users/jaswa/VLSI_LAB/Course Project/FINAL_TEST2/FINAL_TEST2.ip_user_files/bd/RiscV_BD/ip/RiscV_BD_combinational_0_0/sim/RiscV_BD_combinational_0_0.v" into library xil_defaultlib
INFO: [VRFC 10-311] analyzing module RiscV_BD_combinational_0_0
INFO: [VRFC 10-2263] Analyzing Verilog file "C:/Users/jaswa/VLSI_LAB/Course Project/FINAL_TEST2/FINAL_TEST2.ip_user_files/bd/RiscV_BD/ip/RiscV_BD_instr_retire_mux_0_0/sim/RiscV_BD_instr_retire_mux_0_0.v" into library xil_defaultlib
INFO: [VRFC 10-311] analyzing module RiscV_BD_instr_retire_mux_0_0
INFO: [VRFC 10-2263] Analyzing Verilog file "C:/Users/jaswa/VLSI_LAB/Course Project/FINAL_TEST2/FINAL_TEST2.ip_user_files/bd/RiscV_BD/ip/RiscV_BD_blk_mem_gen_0_0/sim/RiscV_BD_blk_mem_gen_0_0.v" into library xil_defaultlib
INFO: [VRFC 10-311] analyzing module RiscV_BD_blk_mem_gen_0_0
INFO: [VRFC 10-2263] Analyzing Verilog file "C:/Users/jaswa/VLSI_LAB/Course Project/FINAL_TEST2/FINAL_TEST2.ip_user_files/bd/RiscV_BD/ip/RiscV_BD_blk_mem_gen_1_0/sim/RiscV_BD_blk_mem_gen_1_0.v" into library xil_defaultlib
INFO: [VRFC 10-311] analyzing module RiscV_BD_blk_mem_gen_1_0
INFO: [VRFC 10-2263] Analyzing Verilog file "C:/Users/jaswa/VLSI_LAB/Course Project/FINAL_TEST2/FINAL_TEST2.ip_user_files/bd/RiscV_BD/ip/RiscV_BD_concat_2to1_0_0/sim/RiscV_BD_concat_2to1_0_0.v" into library xil_defaultlib
INFO: [VRFC 10-311] analyzing module RiscV_BD_concat_2to1_0_0
INFO: [VRFC 10-2263] Analyzing Verilog file "C:/Users/jaswa/VLSI_LAB/Course Project/FINAL_TEST2/FINAL_TEST2.ip_user_files/bd/RiscV_BD/ip/RiscV_BD_concat_2to1_1_0/sim/RiscV_BD_concat_2to1_1_0.v" into library xil_defaultlib
INFO: [VRFC 10-311] analyzing module RiscV_BD_concat_2to1_1_0
INFO: [VRFC 10-2263] Analyzing Verilog file "C:/Users/jaswa/VLSI_LAB/Course Project/FINAL_TEST2/FINAL_TEST2.ip_user_files/bd/RiscV_BD/ip/RiscV_BD_hazard_unit_0_0/sim/RiscV_BD_hazard_unit_0_0.v" into library xil_defaultlib
INFO: [VRFC 10-311] analyzing module RiscV_BD_hazard_unit_0_0
INFO: [VRFC 10-2263] Analyzing Verilog file "C:/Users/jaswa/VLSI_LAB/Course Project/FINAL_TEST2/FINAL_TEST2.ip_user_files/bd/RiscV_BD/ip/RiscV_BD_pc_0_0/sim/RiscV_BD_pc_0_0.v" into library xil_defaultlib
INFO: [VRFC 10-311] analyzing module RiscV_BD_pc_0_0
INFO: [VRFC 10-2263] Analyzing Verilog file "C:/Users/jaswa/VLSI_LAB/Course Project/FINAL_TEST2/FINAL_TEST2.ip_user_files/bd/RiscV_BD/ip/RiscV_BD_concat_2to1_2_0/sim/RiscV_BD_concat_2to1_2_0.v" into library xil_defaultlib
INFO: [VRFC 10-311] analyzing module RiscV_BD_concat_2to1_2_0
INFO: [VRFC 10-2263] Analyzing Verilog file "C:/Users/jaswa/VLSI_LAB/Course Project/FINAL_TEST2/FINAL_TEST2.ip_user_files/bd/RiscV_BD/ip/RiscV_BD_ID_EX_PR_0_0/sim/RiscV_BD_ID_EX_PR_0_0.v" into library xil_defaultlib
INFO: [VRFC 10-311] analyzing module RiscV_BD_ID_EX_PR_0_0
INFO: [VRFC 10-2263] Analyzing Verilog file "C:/Users/jaswa/VLSI_LAB/Course Project/FINAL_TEST2/FINAL_TEST2.ip_user_files/bd/RiscV_BD/ip/RiscV_BD_ALU_OPER_0_0/sim/RiscV_BD_ALU_OPER_0_0.v" into library xil_defaultlib
INFO: [VRFC 10-311] analyzing module RiscV_BD_ALU_OPER_0_0
INFO: [VRFC 10-2263] Analyzing Verilog file "C:/Users/jaswa/VLSI_LAB/Course Project/FINAL_TEST2/FINAL_TEST2.ip_user_files/bd/RiscV_BD/ip/RiscV_BD_IF_ID_PR_0_0/sim/RiscV_BD_IF_ID_PR_0_0.v" into library xil_defaultlib
INFO: [VRFC 10-311] analyzing module RiscV_BD_IF_ID_PR_0_0
INFO: [VRFC 10-2263] Analyzing Verilog file "C:/Users/jaswa/VLSI_LAB/Course Project/FINAL_TEST2/FINAL_TEST2.ip_user_files/bd/RiscV_BD/ip/RiscV_BD_or_gate_1_0/sim/RiscV_BD_or_gate_1_0.v" into library xil_defaultlib
INFO: [VRFC 10-311] analyzing module RiscV_BD_or_gate_1_0
INFO: [VRFC 10-2263] Analyzing Verilog file "C:/Users/jaswa/VLSI_LAB/Course Project/FINAL_TEST2/FINAL_TEST2.ip_user_files/bd/RiscV_BD/ip/RiscV_BD_valid_gen_0_0/sim/RiscV_BD_valid_gen_0_0.v" into library xil_defaultlib
INFO: [VRFC 10-311] analyzing module RiscV_BD_valid_gen_0_0
INFO: [VRFC 10-2263] Analyzing Verilog file "C:/Users/jaswa/VLSI_LAB/Course Project/FINAL_TEST2/FINAL_TEST2.ip_user_files/bd/RiscV_BD/sim/RiscV_BD.v" into library xil_defaultlib
INFO: [VRFC 10-311] analyzing module RiscV_BD
INFO: [VRFC 10-2263] Analyzing Verilog file "C:/Users/jaswa/VLSI_LAB/Course Project/FINAL_TEST2/FINAL_TEST2.gen/sources_1/bd/RiscV_BD/hdl/RiscV_BD_wrapper.v" into library xil_defaultlib
INFO: [VRFC 10-311] analyzing module RiscV_BD_wrapper
INFO: [VRFC 10-2263] Analyzing Verilog file "C:/Users/jaswa/VLSI_LAB/Course Project/FINAL_TEST2/FINAL_TEST2.srcs/sim_1/new/RiscV_BD_wrapper_tb.v" into library xil_defaultlib
INFO: [VRFC 10-311] analyzing module RiscV_BD_wrapper_tb
run_program: Time (s): cpu = 00:00:01 ; elapsed = 00:00:07 . Memory (MB): peak = 2058.984 ; gain = 0.000
INFO: [USF-XSim-69] 'compile' step finished in '7' seconds
INFO: [USF-XSim-3] XSim::Elaborate design
INFO: [USF-XSim-61] Executing 'ELABORATE' step in 'C:/Users/jaswa/VLSI_LAB/Course Project/FINAL_TEST2/FINAL_TEST2.sim/sim_1/behav/xsim'
"xelab -wto 825d914d5bae4902b22375897d789401 --incr --debug typical --relax --mt 2 -L xil_defaultlib -L blk_mem_gen_v8_4_4 -L unisims_ver -L unimacro_ver -L secureip -L xpm --snapshot RiscV_BD_wrapper_tb_behav xil_defaultlib.RiscV_BD_wrapper_tb xil_defaultlib.glbl -log elaborate.log"
Vivado Simulator 2020.2
Copyright 1986-1999, 2001-2020 Xilinx, Inc. All Rights Reserved.
Running: C:/Xilinx/Vivado/2020.2/bin/unwrapped/win64.o/xelab.exe -wto 825d914d5bae4902b22375897d789401 --incr --debug typical --relax --mt 2 -L xil_defaultlib -L blk_mem_gen_v8_4_4 -L unisims_ver -L unimacro_ver -L secureip -L xpm --snapshot RiscV_BD_wrapper_tb_behav xil_defaultlib.RiscV_BD_wrapper_tb xil_defaultlib.glbl -log elaborate.log 
Using 2 slave threads.
Starting static elaboration
Pass Through NonSizing Optimizer
Completed static elaboration
Starting simulation data flow analysis
Completed simulation data flow analysis
Time Resolution for simulation is 1ps
Compiling module xil_defaultlib.Booth_PP
Compiling module xil_defaultlib.Dadda_stage1
Compiling module xil_defaultlib.Dadda_stage2
Compiling module xil_defaultlib.mul_top
Compiling module xil_defaultlib.ALU_OPER
Compiling module xil_defaultlib.RiscV_BD_ALU_OPER_0_0
Compiling module xil_defaultlib.EX_MA_PR
Compiling module xil_defaultlib.RiscV_BD_EX_MA_PR_0_0
Compiling module xil_defaultlib.ID_EX_PR
Compiling module xil_defaultlib.RiscV_BD_ID_EX_PR_0_0
Compiling module xil_defaultlib.IF_ID_PR
Compiling module xil_defaultlib.RiscV_BD_IF_ID_PR_0_0
Compiling module xil_defaultlib.MA_WB_PR
Compiling module xil_defaultlib.RiscV_BD_MA_WB_PR_0_0
Compiling module xil_defaultlib.Booth_PP_FM
Compiling module xil_defaultlib.Dadda_tree
Compiling module xil_defaultlib.Q16_16_Mult
Compiling module xil_defaultlib.RiscV_BD_Q16_16_Mult_0_0
Compiling module xil_defaultlib.Write_back_Mux
Compiling module xil_defaultlib.RiscV_BD_Write_back_Mux_0_0
Compiling module xil_defaultlib.alu_fixed_point_mux
Compiling module xil_defaultlib.RiscV_BD_alu_fixed_point_mux_0_0
Compiling module xil_defaultlib.alu_muxes
Compiling module xil_defaultlib.RiscV_BD_alu_muxes_0_2
Compiling module blk_mem_gen_v8_4_4.blk_mem_gen_v8_4_4_output_stage(...
Compiling module blk_mem_gen_v8_4_4.blk_mem_gen_v8_4_4_softecc_outpu...
Compiling module blk_mem_gen_v8_4_4.blk_mem_gen_v8_4_4_mem_module(C_...
Compiling module blk_mem_gen_v8_4_4.blk_mem_gen_v8_4_4(C_FAMILY="zyn...
Compiling module xil_defaultlib.RiscV_BD_blk_mem_gen_0_0
Compiling module blk_mem_gen_v8_4_4.blk_mem_gen_v8_4_4_mem_module(C_...
Compiling module blk_mem_gen_v8_4_4.blk_mem_gen_v8_4_4(C_FAMILY="zyn...
Compiling module xil_defaultlib.RiscV_BD_blk_mem_gen_1_0
Compiling module xil_defaultlib.branch_fsm
Compiling module xil_defaultlib.RiscV_BD_branch_fsm_0_0
Compiling module xil_defaultlib.combinational
Compiling module xil_defaultlib.RiscV_BD_combinational_0_0
Compiling module xil_defaultlib.concat_2to1
Compiling module xil_defaultlib.RiscV_BD_concat_2to1_0_0
Compiling module xil_defaultlib.RiscV_BD_concat_2to1_1_0
Compiling module xil_defaultlib.RiscV_BD_concat_2to1_2_0
Compiling module xil_defaultlib.controller
Compiling module xil_defaultlib.RiscV_BD_controller_0_0
Compiling module xil_defaultlib.csr
Compiling module xil_defaultlib.RiscV_BD_csr_0_0
Compiling module xil_defaultlib.csr_mux
Compiling module xil_defaultlib.RiscV_BD_csr_mux_0_0
Compiling module xil_defaultlib.forwarding_mux
Compiling module xil_defaultlib.RiscV_BD_forwarding_mux_0_0
Compiling module xil_defaultlib.hazard_unit
Compiling module xil_defaultlib.RiscV_BD_hazard_unit_0_0
Compiling module xil_defaultlib.imm_extend
Compiling module xil_defaultlib.RiscV_BD_imm_extend_0_0
Compiling module xil_defaultlib.instr_retire_mux
Compiling module xil_defaultlib.RiscV_BD_instr_retire_mux_0_0
Compiling module xil_defaultlib.load_extend
Compiling module xil_defaultlib.RiscV_BD_load_extend_0_0
Compiling module xil_defaultlib.mul_fsm
Compiling module xil_defaultlib.RiscV_BD_mul_fsm_0_0
Compiling module xil_defaultlib.or_gate
Compiling module xil_defaultlib.RiscV_BD_or_gate_1_0
Compiling module xil_defaultlib.pc
Compiling module xil_defaultlib.RiscV_BD_pc_0_0
Compiling module xil_defaultlib.register_file
Compiling module xil_defaultlib.RiscV_BD_register_file_0_0
Compiling module xil_defaultlib.valid_gen
Compiling module xil_defaultlib.RiscV_BD_valid_gen_0_0
Compiling module xil_defaultlib.RiscV_BD
Compiling module xil_defaultlib.RiscV_BD_wrapper
Compiling module xil_defaultlib.RiscV_BD_wrapper_tb
Compiling module xil_defaultlib.glbl
Built simulation snapshot RiscV_BD_wrapper_tb_behav
run_program: Time (s): cpu = 00:00:00 ; elapsed = 00:00:10 . Memory (MB): peak = 2058.984 ; gain = 0.000
INFO: [USF-XSim-69] 'elaborate' step finished in '10' seconds
INFO: [USF-XSim-4] XSim::Simulate design
INFO: [USF-XSim-61] Executing 'SIMULATE' step in 'C:/Users/jaswa/VLSI_LAB/Course Project/FINAL_TEST2/FINAL_TEST2.sim/sim_1/behav/xsim'
INFO: [USF-XSim-98] *** Running xsim
   with args "RiscV_BD_wrapper_tb_behav -key {Behavioral:sim_1:Functional:RiscV_BD_wrapper_tb} -tclbatch {RiscV_BD_wrapper_tb.tcl} -protoinst "protoinst_files/RiscV_BD.protoinst" -view {{C:/Users/jaswa/VLSI_LAB/Course Project/FINAL_TEST2/FINAL_TEST2.srcs/sim_1/imports/VLSI_RISC_V_IM/RiscV_BD_wrapper_tb_behav.wcfg}} -log {simulate.log}"
INFO: [USF-XSim-8] Loading simulator feature
Vivado Simulator 2020.2
INFO: [Wavedata 42-565] Reading protoinst file protoinst_files/RiscV_BD.protoinst
Time resolution is 1 ps
open_wave_config {C:/Users/jaswa/VLSI_LAB/Course Project/FINAL_TEST2/FINAL_TEST2.srcs/sim_1/imports/VLSI_RISC_V_IM/RiscV_BD_wrapper_tb_behav.wcfg}
source RiscV_BD_wrapper_tb.tcl
# set curr_wave [current_wave_config]
# if { [string length $curr_wave] == 0 } {
#   if { [llength [get_objects]] > 0} {
#     add_wave /
#     set_property needs_save false [current_wave_config]
#   } else {
#      send_msg_id Add_Wave-1 WARNING "No top level signals found. Simulator will start without a wave window. If you want to open a wave window go to 'File->New Waveform Configuration' or type 'create_wave_config' in the TCL console."
#   }
# }
# run 1000ns
 Block Memory Generator module loading initial data...
 Block Memory Generator data initialization complete.
Block Memory Generator module RiscV_BD_wrapper_tb.uut.RiscV_BD_i.blk_mem_gen_0.inst.\native_mem_mapped_module.blk_mem_gen_v8_4_4_inst  is using a behavioral model for simulation which will not precisely model memory collision behavior.
 Block Memory Generator module loading initial data...
 Block Memory Generator data initialization complete.
Block Memory Generator module RiscV_BD_wrapper_tb.uut.RiscV_BD_i.blk_mem_gen_1.inst.\native_mem_mapped_module.blk_mem_gen_v8_4_4_inst  is using a behavioral model for simulation which will not precisely model memory collision behavior.
Simulation complete.
$finish called at time : 2115 ps : File "C:/Users/jaswa/VLSI_LAB/Course Project/FINAL_TEST2/FINAL_TEST2.srcs/sim_1/new/RiscV_BD_wrapper_tb.v" Line 35
xsim: Time (s): cpu = 00:00:05 ; elapsed = 00:00:07 . Memory (MB): peak = 2058.984 ; gain = 0.000
INFO: [USF-XSim-96] XSim completed. Design snapshot 'RiscV_BD_wrapper_tb_behav' loaded.
INFO: [USF-XSim-97] XSim simulation ran for 1000ns
launch_simulation: Time (s): cpu = 00:00:06 ; elapsed = 00:00:25 . Memory (MB): peak = 2058.984 ; gain = 0.000
close_sim
INFO: [Simtcl 6-16] Simulation closed
launch_simulation
Command: launch_simulation 
INFO: [Vivado 12-5682] Launching behavioral simulation in 'C:/Users/jaswa/VLSI_LAB/Course Project/FINAL_TEST2/FINAL_TEST2.sim/sim_1/behav/xsim'
INFO: [Vivado 12-4795] Using compiled simulation libraries for IPs
INFO: [SIM-utils-51] Simulation object is 'sim_1'
INFO: [USF-XSim-7] Finding pre-compiled libraries...
INFO: [USF-XSim-11] File 'C:/Xilinx/Vivado/2020.2/data/xsim/xsim.ini' copied to run dir:'C:/Users/jaswa/VLSI_LAB/Course Project/FINAL_TEST2/FINAL_TEST2.sim/sim_1/behav/xsim'
INFO: [SIM-utils-54] Inspecting design source files for 'RiscV_BD_wrapper_tb' in fileset 'sim_1'...
INFO: [SIM-utils-43] Exported 'C:/Users/jaswa/VLSI_LAB/Course Project/FINAL_TEST2/FINAL_TEST2.sim/sim_1/behav/xsim/instruction_memory.coe'
INFO: [SIM-utils-43] Exported 'C:/Users/jaswa/VLSI_LAB/Course Project/FINAL_TEST2/FINAL_TEST2.sim/sim_1/behav/xsim/RiscV_BD_blk_mem_gen_0_0.mif'
INFO: [SIM-utils-43] Exported 'C:/Users/jaswa/VLSI_LAB/Course Project/FINAL_TEST2/FINAL_TEST2.sim/sim_1/behav/xsim/data_memory.coe'
INFO: [SIM-utils-43] Exported 'C:/Users/jaswa/VLSI_LAB/Course Project/FINAL_TEST2/FINAL_TEST2.sim/sim_1/behav/xsim/RiscV_BD_blk_mem_gen_1_0.mif'
INFO: [SIM-utils-43] Exported 'C:/Users/jaswa/VLSI_LAB/Course Project/FINAL_TEST2/FINAL_TEST2.sim/sim_1/behav/xsim/instruction_memory.coe'
INFO: [USF-XSim-97] Finding global include files...
INFO: [USF-XSim-100] Fetching design files from 'sources_1'...(this may take a while)...
INFO: [USF-XSim-101] Fetching design files from 'sim_1'...
INFO: [USF-XSim-2] XSim::Compile design
INFO: [USF-XSim-61] Executing 'COMPILE and ANALYZE' step in 'C:/Users/jaswa/VLSI_LAB/Course Project/FINAL_TEST2/FINAL_TEST2.sim/sim_1/behav/xsim'
"xvlog --incr --relax -prj RiscV_BD_wrapper_tb_vlog.prj"
INFO: [VRFC 10-2263] Analyzing Verilog file "C:/Users/jaswa/VLSI_LAB/Course Project/FINAL_TEST2/FINAL_TEST2.srcs/sources_1/imports/sources_1/imports/new/Booth_PP.v" into library xil_defaultlib
INFO: [VRFC 10-311] analyzing module Booth_PP_FM
INFO: [VRFC 10-2263] Analyzing Verilog file "C:/Users/jaswa/VLSI_LAB/Course Project/FINAL_TEST2/FINAL_TEST2.srcs/sources_1/imports/new/Dadda_tree.v" into library xil_defaultlib
INFO: [VRFC 10-311] analyzing module Dadda_tree
INFO: [VRFC 10-2263] Analyzing Verilog file "C:/Users/jaswa/VLSI_LAB/Course Project/FINAL_TEST2/FINAL_TEST2.srcs/sources_1/imports/new/Q16_16.v" into library xil_defaultlib
INFO: [VRFC 10-311] analyzing module Q16_16_Mult
INFO: [VRFC 10-2263] Analyzing Verilog file "C:/Users/jaswa/VLSI_LAB/Course Project/FINAL_TEST2/FINAL_TEST2.srcs/sources_1/imports/COURSE PRPJECT/Decode/reg_file.v" into library xil_defaultlib
INFO: [VRFC 10-311] analyzing module register_file
INFO: [VRFC 10-2263] Analyzing Verilog file "C:/Users/jaswa/VLSI_LAB/Course Project/FINAL_TEST2/FINAL_TEST2.srcs/sources_1/imports/COURSE PRPJECT/Decode/imm_extend.v" into library xil_defaultlib
INFO: [VRFC 10-311] analyzing module imm_extend
INFO: [VRFC 10-2263] Analyzing Verilog file "C:/Users/jaswa/VLSI_LAB/Course Project/FINAL_TEST2/FINAL_TEST2.srcs/sources_1/imports/codes/min_csr.v" into library xil_defaultlib
INFO: [VRFC 10-311] analyzing module csr
INFO: [VRFC 10-2263] Analyzing Verilog file "C:/Users/jaswa/VLSI_LAB/Course Project/FINAL_TEST2/FINAL_TEST2.srcs/sources_1/imports/codes/controller.v" into library xil_defaultlib
INFO: [VRFC 10-311] analyzing module controller
INFO: [VRFC 10-2263] Analyzing Verilog file "C:/Users/jaswa/VLSI_LAB/Course Project/FINAL_TEST2/FINAL_TEST2.srcs/sources_1/imports/codes/alu_fixed_point_mux.v" into library xil_defaultlib
INFO: [VRFC 10-311] analyzing module alu_fixed_point_mux
INFO: [VRFC 10-2263] Analyzing Verilog file "C:/Users/jaswa/VLSI_LAB/Course Project/FINAL_TEST2/FINAL_TEST2.srcs/sources_1/imports/codes/csr_mux.v" into library xil_defaultlib
INFO: [VRFC 10-311] analyzing module csr_mux
INFO: [VRFC 10-2263] Analyzing Verilog file "C:/Users/jaswa/VLSI_LAB/Course Project/FINAL_TEST2/FINAL_TEST2.srcs/sources_1/imports/codes/forwarding_mux.v" into library xil_defaultlib
INFO: [VRFC 10-311] analyzing module forwarding_mux
INFO: [VRFC 10-2263] Analyzing Verilog file "C:/Users/jaswa/VLSI_LAB/Course Project/FINAL_TEST2/FINAL_TEST2.srcs/sources_1/imports/codes/alu_muxes.v" into library xil_defaultlib
INFO: [VRFC 10-311] analyzing module alu_muxes
INFO: [VRFC 10-2458] undeclared symbol alu_op, assumed default net type wire [C:/Users/jaswa/VLSI_LAB/Course Project/FINAL_TEST2/FINAL_TEST2.srcs/sources_1/imports/codes/alu_muxes.v:49]
INFO: [VRFC 10-2263] Analyzing Verilog file "C:/Users/jaswa/VLSI_LAB/Course Project/FINAL_TEST2/FINAL_TEST2.srcs/sources_1/imports/codes/branch_fsm.v" into library xil_defaultlib
INFO: [VRFC 10-311] analyzing module branch_fsm
INFO: [VRFC 10-2263] Analyzing Verilog file "C:/Users/jaswa/VLSI_LAB/Course Project/FINAL_TEST2/FINAL_TEST2.srcs/sources_1/imports/codes/mul_fsm.v" into library xil_defaultlib
INFO: [VRFC 10-311] analyzing module mul_fsm
INFO: [VRFC 10-2263] Analyzing Verilog file "C:/Users/jaswa/VLSI_LAB/Course Project/FINAL_TEST2/FINAL_TEST2.srcs/sources_1/new/EX_MA_PR.v" into library xil_defaultlib
INFO: [VRFC 10-311] analyzing module EX_MA_PR
INFO: [VRFC 10-2263] Analyzing Verilog file "C:/Users/jaswa/VLSI_LAB/Course Project/FINAL_TEST2/FINAL_TEST2.srcs/sources_1/new/MA_WB_PR.v" into library xil_defaultlib
INFO: [VRFC 10-311] analyzing module MA_WB_PR
INFO: [VRFC 10-2263] Analyzing Verilog file "C:/Users/jaswa/VLSI_LAB/Course Project/FINAL_TEST2/FINAL_TEST2.srcs/sources_1/imports/codes/load_extend.v" into library xil_defaultlib
INFO: [VRFC 10-311] analyzing module load_extend
INFO: [VRFC 10-2263] Analyzing Verilog file "C:/Users/jaswa/VLSI_LAB/Course Project/FINAL_TEST2/FINAL_TEST2.srcs/sources_1/new/Write_back_Mux.v" into library xil_defaultlib
INFO: [VRFC 10-311] analyzing module Write_back_Mux
INFO: [VRFC 10-2263] Analyzing Verilog file "C:/Users/jaswa/VLSI_LAB/Course Project/FINAL_TEST2/FINAL_TEST2.srcs/sources_1/new/combinational.v" into library xil_defaultlib
INFO: [VRFC 10-311] analyzing module combinational
INFO: [VRFC 10-2263] Analyzing Verilog file "C:/Users/jaswa/VLSI_LAB/Course Project/FINAL_TEST2/FINAL_TEST2.srcs/sources_1/imports/codes/inst_retire_mux.v" into library xil_defaultlib
INFO: [VRFC 10-311] analyzing module instr_retire_mux
INFO: [VRFC 10-2263] Analyzing Verilog file "C:/Users/jaswa/VLSI_LAB/Course Project/FINAL_TEST2/FINAL_TEST2.srcs/sources_1/new/concat_2to1.v" into library xil_defaultlib
INFO: [VRFC 10-311] analyzing module concat_2to1
INFO: [VRFC 10-2263] Analyzing Verilog file "C:/Users/jaswa/VLSI_LAB/Course Project/FINAL_TEST2/FINAL_TEST2.srcs/sources_1/new/hazard_unit.v" into library xil_defaultlib
INFO: [VRFC 10-311] analyzing module hazard_unit
INFO: [VRFC 10-2263] Analyzing Verilog file "C:/Users/jaswa/VLSI_LAB/Course Project/FINAL_TEST2/FINAL_TEST2.srcs/sources_1/imports/DESIGN LAB/pc.v" into library xil_defaultlib
INFO: [VRFC 10-311] analyzing module pc
INFO: [VRFC 10-2263] Analyzing Verilog file "C:/Users/jaswa/VLSI_LAB/Course Project/FINAL_TEST2/FINAL_TEST2.srcs/sources_1/new/ID_EX_PR.v" into library xil_defaultlib
INFO: [VRFC 10-311] analyzing module ID_EX_PR
INFO: [VRFC 10-2263] Analyzing Verilog file "C:/Users/jaswa/VLSI_LAB/Course Project/FINAL_TEST2/FINAL_TEST2.srcs/sources_1/imports/new/Booth_PP.v" into library xil_defaultlib
INFO: [VRFC 10-311] analyzing module Booth_PP
INFO: [VRFC 10-2263] Analyzing Verilog file "C:/Users/jaswa/VLSI_LAB/Course Project/FINAL_TEST2/FINAL_TEST2.srcs/sources_1/imports/sources_1/imports/new/Dadda_Stage_1.v" into library xil_defaultlib
INFO: [VRFC 10-311] analyzing module Dadda_stage1
INFO: [VRFC 10-2263] Analyzing Verilog file "C:/Users/jaswa/VLSI_LAB/Course Project/FINAL_TEST2/FINAL_TEST2.srcs/sources_1/imports/sources_1/imports/new/Dadda_stage_2.v" into library xil_defaultlib
INFO: [VRFC 10-311] analyzing module Dadda_stage2
INFO: [VRFC 10-2263] Analyzing Verilog file "C:/Users/jaswa/VLSI_LAB/Course Project/FINAL_TEST2/FINAL_TEST2.srcs/sources_1/imports/sources_1/imports/new/mul_top.v" into library xil_defaultlib
INFO: [VRFC 10-311] analyzing module mul_top
INFO: [VRFC 10-2263] Analyzing Verilog file "C:/Users/jaswa/VLSI_LAB/Course Project/FINAL_TEST2/FINAL_TEST2.srcs/sources_1/imports/sources_1/new/ALU_OPER.v" into library xil_defaultlib
INFO: [VRFC 10-311] analyzing module ALU_OPER
INFO: [VRFC 10-2263] Analyzing Verilog file "C:/Users/jaswa/VLSI_LAB/Course Project/FINAL_TEST2/FINAL_TEST2.srcs/sources_1/new/IF_ID_PR.v" into library xil_defaultlib
INFO: [VRFC 10-311] analyzing module IF_ID_PR
INFO: [VRFC 10-2263] Analyzing Verilog file "C:/Users/jaswa/VLSI_LAB/Course Project/FINAL_TEST2/FINAL_TEST2.srcs/sources_1/new/OR_gate.v" into library xil_defaultlib
INFO: [VRFC 10-311] analyzing module or_gate
INFO: [VRFC 10-2263] Analyzing Verilog file "C:/Users/jaswa/VLSI_LAB/Course Project/FINAL_TEST2/FINAL_TEST2.srcs/sources_1/new/valid_gen.v" into library xil_defaultlib
INFO: [VRFC 10-311] analyzing module valid_gen
INFO: [VRFC 10-2263] Analyzing Verilog file "C:/Users/jaswa/VLSI_LAB/Course Project/FINAL_TEST2/FINAL_TEST2.ip_user_files/bd/RiscV_BD/ip/RiscV_BD_Q16_16_Mult_0_0/sim/RiscV_BD_Q16_16_Mult_0_0.v" into library xil_defaultlib
INFO: [VRFC 10-311] analyzing module RiscV_BD_Q16_16_Mult_0_0
INFO: [VRFC 10-2263] Analyzing Verilog file "C:/Users/jaswa/VLSI_LAB/Course Project/FINAL_TEST2/FINAL_TEST2.ip_user_files/bd/RiscV_BD/ip/RiscV_BD_register_file_0_0/sim/RiscV_BD_register_file_0_0.v" into library xil_defaultlib
INFO: [VRFC 10-311] analyzing module RiscV_BD_register_file_0_0
INFO: [VRFC 10-2263] Analyzing Verilog file "C:/Users/jaswa/VLSI_LAB/Course Project/FINAL_TEST2/FINAL_TEST2.ip_user_files/bd/RiscV_BD/ip/RiscV_BD_imm_extend_0_0/sim/RiscV_BD_imm_extend_0_0.v" into library xil_defaultlib
INFO: [VRFC 10-311] analyzing module RiscV_BD_imm_extend_0_0
INFO: [VRFC 10-2263] Analyzing Verilog file "C:/Users/jaswa/VLSI_LAB/Course Project/FINAL_TEST2/FINAL_TEST2.ip_user_files/bd/RiscV_BD/ip/RiscV_BD_csr_0_0/sim/RiscV_BD_csr_0_0.v" into library xil_defaultlib
INFO: [VRFC 10-311] analyzing module RiscV_BD_csr_0_0
INFO: [VRFC 10-2263] Analyzing Verilog file "C:/Users/jaswa/VLSI_LAB/Course Project/FINAL_TEST2/FINAL_TEST2.ip_user_files/bd/RiscV_BD/ip/RiscV_BD_controller_0_0/sim/RiscV_BD_controller_0_0.v" into library xil_defaultlib
INFO: [VRFC 10-311] analyzing module RiscV_BD_controller_0_0
INFO: [VRFC 10-2263] Analyzing Verilog file "C:/Users/jaswa/VLSI_LAB/Course Project/FINAL_TEST2/FINAL_TEST2.ip_user_files/bd/RiscV_BD/ip/RiscV_BD_alu_fixed_point_mux_0_0/sim/RiscV_BD_alu_fixed_point_mux_0_0.v" into library xil_defaultlib
INFO: [VRFC 10-311] analyzing module RiscV_BD_alu_fixed_point_mux_0_0
INFO: [VRFC 10-2263] Analyzing Verilog file "C:/Users/jaswa/VLSI_LAB/Course Project/FINAL_TEST2/FINAL_TEST2.ip_user_files/bd/RiscV_BD/ip/RiscV_BD_csr_mux_0_0/sim/RiscV_BD_csr_mux_0_0.v" into library xil_defaultlib
INFO: [VRFC 10-311] analyzing module RiscV_BD_csr_mux_0_0
INFO: [VRFC 10-2263] Analyzing Verilog file "C:/Users/jaswa/VLSI_LAB/Course Project/FINAL_TEST2/FINAL_TEST2.ip_user_files/bd/RiscV_BD/ip/RiscV_BD_forwarding_mux_0_0/sim/RiscV_BD_forwarding_mux_0_0.v" into library xil_defaultlib
INFO: [VRFC 10-311] analyzing module RiscV_BD_forwarding_mux_0_0
INFO: [VRFC 10-2263] Analyzing Verilog file "C:/Users/jaswa/VLSI_LAB/Course Project/FINAL_TEST2/FINAL_TEST2.ip_user_files/bd/RiscV_BD/ip/RiscV_BD_alu_muxes_0_2/sim/RiscV_BD_alu_muxes_0_2.v" into library xil_defaultlib
INFO: [VRFC 10-311] analyzing module RiscV_BD_alu_muxes_0_2
INFO: [VRFC 10-2263] Analyzing Verilog file "C:/Users/jaswa/VLSI_LAB/Course Project/FINAL_TEST2/FINAL_TEST2.ip_user_files/bd/RiscV_BD/ip/RiscV_BD_branch_fsm_0_0/sim/RiscV_BD_branch_fsm_0_0.v" into library xil_defaultlib
INFO: [VRFC 10-311] analyzing module RiscV_BD_branch_fsm_0_0
INFO: [VRFC 10-2263] Analyzing Verilog file "C:/Users/jaswa/VLSI_LAB/Course Project/FINAL_TEST2/FINAL_TEST2.ip_user_files/bd/RiscV_BD/ip/RiscV_BD_mul_fsm_0_0/sim/RiscV_BD_mul_fsm_0_0.v" into library xil_defaultlib
INFO: [VRFC 10-311] analyzing module RiscV_BD_mul_fsm_0_0
INFO: [VRFC 10-2263] Analyzing Verilog file "C:/Users/jaswa/VLSI_LAB/Course Project/FINAL_TEST2/FINAL_TEST2.ip_user_files/bd/RiscV_BD/ip/RiscV_BD_EX_MA_PR_0_0/sim/RiscV_BD_EX_MA_PR_0_0.v" into library xil_defaultlib
INFO: [VRFC 10-311] analyzing module RiscV_BD_EX_MA_PR_0_0
INFO: [VRFC 10-2263] Analyzing Verilog file "C:/Users/jaswa/VLSI_LAB/Course Project/FINAL_TEST2/FINAL_TEST2.ip_user_files/bd/RiscV_BD/ip/RiscV_BD_MA_WB_PR_0_0/sim/RiscV_BD_MA_WB_PR_0_0.v" into library xil_defaultlib
INFO: [VRFC 10-311] analyzing module RiscV_BD_MA_WB_PR_0_0
INFO: [VRFC 10-2263] Analyzing Verilog file "C:/Users/jaswa/VLSI_LAB/Course Project/FINAL_TEST2/FINAL_TEST2.ip_user_files/bd/RiscV_BD/ip/RiscV_BD_load_extend_0_0/sim/RiscV_BD_load_extend_0_0.v" into library xil_defaultlib
INFO: [VRFC 10-311] analyzing module RiscV_BD_load_extend_0_0
INFO: [VRFC 10-2263] Analyzing Verilog file "C:/Users/jaswa/VLSI_LAB/Course Project/FINAL_TEST2/FINAL_TEST2.ip_user_files/bd/RiscV_BD/ip/RiscV_BD_Write_back_Mux_0_0/sim/RiscV_BD_Write_back_Mux_0_0.v" into library xil_defaultlib
INFO: [VRFC 10-311] analyzing module RiscV_BD_Write_back_Mux_0_0
INFO: [VRFC 10-2263] Analyzing Verilog file "C:/Users/jaswa/VLSI_LAB/Course Project/FINAL_TEST2/FINAL_TEST2.ip_user_files/bd/RiscV_BD/ip/RiscV_BD_combinational_0_0/sim/RiscV_BD_combinational_0_0.v" into library xil_defaultlib
INFO: [VRFC 10-311] analyzing module RiscV_BD_combinational_0_0
INFO: [VRFC 10-2263] Analyzing Verilog file "C:/Users/jaswa/VLSI_LAB/Course Project/FINAL_TEST2/FINAL_TEST2.ip_user_files/bd/RiscV_BD/ip/RiscV_BD_instr_retire_mux_0_0/sim/RiscV_BD_instr_retire_mux_0_0.v" into library xil_defaultlib
INFO: [VRFC 10-311] analyzing module RiscV_BD_instr_retire_mux_0_0
INFO: [VRFC 10-2263] Analyzing Verilog file "C:/Users/jaswa/VLSI_LAB/Course Project/FINAL_TEST2/FINAL_TEST2.ip_user_files/bd/RiscV_BD/ip/RiscV_BD_blk_mem_gen_0_0/sim/RiscV_BD_blk_mem_gen_0_0.v" into library xil_defaultlib
INFO: [VRFC 10-311] analyzing module RiscV_BD_blk_mem_gen_0_0
INFO: [VRFC 10-2263] Analyzing Verilog file "C:/Users/jaswa/VLSI_LAB/Course Project/FINAL_TEST2/FINAL_TEST2.ip_user_files/bd/RiscV_BD/ip/RiscV_BD_blk_mem_gen_1_0/sim/RiscV_BD_blk_mem_gen_1_0.v" into library xil_defaultlib
INFO: [VRFC 10-311] analyzing module RiscV_BD_blk_mem_gen_1_0
INFO: [VRFC 10-2263] Analyzing Verilog file "C:/Users/jaswa/VLSI_LAB/Course Project/FINAL_TEST2/FINAL_TEST2.ip_user_files/bd/RiscV_BD/ip/RiscV_BD_concat_2to1_0_0/sim/RiscV_BD_concat_2to1_0_0.v" into library xil_defaultlib
INFO: [VRFC 10-311] analyzing module RiscV_BD_concat_2to1_0_0
INFO: [VRFC 10-2263] Analyzing Verilog file "C:/Users/jaswa/VLSI_LAB/Course Project/FINAL_TEST2/FINAL_TEST2.ip_user_files/bd/RiscV_BD/ip/RiscV_BD_concat_2to1_1_0/sim/RiscV_BD_concat_2to1_1_0.v" into library xil_defaultlib
INFO: [VRFC 10-311] analyzing module RiscV_BD_concat_2to1_1_0
INFO: [VRFC 10-2263] Analyzing Verilog file "C:/Users/jaswa/VLSI_LAB/Course Project/FINAL_TEST2/FINAL_TEST2.ip_user_files/bd/RiscV_BD/ip/RiscV_BD_hazard_unit_0_0/sim/RiscV_BD_hazard_unit_0_0.v" into library xil_defaultlib
INFO: [VRFC 10-311] analyzing module RiscV_BD_hazard_unit_0_0
INFO: [VRFC 10-2263] Analyzing Verilog file "C:/Users/jaswa/VLSI_LAB/Course Project/FINAL_TEST2/FINAL_TEST2.ip_user_files/bd/RiscV_BD/ip/RiscV_BD_pc_0_0/sim/RiscV_BD_pc_0_0.v" into library xil_defaultlib
INFO: [VRFC 10-311] analyzing module RiscV_BD_pc_0_0
INFO: [VRFC 10-2263] Analyzing Verilog file "C:/Users/jaswa/VLSI_LAB/Course Project/FINAL_TEST2/FINAL_TEST2.ip_user_files/bd/RiscV_BD/ip/RiscV_BD_concat_2to1_2_0/sim/RiscV_BD_concat_2to1_2_0.v" into library xil_defaultlib
INFO: [VRFC 10-311] analyzing module RiscV_BD_concat_2to1_2_0
INFO: [VRFC 10-2263] Analyzing Verilog file "C:/Users/jaswa/VLSI_LAB/Course Project/FINAL_TEST2/FINAL_TEST2.ip_user_files/bd/RiscV_BD/ip/RiscV_BD_ID_EX_PR_0_0/sim/RiscV_BD_ID_EX_PR_0_0.v" into library xil_defaultlib
INFO: [VRFC 10-311] analyzing module RiscV_BD_ID_EX_PR_0_0
INFO: [VRFC 10-2263] Analyzing Verilog file "C:/Users/jaswa/VLSI_LAB/Course Project/FINAL_TEST2/FINAL_TEST2.ip_user_files/bd/RiscV_BD/ip/RiscV_BD_ALU_OPER_0_0/sim/RiscV_BD_ALU_OPER_0_0.v" into library xil_defaultlib
INFO: [VRFC 10-311] analyzing module RiscV_BD_ALU_OPER_0_0
INFO: [VRFC 10-2263] Analyzing Verilog file "C:/Users/jaswa/VLSI_LAB/Course Project/FINAL_TEST2/FINAL_TEST2.ip_user_files/bd/RiscV_BD/ip/RiscV_BD_IF_ID_PR_0_0/sim/RiscV_BD_IF_ID_PR_0_0.v" into library xil_defaultlib
INFO: [VRFC 10-311] analyzing module RiscV_BD_IF_ID_PR_0_0
INFO: [VRFC 10-2263] Analyzing Verilog file "C:/Users/jaswa/VLSI_LAB/Course Project/FINAL_TEST2/FINAL_TEST2.ip_user_files/bd/RiscV_BD/ip/RiscV_BD_or_gate_1_0/sim/RiscV_BD_or_gate_1_0.v" into library xil_defaultlib
INFO: [VRFC 10-311] analyzing module RiscV_BD_or_gate_1_0
INFO: [VRFC 10-2263] Analyzing Verilog file "C:/Users/jaswa/VLSI_LAB/Course Project/FINAL_TEST2/FINAL_TEST2.ip_user_files/bd/RiscV_BD/ip/RiscV_BD_valid_gen_0_0/sim/RiscV_BD_valid_gen_0_0.v" into library xil_defaultlib
INFO: [VRFC 10-311] analyzing module RiscV_BD_valid_gen_0_0
INFO: [VRFC 10-2263] Analyzing Verilog file "C:/Users/jaswa/VLSI_LAB/Course Project/FINAL_TEST2/FINAL_TEST2.ip_user_files/bd/RiscV_BD/sim/RiscV_BD.v" into library xil_defaultlib
INFO: [VRFC 10-311] analyzing module RiscV_BD
INFO: [VRFC 10-2263] Analyzing Verilog file "C:/Users/jaswa/VLSI_LAB/Course Project/FINAL_TEST2/FINAL_TEST2.gen/sources_1/bd/RiscV_BD/hdl/RiscV_BD_wrapper.v" into library xil_defaultlib
INFO: [VRFC 10-311] analyzing module RiscV_BD_wrapper
INFO: [VRFC 10-2263] Analyzing Verilog file "C:/Users/jaswa/VLSI_LAB/Course Project/FINAL_TEST2/FINAL_TEST2.srcs/sim_1/new/RiscV_BD_wrapper_tb.v" into library xil_defaultlib
INFO: [VRFC 10-311] analyzing module RiscV_BD_wrapper_tb
run_program: Time (s): cpu = 00:00:00 ; elapsed = 00:00:07 . Memory (MB): peak = 2058.984 ; gain = 0.000
INFO: [USF-XSim-69] 'compile' step finished in '8' seconds
INFO: [USF-XSim-3] XSim::Elaborate design
INFO: [USF-XSim-61] Executing 'ELABORATE' step in 'C:/Users/jaswa/VLSI_LAB/Course Project/FINAL_TEST2/FINAL_TEST2.sim/sim_1/behav/xsim'
"xelab -wto 825d914d5bae4902b22375897d789401 --incr --debug typical --relax --mt 2 -L xil_defaultlib -L blk_mem_gen_v8_4_4 -L unisims_ver -L unimacro_ver -L secureip -L xpm --snapshot RiscV_BD_wrapper_tb_behav xil_defaultlib.RiscV_BD_wrapper_tb xil_defaultlib.glbl -log elaborate.log"
Vivado Simulator 2020.2
Copyright 1986-1999, 2001-2020 Xilinx, Inc. All Rights Reserved.
Running: C:/Xilinx/Vivado/2020.2/bin/unwrapped/win64.o/xelab.exe -wto 825d914d5bae4902b22375897d789401 --incr --debug typical --relax --mt 2 -L xil_defaultlib -L blk_mem_gen_v8_4_4 -L unisims_ver -L unimacro_ver -L secureip -L xpm --snapshot RiscV_BD_wrapper_tb_behav xil_defaultlib.RiscV_BD_wrapper_tb xil_defaultlib.glbl -log elaborate.log 
Using 2 slave threads.
Starting static elaboration
Pass Through NonSizing Optimizer
Completed static elaboration
Starting simulation data flow analysis
Completed simulation data flow analysis
Time Resolution for simulation is 1ps
Compiling module xil_defaultlib.Booth_PP
Compiling module xil_defaultlib.Dadda_stage1
Compiling module xil_defaultlib.Dadda_stage2
Compiling module xil_defaultlib.mul_top
Compiling module xil_defaultlib.ALU_OPER
Compiling module xil_defaultlib.RiscV_BD_ALU_OPER_0_0
Compiling module xil_defaultlib.EX_MA_PR
Compiling module xil_defaultlib.RiscV_BD_EX_MA_PR_0_0
Compiling module xil_defaultlib.ID_EX_PR
Compiling module xil_defaultlib.RiscV_BD_ID_EX_PR_0_0
Compiling module xil_defaultlib.IF_ID_PR
Compiling module xil_defaultlib.RiscV_BD_IF_ID_PR_0_0
Compiling module xil_defaultlib.MA_WB_PR
Compiling module xil_defaultlib.RiscV_BD_MA_WB_PR_0_0
Compiling module xil_defaultlib.Booth_PP_FM
Compiling module xil_defaultlib.Dadda_tree
Compiling module xil_defaultlib.Q16_16_Mult
Compiling module xil_defaultlib.RiscV_BD_Q16_16_Mult_0_0
Compiling module xil_defaultlib.Write_back_Mux
Compiling module xil_defaultlib.RiscV_BD_Write_back_Mux_0_0
Compiling module xil_defaultlib.alu_fixed_point_mux
Compiling module xil_defaultlib.RiscV_BD_alu_fixed_point_mux_0_0
Compiling module xil_defaultlib.alu_muxes
Compiling module xil_defaultlib.RiscV_BD_alu_muxes_0_2
Compiling module blk_mem_gen_v8_4_4.blk_mem_gen_v8_4_4_output_stage(...
Compiling module blk_mem_gen_v8_4_4.blk_mem_gen_v8_4_4_softecc_outpu...
Compiling module blk_mem_gen_v8_4_4.blk_mem_gen_v8_4_4_mem_module(C_...
Compiling module blk_mem_gen_v8_4_4.blk_mem_gen_v8_4_4(C_FAMILY="zyn...
Compiling module xil_defaultlib.RiscV_BD_blk_mem_gen_0_0
Compiling module blk_mem_gen_v8_4_4.blk_mem_gen_v8_4_4_mem_module(C_...
Compiling module blk_mem_gen_v8_4_4.blk_mem_gen_v8_4_4(C_FAMILY="zyn...
Compiling module xil_defaultlib.RiscV_BD_blk_mem_gen_1_0
Compiling module xil_defaultlib.branch_fsm
Compiling module xil_defaultlib.RiscV_BD_branch_fsm_0_0
Compiling module xil_defaultlib.combinational
Compiling module xil_defaultlib.RiscV_BD_combinational_0_0
Compiling module xil_defaultlib.concat_2to1
Compiling module xil_defaultlib.RiscV_BD_concat_2to1_0_0
Compiling module xil_defaultlib.RiscV_BD_concat_2to1_1_0
Compiling module xil_defaultlib.RiscV_BD_concat_2to1_2_0
Compiling module xil_defaultlib.controller
Compiling module xil_defaultlib.RiscV_BD_controller_0_0
Compiling module xil_defaultlib.csr
Compiling module xil_defaultlib.RiscV_BD_csr_0_0
Compiling module xil_defaultlib.csr_mux
Compiling module xil_defaultlib.RiscV_BD_csr_mux_0_0
Compiling module xil_defaultlib.forwarding_mux
Compiling module xil_defaultlib.RiscV_BD_forwarding_mux_0_0
Compiling module xil_defaultlib.hazard_unit
Compiling module xil_defaultlib.RiscV_BD_hazard_unit_0_0
Compiling module xil_defaultlib.imm_extend
Compiling module xil_defaultlib.RiscV_BD_imm_extend_0_0
Compiling module xil_defaultlib.instr_retire_mux
Compiling module xil_defaultlib.RiscV_BD_instr_retire_mux_0_0
Compiling module xil_defaultlib.load_extend
Compiling module xil_defaultlib.RiscV_BD_load_extend_0_0
Compiling module xil_defaultlib.mul_fsm
Compiling module xil_defaultlib.RiscV_BD_mul_fsm_0_0
Compiling module xil_defaultlib.or_gate
Compiling module xil_defaultlib.RiscV_BD_or_gate_1_0
Compiling module xil_defaultlib.pc
Compiling module xil_defaultlib.RiscV_BD_pc_0_0
Compiling module xil_defaultlib.register_file
Compiling module xil_defaultlib.RiscV_BD_register_file_0_0
Compiling module xil_defaultlib.valid_gen
Compiling module xil_defaultlib.RiscV_BD_valid_gen_0_0
Compiling module xil_defaultlib.RiscV_BD
Compiling module xil_defaultlib.RiscV_BD_wrapper
Compiling module xil_defaultlib.RiscV_BD_wrapper_tb
Compiling module xil_defaultlib.glbl
Built simulation snapshot RiscV_BD_wrapper_tb_behav
run_program: Time (s): cpu = 00:00:00 ; elapsed = 00:00:10 . Memory (MB): peak = 2058.984 ; gain = 0.000
INFO: [USF-XSim-69] 'elaborate' step finished in '10' seconds
INFO: [USF-XSim-4] XSim::Simulate design
INFO: [USF-XSim-61] Executing 'SIMULATE' step in 'C:/Users/jaswa/VLSI_LAB/Course Project/FINAL_TEST2/FINAL_TEST2.sim/sim_1/behav/xsim'
INFO: [USF-XSim-98] *** Running xsim
   with args "RiscV_BD_wrapper_tb_behav -key {Behavioral:sim_1:Functional:RiscV_BD_wrapper_tb} -tclbatch {RiscV_BD_wrapper_tb.tcl} -protoinst "protoinst_files/RiscV_BD.protoinst" -view {{C:/Users/jaswa/VLSI_LAB/Course Project/FINAL_TEST2/FINAL_TEST2.srcs/sim_1/imports/VLSI_RISC_V_IM/RiscV_BD_wrapper_tb_behav.wcfg}} -log {simulate.log}"
INFO: [USF-XSim-8] Loading simulator feature
Vivado Simulator 2020.2
INFO: [Wavedata 42-565] Reading protoinst file protoinst_files/RiscV_BD.protoinst
Time resolution is 1 ps
open_wave_config {C:/Users/jaswa/VLSI_LAB/Course Project/FINAL_TEST2/FINAL_TEST2.srcs/sim_1/imports/VLSI_RISC_V_IM/RiscV_BD_wrapper_tb_behav.wcfg}
source RiscV_BD_wrapper_tb.tcl
# set curr_wave [current_wave_config]
# if { [string length $curr_wave] == 0 } {
#   if { [llength [get_objects]] > 0} {
#     add_wave /
#     set_property needs_save false [current_wave_config]
#   } else {
#      send_msg_id Add_Wave-1 WARNING "No top level signals found. Simulator will start without a wave window. If you want to open a wave window go to 'File->New Waveform Configuration' or type 'create_wave_config' in the TCL console."
#   }
# }
# run 1000ns
 Block Memory Generator module loading initial data...
 Block Memory Generator data initialization complete.
Block Memory Generator module RiscV_BD_wrapper_tb.uut.RiscV_BD_i.blk_mem_gen_0.inst.\native_mem_mapped_module.blk_mem_gen_v8_4_4_inst  is using a behavioral model for simulation which will not precisely model memory collision behavior.
 Block Memory Generator module loading initial data...
 Block Memory Generator data initialization complete.
Block Memory Generator module RiscV_BD_wrapper_tb.uut.RiscV_BD_i.blk_mem_gen_1.inst.\native_mem_mapped_module.blk_mem_gen_v8_4_4_inst  is using a behavioral model for simulation which will not precisely model memory collision behavior.
Simulation complete.
$finish called at time : 2195 ps : File "C:/Users/jaswa/VLSI_LAB/Course Project/FINAL_TEST2/FINAL_TEST2.srcs/sim_1/new/RiscV_BD_wrapper_tb.v" Line 35
xsim: Time (s): cpu = 00:00:04 ; elapsed = 00:00:06 . Memory (MB): peak = 2058.984 ; gain = 0.000
INFO: [USF-XSim-96] XSim completed. Design snapshot 'RiscV_BD_wrapper_tb_behav' loaded.
INFO: [USF-XSim-97] XSim simulation ran for 1000ns
launch_simulation: Time (s): cpu = 00:00:06 ; elapsed = 00:00:25 . Memory (MB): peak = 2058.984 ; gain = 0.000
save_wave_config {C:/Users/jaswa/VLSI_LAB/Course Project/FINAL_TEST2/FINAL_TEST2.srcs/sim_1/imports/VLSI_RISC_V_IM/RiscV_BD_wrapper_tb_behav.wcfg}
close_sim
INFO: [Simtcl 6-16] Simulation closed
exit
INFO: [Common 17-206] Exiting Vivado at Tue Mar 31 20:39:38 2026...
