#-----------------------------------------------------------
# Vivado v2020.2 (64-bit)
# SW Build 3064766 on Wed Nov 18 09:12:45 MST 2020
# IP Build 3064653 on Wed Nov 18 14:17:31 MST 2020
# Start of session at: Wed Apr  1 23:09:29 2026
# Process ID: 14772
# Current directory: C:/IIT_Bombay_Academics/Semester_2/EE705_VLSI_Design_Lab/Course_Project/FINAL_TEST2/FINAL_TEST2
# Command line: vivado.exe -gui_launcher_event rodinguilauncherevent17688 C:\IIT_Bombay_Academics\Semester_2\EE705_VLSI_Design_Lab\Course_Project\FINAL_TEST2\FINAL_TEST2\FINAL_TEST2.xpr
# Log file: C:/IIT_Bombay_Academics/Semester_2/EE705_VLSI_Design_Lab/Course_Project/FINAL_TEST2/FINAL_TEST2/vivado.log
# Journal file: C:/IIT_Bombay_Academics/Semester_2/EE705_VLSI_Design_Lab/Course_Project/FINAL_TEST2/FINAL_TEST2\vivado.jou
#-----------------------------------------------------------
start_gui
open_project C:/IIT_Bombay_Academics/Semester_2/EE705_VLSI_Design_Lab/Course_Project/FINAL_TEST2/FINAL_TEST2/FINAL_TEST2.xpr
INFO: [ProjectBase 1-489] The host OS only allows 260 characters in a normal path. The project is stored in a path with more than 80 characters. If you experience issues with IP, Block Designs, or files not being found, please consider moving the project to a location with a shorter path. Alternately consider using the OS subst command to map part of the path to a drive letter.
Current project path is 'C:/IIT_Bombay_Academics/Semester_2/EE705_VLSI_Design_Lab/Course_Project/FINAL_TEST2/FINAL_TEST2'
INFO: [Project 1-313] Project file moved from 'C:/Users/jaswa/VLSI_LAB/Course Project/FINAL_TEST2' since last save.
CRITICAL WARNING: [Project 1-19] Could not find the file 'd:/IIT BOMBAY/SEM 2/DESIGN LAB/COURSE PRPJECT/instruction_memory.coe'.
Scanning sources...
Finished scanning sources
INFO: [IP_Flow 19-234] Refreshing IP repositories
INFO: [IP_Flow 19-1704] No user IP repositories specified
INFO: [IP_Flow 19-2313] Loaded Vivado IP repository 'C:/Xilinx/Vivado/2020.2/data/ip'.
open_project: Time (s): cpu = 00:00:08 ; elapsed = 00:00:06 . Memory (MB): peak = 1119.512 ; gain = 0.000
update_compile_order -fileset sources_1
open_bd_design {C:/IIT_Bombay_Academics/Semester_2/EE705_VLSI_Design_Lab/Course_Project/FINAL_TEST2/FINAL_TEST2/FINAL_TEST2.srcs/sources_1/bd/RiscV_BD/RiscV_BD.bd}
Reading block design file <C:/IIT_Bombay_Academics/Semester_2/EE705_VLSI_Design_Lab/Course_Project/FINAL_TEST2/FINAL_TEST2/FINAL_TEST2.srcs/sources_1/bd/RiscV_BD/RiscV_BD.bd>...
Adding component instance block -- xilinx.com:module_ref:Q16_16_Mult:1.0 - Q16_16_Mult_0
Adding component instance block -- xilinx.com:module_ref:register_file:1.0 - register_file_0
Adding component instance block -- xilinx.com:module_ref:imm_extend:1.0 - imm_extend_0
Adding component instance block -- xilinx.com:module_ref:csr:1.0 - csr_0
Adding component instance block -- xilinx.com:module_ref:alu_fixed_point_mux:1.0 - alu_fixed_point_mux_0
Adding component instance block -- xilinx.com:module_ref:csr_mux:1.0 - csr_mux_0
Adding component instance block -- xilinx.com:module_ref:forwarding_mux:1.0 - forwarding_mux_0
Adding component instance block -- xilinx.com:module_ref:alu_muxes:1.0 - alu_muxes_0
Adding component instance block -- xilinx.com:module_ref:branch_fsm:1.0 - branch_fsm_0
Adding component instance block -- xilinx.com:module_ref:mul_fsm:1.0 - mul_fsm_0
Adding component instance block -- xilinx.com:module_ref:EX_MA_PR:1.0 - EX_MA_PR_0
Adding component instance block -- xilinx.com:module_ref:MA_WB_PR:1.0 - MA_WB_PR_0
Adding component instance block -- xilinx.com:module_ref:load_extend:1.0 - load_extend_0
Adding component instance block -- xilinx.com:module_ref:Write_back_Mux:1.0 - Write_back_Mux_0
Adding component instance block -- xilinx.com:module_ref:combinational:1.0 - combinational_0
Adding component instance block -- xilinx.com:module_ref:instr_retire_mux:1.0 - instr_retire_mux_0
Adding component instance block -- xilinx.com:ip:blk_mem_gen:8.4 - blk_mem_gen_0
Adding component instance block -- xilinx.com:ip:blk_mem_gen:8.4 - blk_mem_gen_1
Adding component instance block -- xilinx.com:module_ref:concat_2to1:1.0 - concat_2to1_0
Adding component instance block -- xilinx.com:module_ref:concat_2to1:1.0 - concat_2to1_1
Adding component instance block -- xilinx.com:module_ref:hazard_unit:1.0 - hazard_unit_0
Adding component instance block -- xilinx.com:module_ref:concat_2to1:1.0 - concat_2to1_2
Adding component instance block -- xilinx.com:module_ref:ID_EX_PR:1.0 - ID_EX_PR_0
Adding component instance block -- xilinx.com:module_ref:ALU_OPER:1.0 - ALU_OPER_0
Adding component instance block -- xilinx.com:module_ref:IF_ID_PR:1.0 - IF_ID_PR_0
Adding component instance block -- xilinx.com:module_ref:or_gate:1.0 - or_gate_1
Adding component instance block -- xilinx.com:module_ref:inv:1.0 - inv_0
Adding component instance block -- xilinx.com:module_ref:controller:1.0 - controller_0
Adding component instance block -- xilinx.com:module_ref:pc:1.0 - pc_0
Successfully read diagram <RiscV_BD> from block design file <C:/IIT_Bombay_Academics/Semester_2/EE705_VLSI_Design_Lab/Course_Project/FINAL_TEST2/FINAL_TEST2/FINAL_TEST2.srcs/sources_1/bd/RiscV_BD/RiscV_BD.bd>
open_bd_design: Time (s): cpu = 00:00:07 ; elapsed = 00:00:10 . Memory (MB): peak = 1167.359 ; gain = 47.848
WARNING: [IP_Flow 19-4067] Ignoring invalid widget type specified checkbox.Providing a default widget
WARNING: [IP_Flow 19-4067] Ignoring invalid widget type specified checkbox.Providing a default widget
INFO: [IP_Flow 19-3484] Absolute path of file 'c:/IIT_Bombay_Academics/Semester_2/EE705_VLSI_Design_Lab/Course_Project/instruction_memory.coe' provided. It will be converted relative to IP Instance files '../../../../../../instruction_memory.coe'
startgroup
set_property -dict [list CONFIG.Coe_File {C:/IIT_Bombay_Academics/Semester_2/EE705_VLSI_Design_Lab/Course_Project/instruction_memory.coe}] [get_bd_cells blk_mem_gen_0]
INFO: [IP_Flow 19-3484] Absolute path of file 'c:/IIT_Bombay_Academics/Semester_2/EE705_VLSI_Design_Lab/Course_Project/instruction_memory.coe' provided. It will be converted relative to IP Instance files '../../../../../../../../instruction_memory.coe'
endgroup
WARNING: [IP_Flow 19-4067] Ignoring invalid widget type specified checkbox.Providing a default widget
WARNING: [IP_Flow 19-4067] Ignoring invalid widget type specified checkbox.Providing a default widget
INFO: [IP_Flow 19-3484] Absolute path of file 'c:/IIT_Bombay_Academics/Semester_2/EE705_VLSI_Design_Lab/Course_Project/data_memory.coe' provided. It will be converted relative to IP Instance files '../../../../../../data_memory.coe'
startgroup
set_property -dict [list CONFIG.Coe_File {C:/IIT_Bombay_Academics/Semester_2/EE705_VLSI_Design_Lab/Course_Project/data_memory.coe}] [get_bd_cells blk_mem_gen_1]
INFO: [IP_Flow 19-3484] Absolute path of file 'c:/IIT_Bombay_Academics/Semester_2/EE705_VLSI_Design_Lab/Course_Project/data_memory.coe' provided. It will be converted relative to IP Instance files '../../../../../../../../data_memory.coe'
endgroup
delete_bd_objs [get_bd_nets inv_0_y] [get_bd_nets pc_0_pc_mem] [get_bd_nets blk_mem_gen_0_douta] [get_bd_cells blk_mem_gen_0]
delete_bd_objs [get_bd_nets blk_mem_gen_1_douta] [get_bd_cells blk_mem_gen_1]
undo
INFO: [Common 17-17] undo 'delete_bd_objs [get_bd_nets blk_mem_gen_1_douta] [get_bd_cells blk_mem_gen_1]'
undo
INFO: [Common 17-17] undo 'delete_bd_objs [get_bd_nets inv_0_y] [get_bd_nets pc_0_pc_mem] [get_bd_nets blk_mem_gen_0_douta] [get_bd_cells blk_mem_gen_0]'
delete_bd_objs [get_bd_nets blk_mem_gen_1_douta] [get_bd_cells blk_mem_gen_1]
delete_bd_objs [get_bd_nets inv_0_y] [get_bd_nets pc_0_pc_mem] [get_bd_nets blk_mem_gen_0_douta] [get_bd_cells blk_mem_gen_0]
update_module_reference RiscV_BD_pc_0_0
INFO: [IP_Flow 19-5107] Inferred bus interface 'reset' of definition 'xilinx.com:signal:reset:1.0' (from Xilinx Repository).
INFO: [IP_Flow 19-5107] Inferred bus interface 'clk' of definition 'xilinx.com:signal:clock:1.0' (from Xilinx Repository).
INFO: [IP_Flow 19-4728] Bus Interface 'clk': Added interface parameter 'ASSOCIATED_RESET' with value 'reset'.
WARNING: [IP_Flow 19-5661] Bus Interface 'clk' does not have any bus interfaces associated with it.
INFO: [IP_Flow 19-234] Refreshing IP repositories
INFO: [IP_Flow 19-1704] No user IP repositories specified
Upgrading 'C:/IIT_Bombay_Academics/Semester_2/EE705_VLSI_Design_Lab/Course_Project/FINAL_TEST2/FINAL_TEST2/FINAL_TEST2.srcs/sources_1/bd/RiscV_BD/RiscV_BD.bd'
INFO: [IP_Flow 19-1972] Upgraded RiscV_BD_pc_0_0 from pc_v1_0 1.0 to pc_v1_0 1.0
WARNING: [IP_Flow 19-4706] Upgraded port 'pc_mem' width 32 differs from original width 8
WARNING: [IP_Flow 19-3298] Detected external port differences while upgrading 'RiscV_BD_pc_0_0'. These changes may impact your design.
CRITICAL WARNING: [Coretcl 2-1280] The upgrade of 'RiscV_BD_pc_0_0' has identified issues that may require user intervention. Please verify that the instance is correctly configured, and review any upgrade messages.
Wrote  : <C:\IIT_Bombay_Academics\Semester_2\EE705_VLSI_Design_Lab\Course_Project\FINAL_TEST2\FINAL_TEST2\FINAL_TEST2.srcs\sources_1\bd\RiscV_BD\RiscV_BD.bd> 
Wrote  : <C:/IIT_Bombay_Academics/Semester_2/EE705_VLSI_Design_Lab/Course_Project/FINAL_TEST2/FINAL_TEST2/FINAL_TEST2.srcs/sources_1/bd/RiscV_BD/ui/bd_3ef32312.ui> 
startgroup
create_bd_cell -type ip -vlnv xilinx.com:ip:blk_mem_gen:8.4 blk_mem_gen_0
endgroup
WARNING: [IP_Flow 19-4067] Ignoring invalid widget type specified checkbox.Providing a default widget
WARNING: [IP_Flow 19-4067] Ignoring invalid widget type specified checkbox.Providing a default widget
INFO: [IP_Flow 19-3484] Absolute path of file 'c:/IIT_Bombay_Academics/Semester_2/EE705_VLSI_Design_Lab/Course_Project/instruction_memory.coe' provided. It will be converted relative to IP Instance files '../../../../../../instruction_memory.coe'
set_property -dict [list CONFIG.Enable_32bit_Address {true} CONFIG.Use_Byte_Write_Enable {true} CONFIG.Byte_Size {8} CONFIG.Register_PortA_Output_of_Memory_Primitives {false} CONFIG.Load_Init_File {true} CONFIG.Coe_File {C:/IIT_Bombay_Academics/Semester_2/EE705_VLSI_Design_Lab/Course_Project/instruction_memory.coe} CONFIG.Fill_Remaining_Memory_Locations {true} CONFIG.Use_RSTA_Pin {false} CONFIG.use_bram_block {Stand_Alone} CONFIG.EN_SAFETY_CKT {false}] [get_bd_cells blk_mem_gen_0]
INFO: [IP_Flow 19-3484] Absolute path of file 'c:/IIT_Bombay_Academics/Semester_2/EE705_VLSI_Design_Lab/Course_Project/instruction_memory.coe' provided. It will be converted relative to IP Instance files '../../../../../../../../instruction_memory.coe'
WARNING: [IP_Flow 19-4067] Ignoring invalid widget type specified checkbox.Providing a default widget
WARNING: [IP_Flow 19-4067] Ignoring invalid widget type specified checkbox.Providing a default widget
connect_bd_net [get_bd_pins blk_mem_gen_0/addra] [get_bd_pins pc_0/pc_mem]
WARNING: [BD 41-1306] The connection to interface pin </blk_mem_gen_0/addra> is being overridden by the user with net <pc_0_pc_mem>. This pin will not be connected as a part of interface connection <BRAM_PORTA>.
connect_bd_net [get_bd_ports clk_0] [get_bd_pins blk_mem_gen_0/clka]
WARNING: [BD 41-1306] The connection to interface pin </blk_mem_gen_0/clka> is being overridden by the user with net </clk_0_1>. This pin will not be connected as a part of interface connection <BRAM_PORTA>.
connect_bd_net [get_bd_pins blk_mem_gen_0/douta] [get_bd_pins IF_ID_PR_0/Inst_F]
WARNING: [BD 41-1306] The connection to interface pin </blk_mem_gen_0/douta> is being overridden by the user with net <blk_mem_gen_0_douta>. This pin will not be connected as a part of interface connection <BRAM_PORTA>.
connect_bd_net [get_bd_pins inv_0/y] [get_bd_pins blk_mem_gen_0/ena]
WARNING: [BD 41-1306] The connection to interface pin </blk_mem_gen_0/ena> is being overridden by the user with net <inv_0_y>. This pin will not be connected as a part of interface connection <BRAM_PORTA>.
startgroup
create_bd_cell -type ip -vlnv xilinx.com:ip:blk_mem_gen:8.4 blk_mem_gen_1
endgroup
set_property location {12 2975 -768} [get_bd_cells blk_mem_gen_1]
WARNING: [IP_Flow 19-4067] Ignoring invalid widget type specified checkbox.Providing a default widget
WARNING: [IP_Flow 19-4067] Ignoring invalid widget type specified checkbox.Providing a default widget
INFO: [IP_Flow 19-3484] Absolute path of file 'c:/IIT_Bombay_Academics/Semester_2/EE705_VLSI_Design_Lab/Course_Project/data_memory.coe' provided. It will be converted relative to IP Instance files '../../../../../../data_memory.coe'
set_property -dict [list CONFIG.Enable_32bit_Address {true} CONFIG.Use_Byte_Write_Enable {true} CONFIG.Byte_Size {8} CONFIG.Enable_A {Always_Enabled} CONFIG.Register_PortA_Output_of_Memory_Primitives {false} CONFIG.Load_Init_File {true} CONFIG.Coe_File {C:/IIT_Bombay_Academics/Semester_2/EE705_VLSI_Design_Lab/Course_Project/data_memory.coe} CONFIG.Fill_Remaining_Memory_Locations {true} CONFIG.Use_RSTA_Pin {false} CONFIG.use_bram_block {Stand_Alone} CONFIG.EN_SAFETY_CKT {false}] [get_bd_cells blk_mem_gen_1]
INFO: [IP_Flow 19-3484] Absolute path of file 'c:/IIT_Bombay_Academics/Semester_2/EE705_VLSI_Design_Lab/Course_Project/data_memory.coe' provided. It will be converted relative to IP Instance files '../../../../../../../../data_memory.coe'
connect_bd_net [get_bd_pins blk_mem_gen_1/douta] [get_bd_pins blk_mem_gen_1/wea]
WARNING: [BD 41-1306] The connection to interface pin </blk_mem_gen_1/douta> is being overridden by the user with net <blk_mem_gen_1_douta>. This pin will not be connected as a part of interface connection <BRAM_PORTA>.
WARNING: [BD 41-1306] The connection to interface pin </blk_mem_gen_1/wea> is being overridden by the user with net <blk_mem_gen_1_douta>. This pin will not be connected as a part of interface connection <BRAM_PORTA>.
delete_bd_objs [get_bd_nets blk_mem_gen_1_douta]
connect_bd_net [get_bd_pins blk_mem_gen_1/wea] [get_bd_pins ID_EX_PR_0/mem_write_E]
WARNING: [BD 41-1306] The connection to interface pin </blk_mem_gen_1/wea> is being overridden by the user with net </ID_EX_PR_0_mem_write_E>. This pin will not be connected as a part of interface connection <BRAM_PORTA>.
connect_bd_net [get_bd_ports clk_0] [get_bd_pins blk_mem_gen_1/clka]
WARNING: [BD 41-1306] The connection to interface pin </blk_mem_gen_1/clka> is being overridden by the user with net </clk_0_1>. This pin will not be connected as a part of interface connection <BRAM_PORTA>.
connect_bd_net [get_bd_pins blk_mem_gen_1/addra] [get_bd_pins alu_fixed_point_mux_0/final_output]
WARNING: [BD 41-1306] The connection to interface pin </blk_mem_gen_1/addra> is being overridden by the user with net </alu_fixed_point_mux_0_final_output>. This pin will not be connected as a part of interface connection <BRAM_PORTA>.
connect_bd_net [get_bd_pins blk_mem_gen_1/dina] [get_bd_pins forwarding_mux_0/rs2]
WARNING: [BD 41-1306] The connection to interface pin </blk_mem_gen_1/dina> is being overridden by the user with net </forwarding_mux_0_rs2>. This pin will not be connected as a part of interface connection <BRAM_PORTA>.
connect_bd_net [get_bd_pins blk_mem_gen_1/douta] [get_bd_pins load_extend_0/mem_data]
WARNING: [BD 41-1306] The connection to interface pin </blk_mem_gen_1/douta> is being overridden by the user with net <blk_mem_gen_1_douta>. This pin will not be connected as a part of interface connection <BRAM_PORTA>.
WARNING: [IP_Flow 19-4067] Ignoring invalid widget type specified checkbox.Providing a default widget
WARNING: [IP_Flow 19-4067] Ignoring invalid widget type specified checkbox.Providing a default widget
startgroup
endgroup
save_bd_design
Wrote  : <C:\IIT_Bombay_Academics\Semester_2\EE705_VLSI_Design_Lab\Course_Project\FINAL_TEST2\FINAL_TEST2\FINAL_TEST2.srcs\sources_1\bd\RiscV_BD\RiscV_BD.bd> 
Wrote  : <C:/IIT_Bombay_Academics/Semester_2/EE705_VLSI_Design_Lab/Course_Project/FINAL_TEST2/FINAL_TEST2/FINAL_TEST2.srcs/sources_1/bd/RiscV_BD/ui/bd_3ef32312.ui> 
export_ip_user_files -of_objects  [get_files C:/IIT_Bombay_Academics/Semester_2/EE705_VLSI_Design_Lab/Course_Project/FINAL_TEST2/FINAL_TEST2/FINAL_TEST2.gen/sources_1/bd/RiscV_BD/hdl/RiscV_BD_wrapper.v] -no_script -reset -force -quiet
remove_files  C:/IIT_Bombay_Academics/Semester_2/EE705_VLSI_Design_Lab/Course_Project/FINAL_TEST2/FINAL_TEST2/FINAL_TEST2.gen/sources_1/bd/RiscV_BD/hdl/RiscV_BD_wrapper.v
update_compile_order -fileset sources_1
make_wrapper -files [get_files C:/IIT_Bombay_Academics/Semester_2/EE705_VLSI_Design_Lab/Course_Project/FINAL_TEST2/FINAL_TEST2/FINAL_TEST2.srcs/sources_1/bd/RiscV_BD/RiscV_BD.bd] -top
WARNING: [BD 41-2180] Resetting the memory initialization file of </blk_mem_gen_1> to default.
WARNING: [BD 41-2180] Resetting the memory initialization file of </blk_mem_gen_0> to default.
CRITICAL WARNING: [BD 41-759] The input pins (listed below) are either not connected or do not have a source port, and they don't have a tie-off specified. These pins are tied-off to all 0's to avoid error in Implementation flow.
Please check your design and connect them as needed: 
/EX_MA_PR_0/write_data_E
/instr_retire_mux_0/instr_stalled
/hazard_unit_0/memtoreg

Wrote  : <C:\IIT_Bombay_Academics\Semester_2\EE705_VLSI_Design_Lab\Course_Project\FINAL_TEST2\FINAL_TEST2\FINAL_TEST2.srcs\sources_1\bd\RiscV_BD\RiscV_BD.bd> 
VHDL Output written to : c:/IIT_Bombay_Academics/Semester_2/EE705_VLSI_Design_Lab/Course_Project/FINAL_TEST2/FINAL_TEST2/FINAL_TEST2.gen/sources_1/bd/RiscV_BD/synth/RiscV_BD.v
VHDL Output written to : c:/IIT_Bombay_Academics/Semester_2/EE705_VLSI_Design_Lab/Course_Project/FINAL_TEST2/FINAL_TEST2/FINAL_TEST2.gen/sources_1/bd/RiscV_BD/sim/RiscV_BD.v
VHDL Output written to : c:/IIT_Bombay_Academics/Semester_2/EE705_VLSI_Design_Lab/Course_Project/FINAL_TEST2/FINAL_TEST2/FINAL_TEST2.gen/sources_1/bd/RiscV_BD/hdl/RiscV_BD_wrapper.v
add_files -norecurse c:/IIT_Bombay_Academics/Semester_2/EE705_VLSI_Design_Lab/Course_Project/FINAL_TEST2/FINAL_TEST2/FINAL_TEST2.gen/sources_1/bd/RiscV_BD/hdl/RiscV_BD_wrapper.v
update_compile_order -fileset sources_1
set_property top RiscV_BD_wrapper [current_fileset]
update_compile_order -fileset sources_1
generate_target Simulation [get_files C:/IIT_Bombay_Academics/Semester_2/EE705_VLSI_Design_Lab/Course_Project/FINAL_TEST2/FINAL_TEST2/FINAL_TEST2.srcs/sources_1/bd/RiscV_BD/RiscV_BD.bd]
INFO: [BD 41-1662] The design 'RiscV_BD.bd' is already validated. Therefore parameter propagation will not be re-run.
CRITICAL WARNING: [BD 41-759] The input pins (listed below) are either not connected or do not have a source port, and they don't have a tie-off specified. These pins are tied-off to all 0's to avoid error in Implementation flow.
Please check your design and connect them as needed: 
/EX_MA_PR_0/write_data_E
/instr_retire_mux_0/instr_stalled
/hazard_unit_0/memtoreg

Wrote  : <C:\IIT_Bombay_Academics\Semester_2\EE705_VLSI_Design_Lab\Course_Project\FINAL_TEST2\FINAL_TEST2\FINAL_TEST2.srcs\sources_1\bd\RiscV_BD\RiscV_BD.bd> 
VHDL Output written to : c:/IIT_Bombay_Academics/Semester_2/EE705_VLSI_Design_Lab/Course_Project/FINAL_TEST2/FINAL_TEST2/FINAL_TEST2.gen/sources_1/bd/RiscV_BD/synth/RiscV_BD.v
VHDL Output written to : c:/IIT_Bombay_Academics/Semester_2/EE705_VLSI_Design_Lab/Course_Project/FINAL_TEST2/FINAL_TEST2/FINAL_TEST2.gen/sources_1/bd/RiscV_BD/sim/RiscV_BD.v
VHDL Output written to : c:/IIT_Bombay_Academics/Semester_2/EE705_VLSI_Design_Lab/Course_Project/FINAL_TEST2/FINAL_TEST2/FINAL_TEST2.gen/sources_1/bd/RiscV_BD/hdl/RiscV_BD_wrapper.v
INFO: [BD 41-1029] Generation completed for the IP Integrator block pc_0 .
INFO: [BD 41-1029] Generation completed for the IP Integrator block blk_mem_gen_0 .
INFO: [BD 41-1029] Generation completed for the IP Integrator block blk_mem_gen_1 .
Exporting to file c:/IIT_Bombay_Academics/Semester_2/EE705_VLSI_Design_Lab/Course_Project/FINAL_TEST2/FINAL_TEST2/FINAL_TEST2.gen/sources_1/bd/RiscV_BD/hw_handoff/RiscV_BD.hwh
Generated Block Design Tcl file c:/IIT_Bombay_Academics/Semester_2/EE705_VLSI_Design_Lab/Course_Project/FINAL_TEST2/FINAL_TEST2/FINAL_TEST2.gen/sources_1/bd/RiscV_BD/hw_handoff/RiscV_BD_bd.tcl
Generated Hardware Definition File c:/IIT_Bombay_Academics/Semester_2/EE705_VLSI_Design_Lab/Course_Project/FINAL_TEST2/FINAL_TEST2/FINAL_TEST2.gen/sources_1/bd/RiscV_BD/synth/RiscV_BD.hwdef
export_ip_user_files -of_objects [get_files C:/IIT_Bombay_Academics/Semester_2/EE705_VLSI_Design_Lab/Course_Project/FINAL_TEST2/FINAL_TEST2/FINAL_TEST2.srcs/sources_1/bd/RiscV_BD/RiscV_BD.bd] -no_script -sync -force -quiet
export_simulation -of_objects [get_files C:/IIT_Bombay_Academics/Semester_2/EE705_VLSI_Design_Lab/Course_Project/FINAL_TEST2/FINAL_TEST2/FINAL_TEST2.srcs/sources_1/bd/RiscV_BD/RiscV_BD.bd] -directory C:/IIT_Bombay_Academics/Semester_2/EE705_VLSI_Design_Lab/Course_Project/FINAL_TEST2/FINAL_TEST2/FINAL_TEST2.ip_user_files/sim_scripts -ip_user_files_dir C:/IIT_Bombay_Academics/Semester_2/EE705_VLSI_Design_Lab/Course_Project/FINAL_TEST2/FINAL_TEST2/FINAL_TEST2.ip_user_files -ipstatic_source_dir C:/IIT_Bombay_Academics/Semester_2/EE705_VLSI_Design_Lab/Course_Project/FINAL_TEST2/FINAL_TEST2/FINAL_TEST2.ip_user_files/ipstatic -lib_map_path [list {modelsim=C:/IIT_Bombay_Academics/Semester_2/EE705_VLSI_Design_Lab/Course_Project/FINAL_TEST2/FINAL_TEST2/FINAL_TEST2.cache/compile_simlib/modelsim} {questa=C:/IIT_Bombay_Academics/Semester_2/EE705_VLSI_Design_Lab/Course_Project/FINAL_TEST2/FINAL_TEST2/FINAL_TEST2.cache/compile_simlib/questa} {riviera=C:/IIT_Bombay_Academics/Semester_2/EE705_VLSI_Design_Lab/Course_Project/FINAL_TEST2/FINAL_TEST2/FINAL_TEST2.cache/compile_simlib/riviera} {activehdl=C:/IIT_Bombay_Academics/Semester_2/EE705_VLSI_Design_Lab/Course_Project/FINAL_TEST2/FINAL_TEST2/FINAL_TEST2.cache/compile_simlib/activehdl}] -use_ip_compiled_libs -force -quiet
launch_simulation
Command: launch_simulation 
INFO: [Vivado 12-5682] Launching behavioral simulation in 'C:/IIT_Bombay_Academics/Semester_2/EE705_VLSI_Design_Lab/Course_Project/FINAL_TEST2/FINAL_TEST2/FINAL_TEST2.sim/sim_1/behav/xsim'
INFO: [Vivado 12-4795] Using compiled simulation libraries for IPs
INFO: [SIM-utils-51] Simulation object is 'sim_1'
INFO: [USF-XSim-7] Finding pre-compiled libraries...
INFO: [USF-XSim-11] File 'C:/Xilinx/Vivado/2020.2/data/xsim/xsim.ini' copied to run dir:'C:/IIT_Bombay_Academics/Semester_2/EE705_VLSI_Design_Lab/Course_Project/FINAL_TEST2/FINAL_TEST2/FINAL_TEST2.sim/sim_1/behav/xsim'
INFO: [SIM-utils-54] Inspecting design source files for 'RiscV_BD_wrapper_tb' in fileset 'sim_1'...
INFO: [SIM-utils-43] Exported 'C:/IIT_Bombay_Academics/Semester_2/EE705_VLSI_Design_Lab/Course_Project/FINAL_TEST2/FINAL_TEST2/FINAL_TEST2.sim/sim_1/behav/xsim/instruction_memory.coe'
INFO: [SIM-utils-43] Exported 'C:/IIT_Bombay_Academics/Semester_2/EE705_VLSI_Design_Lab/Course_Project/FINAL_TEST2/FINAL_TEST2/FINAL_TEST2.sim/sim_1/behav/xsim/RiscV_BD_blk_mem_gen_0_1.mif'
INFO: [SIM-utils-43] Exported 'C:/IIT_Bombay_Academics/Semester_2/EE705_VLSI_Design_Lab/Course_Project/FINAL_TEST2/FINAL_TEST2/FINAL_TEST2.sim/sim_1/behav/xsim/data_memory.coe'
INFO: [SIM-utils-43] Exported 'C:/IIT_Bombay_Academics/Semester_2/EE705_VLSI_Design_Lab/Course_Project/FINAL_TEST2/FINAL_TEST2/FINAL_TEST2.sim/sim_1/behav/xsim/RiscV_BD_blk_mem_gen_1_1.mif'
INFO: [SIM-utils-43] Exported 'C:/IIT_Bombay_Academics/Semester_2/EE705_VLSI_Design_Lab/Course_Project/FINAL_TEST2/FINAL_TEST2/FINAL_TEST2.sim/sim_1/behav/xsim/instruction_memory.coe'
INFO: [SIM-utils-43] Exported 'C:/IIT_Bombay_Academics/Semester_2/EE705_VLSI_Design_Lab/Course_Project/FINAL_TEST2/FINAL_TEST2/FINAL_TEST2.sim/sim_1/behav/xsim/data_memory.coe'
INFO: [SIM-utils-43] Exported 'C:/IIT_Bombay_Academics/Semester_2/EE705_VLSI_Design_Lab/Course_Project/FINAL_TEST2/FINAL_TEST2/FINAL_TEST2.sim/sim_1/behav/xsim/instruction_memory.coe'
INFO: [USF-XSim-97] Finding global include files...
INFO: [USF-XSim-98] Fetching design files from 'sim_1'...
INFO: [USF-XSim-2] XSim::Compile design
INFO: [USF-XSim-61] Executing 'COMPILE and ANALYZE' step in 'C:/IIT_Bombay_Academics/Semester_2/EE705_VLSI_Design_Lab/Course_Project/FINAL_TEST2/FINAL_TEST2/FINAL_TEST2.sim/sim_1/behav/xsim'
"xvlog --incr --relax -prj RiscV_BD_wrapper_tb_vlog.prj"
INFO: [VRFC 10-2263] Analyzing Verilog file "C:/IIT_Bombay_Academics/Semester_2/EE705_VLSI_Design_Lab/Course_Project/FINAL_TEST2/FINAL_TEST2/FINAL_TEST2.srcs/sources_1/imports/sources_1/imports/new/Booth_PP.v" into library xil_defaultlib
INFO: [VRFC 10-311] analyzing module Booth_PP_FM
INFO: [VRFC 10-2263] Analyzing Verilog file "C:/IIT_Bombay_Academics/Semester_2/EE705_VLSI_Design_Lab/Course_Project/FINAL_TEST2/FINAL_TEST2/FINAL_TEST2.srcs/sources_1/imports/new/Dadda_tree.v" into library xil_defaultlib
INFO: [VRFC 10-311] analyzing module Dadda_tree
INFO: [VRFC 10-2263] Analyzing Verilog file "C:/IIT_Bombay_Academics/Semester_2/EE705_VLSI_Design_Lab/Course_Project/FINAL_TEST2/FINAL_TEST2/FINAL_TEST2.srcs/sources_1/imports/new/Q16_16.v" into library xil_defaultlib
INFO: [VRFC 10-311] analyzing module Q16_16_Mult
INFO: [VRFC 10-2263] Analyzing Verilog file "C:/IIT_Bombay_Academics/Semester_2/EE705_VLSI_Design_Lab/Course_Project/FINAL_TEST2/FINAL_TEST2/FINAL_TEST2.srcs/sources_1/imports/COURSE PRPJECT/Decode/reg_file.v" into library xil_defaultlib
INFO: [VRFC 10-311] analyzing module register_file
INFO: [VRFC 10-2263] Analyzing Verilog file "C:/IIT_Bombay_Academics/Semester_2/EE705_VLSI_Design_Lab/Course_Project/FINAL_TEST2/FINAL_TEST2/FINAL_TEST2.srcs/sources_1/imports/COURSE PRPJECT/Decode/imm_extend.v" into library xil_defaultlib
INFO: [VRFC 10-311] analyzing module imm_extend
INFO: [VRFC 10-2263] Analyzing Verilog file "C:/IIT_Bombay_Academics/Semester_2/EE705_VLSI_Design_Lab/Course_Project/FINAL_TEST2/FINAL_TEST2/FINAL_TEST2.srcs/sources_1/imports/codes/min_csr.v" into library xil_defaultlib
INFO: [VRFC 10-311] analyzing module csr
INFO: [VRFC 10-2263] Analyzing Verilog file "C:/IIT_Bombay_Academics/Semester_2/EE705_VLSI_Design_Lab/Course_Project/FINAL_TEST2/FINAL_TEST2/FINAL_TEST2.srcs/sources_1/imports/codes/alu_fixed_point_mux.v" into library xil_defaultlib
INFO: [VRFC 10-311] analyzing module alu_fixed_point_mux
INFO: [VRFC 10-2263] Analyzing Verilog file "C:/IIT_Bombay_Academics/Semester_2/EE705_VLSI_Design_Lab/Course_Project/FINAL_TEST2/FINAL_TEST2/FINAL_TEST2.srcs/sources_1/imports/codes/csr_mux.v" into library xil_defaultlib
INFO: [VRFC 10-311] analyzing module csr_mux
INFO: [VRFC 10-2263] Analyzing Verilog file "C:/IIT_Bombay_Academics/Semester_2/EE705_VLSI_Design_Lab/Course_Project/FINAL_TEST2/FINAL_TEST2/FINAL_TEST2.srcs/sources_1/imports/codes/forwarding_mux.v" into library xil_defaultlib
INFO: [VRFC 10-311] analyzing module forwarding_mux
INFO: [VRFC 10-2263] Analyzing Verilog file "C:/IIT_Bombay_Academics/Semester_2/EE705_VLSI_Design_Lab/Course_Project/FINAL_TEST2/FINAL_TEST2/FINAL_TEST2.srcs/sources_1/imports/codes/alu_muxes.v" into library xil_defaultlib
INFO: [VRFC 10-311] analyzing module alu_muxes
INFO: [VRFC 10-2458] undeclared symbol alu_op, assumed default net type wire [C:/IIT_Bombay_Academics/Semester_2/EE705_VLSI_Design_Lab/Course_Project/FINAL_TEST2/FINAL_TEST2/FINAL_TEST2.srcs/sources_1/imports/codes/alu_muxes.v:49]
INFO: [VRFC 10-2263] Analyzing Verilog file "C:/IIT_Bombay_Academics/Semester_2/EE705_VLSI_Design_Lab/Course_Project/FINAL_TEST2/FINAL_TEST2/FINAL_TEST2.srcs/sources_1/imports/codes/branch_fsm.v" into library xil_defaultlib
INFO: [VRFC 10-311] analyzing module branch_fsm
INFO: [VRFC 10-2263] Analyzing Verilog file "C:/IIT_Bombay_Academics/Semester_2/EE705_VLSI_Design_Lab/Course_Project/FINAL_TEST2/FINAL_TEST2/FINAL_TEST2.srcs/sources_1/imports/codes/mul_fsm.v" into library xil_defaultlib
INFO: [VRFC 10-311] analyzing module mul_fsm
INFO: [VRFC 10-2263] Analyzing Verilog file "C:/IIT_Bombay_Academics/Semester_2/EE705_VLSI_Design_Lab/Course_Project/FINAL_TEST2/FINAL_TEST2/FINAL_TEST2.srcs/sources_1/new/EX_MA_PR.v" into library xil_defaultlib
INFO: [VRFC 10-311] analyzing module EX_MA_PR
INFO: [VRFC 10-2263] Analyzing Verilog file "C:/IIT_Bombay_Academics/Semester_2/EE705_VLSI_Design_Lab/Course_Project/FINAL_TEST2/FINAL_TEST2/FINAL_TEST2.srcs/sources_1/new/MA_WB_PR.v" into library xil_defaultlib
INFO: [VRFC 10-311] analyzing module MA_WB_PR
INFO: [VRFC 10-2263] Analyzing Verilog file "C:/IIT_Bombay_Academics/Semester_2/EE705_VLSI_Design_Lab/Course_Project/FINAL_TEST2/FINAL_TEST2/FINAL_TEST2.srcs/sources_1/imports/codes/load_extend.v" into library xil_defaultlib
INFO: [VRFC 10-311] analyzing module load_extend
INFO: [VRFC 10-2263] Analyzing Verilog file "C:/IIT_Bombay_Academics/Semester_2/EE705_VLSI_Design_Lab/Course_Project/FINAL_TEST2/FINAL_TEST2/FINAL_TEST2.srcs/sources_1/new/Write_back_Mux.v" into library xil_defaultlib
INFO: [VRFC 10-311] analyzing module Write_back_Mux
INFO: [VRFC 10-2263] Analyzing Verilog file "C:/IIT_Bombay_Academics/Semester_2/EE705_VLSI_Design_Lab/Course_Project/FINAL_TEST2/FINAL_TEST2/FINAL_TEST2.srcs/sources_1/new/combinational.v" into library xil_defaultlib
INFO: [VRFC 10-311] analyzing module combinational
INFO: [VRFC 10-2263] Analyzing Verilog file "C:/IIT_Bombay_Academics/Semester_2/EE705_VLSI_Design_Lab/Course_Project/FINAL_TEST2/FINAL_TEST2/FINAL_TEST2.srcs/sources_1/imports/codes/inst_retire_mux.v" into library xil_defaultlib
INFO: [VRFC 10-311] analyzing module instr_retire_mux
INFO: [VRFC 10-2263] Analyzing Verilog file "C:/IIT_Bombay_Academics/Semester_2/EE705_VLSI_Design_Lab/Course_Project/FINAL_TEST2/FINAL_TEST2/FINAL_TEST2.srcs/sources_1/new/concat_2to1.v" into library xil_defaultlib
INFO: [VRFC 10-311] analyzing module concat_2to1
INFO: [VRFC 10-2263] Analyzing Verilog file "C:/IIT_Bombay_Academics/Semester_2/EE705_VLSI_Design_Lab/Course_Project/FINAL_TEST2/FINAL_TEST2/FINAL_TEST2.srcs/sources_1/new/hazard_unit.v" into library xil_defaultlib
INFO: [VRFC 10-311] analyzing module hazard_unit
INFO: [VRFC 10-2263] Analyzing Verilog file "C:/IIT_Bombay_Academics/Semester_2/EE705_VLSI_Design_Lab/Course_Project/FINAL_TEST2/FINAL_TEST2/FINAL_TEST2.srcs/sources_1/new/ID_EX_PR.v" into library xil_defaultlib
INFO: [VRFC 10-311] analyzing module ID_EX_PR
INFO: [VRFC 10-2263] Analyzing Verilog file "C:/IIT_Bombay_Academics/Semester_2/EE705_VLSI_Design_Lab/Course_Project/FINAL_TEST2/FINAL_TEST2/FINAL_TEST2.srcs/sources_1/imports/new/Booth_PP.v" into library xil_defaultlib
INFO: [VRFC 10-311] analyzing module Booth_PP
INFO: [VRFC 10-2263] Analyzing Verilog file "C:/IIT_Bombay_Academics/Semester_2/EE705_VLSI_Design_Lab/Course_Project/FINAL_TEST2/FINAL_TEST2/FINAL_TEST2.srcs/sources_1/imports/sources_1/imports/new/Dadda_Stage_1.v" into library xil_defaultlib
INFO: [VRFC 10-311] analyzing module Dadda_stage1
INFO: [VRFC 10-2263] Analyzing Verilog file "C:/IIT_Bombay_Academics/Semester_2/EE705_VLSI_Design_Lab/Course_Project/FINAL_TEST2/FINAL_TEST2/FINAL_TEST2.srcs/sources_1/imports/sources_1/imports/new/Dadda_stage_2.v" into library xil_defaultlib
INFO: [VRFC 10-311] analyzing module Dadda_stage2
INFO: [VRFC 10-2263] Analyzing Verilog file "C:/IIT_Bombay_Academics/Semester_2/EE705_VLSI_Design_Lab/Course_Project/FINAL_TEST2/FINAL_TEST2/FINAL_TEST2.srcs/sources_1/imports/sources_1/imports/new/mul_top.v" into library xil_defaultlib
INFO: [VRFC 10-311] analyzing module mul_top
INFO: [VRFC 10-2263] Analyzing Verilog file "C:/IIT_Bombay_Academics/Semester_2/EE705_VLSI_Design_Lab/Course_Project/FINAL_TEST2/FINAL_TEST2/FINAL_TEST2.srcs/sources_1/imports/sources_1/new/ALU_OPER.v" into library xil_defaultlib
INFO: [VRFC 10-311] analyzing module ALU_OPER
INFO: [VRFC 10-2263] Analyzing Verilog file "C:/IIT_Bombay_Academics/Semester_2/EE705_VLSI_Design_Lab/Course_Project/FINAL_TEST2/FINAL_TEST2/FINAL_TEST2.srcs/sources_1/new/IF_ID_PR.v" into library xil_defaultlib
INFO: [VRFC 10-311] analyzing module IF_ID_PR
INFO: [VRFC 10-2263] Analyzing Verilog file "C:/IIT_Bombay_Academics/Semester_2/EE705_VLSI_Design_Lab/Course_Project/FINAL_TEST2/FINAL_TEST2/FINAL_TEST2.srcs/sources_1/new/OR_gate.v" into library xil_defaultlib
INFO: [VRFC 10-311] analyzing module or_gate
INFO: [VRFC 10-2263] Analyzing Verilog file "C:/IIT_Bombay_Academics/Semester_2/EE705_VLSI_Design_Lab/Course_Project/FINAL_TEST2/FINAL_TEST2/FINAL_TEST2.srcs/sources_1/new/inv.v" into library xil_defaultlib
INFO: [VRFC 10-311] analyzing module inv
INFO: [VRFC 10-2263] Analyzing Verilog file "C:/IIT_Bombay_Academics/Semester_2/EE705_VLSI_Design_Lab/Course_Project/FINAL_TEST2/FINAL_TEST2/FINAL_TEST2.srcs/sources_1/imports/codes/controller.v" into library xil_defaultlib
INFO: [VRFC 10-311] analyzing module controller
INFO: [VRFC 10-2263] Analyzing Verilog file "C:/IIT_Bombay_Academics/Semester_2/EE705_VLSI_Design_Lab/Course_Project/FINAL_TEST2/FINAL_TEST2/FINAL_TEST2.srcs/sources_1/imports/DESIGN LAB/pc.v" into library xil_defaultlib
INFO: [VRFC 10-311] analyzing module pc
INFO: [VRFC 10-2263] Analyzing Verilog file "C:/IIT_Bombay_Academics/Semester_2/EE705_VLSI_Design_Lab/Course_Project/FINAL_TEST2/FINAL_TEST2/FINAL_TEST2.ip_user_files/bd/RiscV_BD/ip/RiscV_BD_Q16_16_Mult_0_0/sim/RiscV_BD_Q16_16_Mult_0_0.v" into library xil_defaultlib
INFO: [VRFC 10-311] analyzing module RiscV_BD_Q16_16_Mult_0_0
INFO: [VRFC 10-2263] Analyzing Verilog file "C:/IIT_Bombay_Academics/Semester_2/EE705_VLSI_Design_Lab/Course_Project/FINAL_TEST2/FINAL_TEST2/FINAL_TEST2.ip_user_files/bd/RiscV_BD/ip/RiscV_BD_register_file_0_0/sim/RiscV_BD_register_file_0_0.v" into library xil_defaultlib
INFO: [VRFC 10-311] analyzing module RiscV_BD_register_file_0_0
INFO: [VRFC 10-2263] Analyzing Verilog file "C:/IIT_Bombay_Academics/Semester_2/EE705_VLSI_Design_Lab/Course_Project/FINAL_TEST2/FINAL_TEST2/FINAL_TEST2.ip_user_files/bd/RiscV_BD/ip/RiscV_BD_imm_extend_0_0/sim/RiscV_BD_imm_extend_0_0.v" into library xil_defaultlib
INFO: [VRFC 10-311] analyzing module RiscV_BD_imm_extend_0_0
INFO: [VRFC 10-2263] Analyzing Verilog file "C:/IIT_Bombay_Academics/Semester_2/EE705_VLSI_Design_Lab/Course_Project/FINAL_TEST2/FINAL_TEST2/FINAL_TEST2.ip_user_files/bd/RiscV_BD/ip/RiscV_BD_csr_0_0/sim/RiscV_BD_csr_0_0.v" into library xil_defaultlib
INFO: [VRFC 10-311] analyzing module RiscV_BD_csr_0_0
INFO: [VRFC 10-2263] Analyzing Verilog file "C:/IIT_Bombay_Academics/Semester_2/EE705_VLSI_Design_Lab/Course_Project/FINAL_TEST2/FINAL_TEST2/FINAL_TEST2.ip_user_files/bd/RiscV_BD/ip/RiscV_BD_alu_fixed_point_mux_0_0/sim/RiscV_BD_alu_fixed_point_mux_0_0.v" into library xil_defaultlib
INFO: [VRFC 10-311] analyzing module RiscV_BD_alu_fixed_point_mux_0_0
INFO: [VRFC 10-2263] Analyzing Verilog file "C:/IIT_Bombay_Academics/Semester_2/EE705_VLSI_Design_Lab/Course_Project/FINAL_TEST2/FINAL_TEST2/FINAL_TEST2.ip_user_files/bd/RiscV_BD/ip/RiscV_BD_csr_mux_0_0/sim/RiscV_BD_csr_mux_0_0.v" into library xil_defaultlib
INFO: [VRFC 10-311] analyzing module RiscV_BD_csr_mux_0_0
INFO: [VRFC 10-2263] Analyzing Verilog file "C:/IIT_Bombay_Academics/Semester_2/EE705_VLSI_Design_Lab/Course_Project/FINAL_TEST2/FINAL_TEST2/FINAL_TEST2.ip_user_files/bd/RiscV_BD/ip/RiscV_BD_forwarding_mux_0_0/sim/RiscV_BD_forwarding_mux_0_0.v" into library xil_defaultlib
INFO: [VRFC 10-311] analyzing module RiscV_BD_forwarding_mux_0_0
INFO: [VRFC 10-2263] Analyzing Verilog file "C:/IIT_Bombay_Academics/Semester_2/EE705_VLSI_Design_Lab/Course_Project/FINAL_TEST2/FINAL_TEST2/FINAL_TEST2.ip_user_files/bd/RiscV_BD/ip/RiscV_BD_alu_muxes_0_2/sim/RiscV_BD_alu_muxes_0_2.v" into library xil_defaultlib
INFO: [VRFC 10-311] analyzing module RiscV_BD_alu_muxes_0_2
INFO: [VRFC 10-2263] Analyzing Verilog file "C:/IIT_Bombay_Academics/Semester_2/EE705_VLSI_Design_Lab/Course_Project/FINAL_TEST2/FINAL_TEST2/FINAL_TEST2.ip_user_files/bd/RiscV_BD/ip/RiscV_BD_branch_fsm_0_0/sim/RiscV_BD_branch_fsm_0_0.v" into library xil_defaultlib
INFO: [VRFC 10-311] analyzing module RiscV_BD_branch_fsm_0_0
INFO: [VRFC 10-2263] Analyzing Verilog file "C:/IIT_Bombay_Academics/Semester_2/EE705_VLSI_Design_Lab/Course_Project/FINAL_TEST2/FINAL_TEST2/FINAL_TEST2.ip_user_files/bd/RiscV_BD/ip/RiscV_BD_mul_fsm_0_0/sim/RiscV_BD_mul_fsm_0_0.v" into library xil_defaultlib
INFO: [VRFC 10-311] analyzing module RiscV_BD_mul_fsm_0_0
INFO: [VRFC 10-2263] Analyzing Verilog file "C:/IIT_Bombay_Academics/Semester_2/EE705_VLSI_Design_Lab/Course_Project/FINAL_TEST2/FINAL_TEST2/FINAL_TEST2.ip_user_files/bd/RiscV_BD/ip/RiscV_BD_EX_MA_PR_0_0/sim/RiscV_BD_EX_MA_PR_0_0.v" into library xil_defaultlib
INFO: [VRFC 10-311] analyzing module RiscV_BD_EX_MA_PR_0_0
INFO: [VRFC 10-2263] Analyzing Verilog file "C:/IIT_Bombay_Academics/Semester_2/EE705_VLSI_Design_Lab/Course_Project/FINAL_TEST2/FINAL_TEST2/FINAL_TEST2.ip_user_files/bd/RiscV_BD/ip/RiscV_BD_MA_WB_PR_0_0/sim/RiscV_BD_MA_WB_PR_0_0.v" into library xil_defaultlib
INFO: [VRFC 10-311] analyzing module RiscV_BD_MA_WB_PR_0_0
INFO: [VRFC 10-2263] Analyzing Verilog file "C:/IIT_Bombay_Academics/Semester_2/EE705_VLSI_Design_Lab/Course_Project/FINAL_TEST2/FINAL_TEST2/FINAL_TEST2.ip_user_files/bd/RiscV_BD/ip/RiscV_BD_load_extend_0_0/sim/RiscV_BD_load_extend_0_0.v" into library xil_defaultlib
INFO: [VRFC 10-311] analyzing module RiscV_BD_load_extend_0_0
INFO: [VRFC 10-2263] Analyzing Verilog file "C:/IIT_Bombay_Academics/Semester_2/EE705_VLSI_Design_Lab/Course_Project/FINAL_TEST2/FINAL_TEST2/FINAL_TEST2.ip_user_files/bd/RiscV_BD/ip/RiscV_BD_Write_back_Mux_0_0/sim/RiscV_BD_Write_back_Mux_0_0.v" into library xil_defaultlib
INFO: [VRFC 10-311] analyzing module RiscV_BD_Write_back_Mux_0_0
INFO: [VRFC 10-2263] Analyzing Verilog file "C:/IIT_Bombay_Academics/Semester_2/EE705_VLSI_Design_Lab/Course_Project/FINAL_TEST2/FINAL_TEST2/FINAL_TEST2.ip_user_files/bd/RiscV_BD/ip/RiscV_BD_combinational_0_0/sim/RiscV_BD_combinational_0_0.v" into library xil_defaultlib
INFO: [VRFC 10-311] analyzing module RiscV_BD_combinational_0_0
INFO: [VRFC 10-2263] Analyzing Verilog file "C:/IIT_Bombay_Academics/Semester_2/EE705_VLSI_Design_Lab/Course_Project/FINAL_TEST2/FINAL_TEST2/FINAL_TEST2.ip_user_files/bd/RiscV_BD/ip/RiscV_BD_instr_retire_mux_0_0/sim/RiscV_BD_instr_retire_mux_0_0.v" into library xil_defaultlib
INFO: [VRFC 10-311] analyzing module RiscV_BD_instr_retire_mux_0_0
INFO: [VRFC 10-2263] Analyzing Verilog file "C:/IIT_Bombay_Academics/Semester_2/EE705_VLSI_Design_Lab/Course_Project/FINAL_TEST2/FINAL_TEST2/FINAL_TEST2.ip_user_files/bd/RiscV_BD/ip/RiscV_BD_concat_2to1_0_0/sim/RiscV_BD_concat_2to1_0_0.v" into library xil_defaultlib
INFO: [VRFC 10-311] analyzing module RiscV_BD_concat_2to1_0_0
INFO: [VRFC 10-2263] Analyzing Verilog file "C:/IIT_Bombay_Academics/Semester_2/EE705_VLSI_Design_Lab/Course_Project/FINAL_TEST2/FINAL_TEST2/FINAL_TEST2.ip_user_files/bd/RiscV_BD/ip/RiscV_BD_concat_2to1_1_0/sim/RiscV_BD_concat_2to1_1_0.v" into library xil_defaultlib
INFO: [VRFC 10-311] analyzing module RiscV_BD_concat_2to1_1_0
INFO: [VRFC 10-2263] Analyzing Verilog file "C:/IIT_Bombay_Academics/Semester_2/EE705_VLSI_Design_Lab/Course_Project/FINAL_TEST2/FINAL_TEST2/FINAL_TEST2.ip_user_files/bd/RiscV_BD/ip/RiscV_BD_hazard_unit_0_0/sim/RiscV_BD_hazard_unit_0_0.v" into library xil_defaultlib
INFO: [VRFC 10-311] analyzing module RiscV_BD_hazard_unit_0_0
INFO: [VRFC 10-2263] Analyzing Verilog file "C:/IIT_Bombay_Academics/Semester_2/EE705_VLSI_Design_Lab/Course_Project/FINAL_TEST2/FINAL_TEST2/FINAL_TEST2.ip_user_files/bd/RiscV_BD/ip/RiscV_BD_concat_2to1_2_0/sim/RiscV_BD_concat_2to1_2_0.v" into library xil_defaultlib
INFO: [VRFC 10-311] analyzing module RiscV_BD_concat_2to1_2_0
INFO: [VRFC 10-2263] Analyzing Verilog file "C:/IIT_Bombay_Academics/Semester_2/EE705_VLSI_Design_Lab/Course_Project/FINAL_TEST2/FINAL_TEST2/FINAL_TEST2.ip_user_files/bd/RiscV_BD/ip/RiscV_BD_ID_EX_PR_0_0/sim/RiscV_BD_ID_EX_PR_0_0.v" into library xil_defaultlib
INFO: [VRFC 10-311] analyzing module RiscV_BD_ID_EX_PR_0_0
INFO: [VRFC 10-2263] Analyzing Verilog file "C:/IIT_Bombay_Academics/Semester_2/EE705_VLSI_Design_Lab/Course_Project/FINAL_TEST2/FINAL_TEST2/FINAL_TEST2.ip_user_files/bd/RiscV_BD/ip/RiscV_BD_ALU_OPER_0_0/sim/RiscV_BD_ALU_OPER_0_0.v" into library xil_defaultlib
INFO: [VRFC 10-311] analyzing module RiscV_BD_ALU_OPER_0_0
INFO: [VRFC 10-2263] Analyzing Verilog file "C:/IIT_Bombay_Academics/Semester_2/EE705_VLSI_Design_Lab/Course_Project/FINAL_TEST2/FINAL_TEST2/FINAL_TEST2.ip_user_files/bd/RiscV_BD/ip/RiscV_BD_IF_ID_PR_0_0/sim/RiscV_BD_IF_ID_PR_0_0.v" into library xil_defaultlib
INFO: [VRFC 10-311] analyzing module RiscV_BD_IF_ID_PR_0_0
INFO: [VRFC 10-2263] Analyzing Verilog file "C:/IIT_Bombay_Academics/Semester_2/EE705_VLSI_Design_Lab/Course_Project/FINAL_TEST2/FINAL_TEST2/FINAL_TEST2.ip_user_files/bd/RiscV_BD/ip/RiscV_BD_or_gate_1_0/sim/RiscV_BD_or_gate_1_0.v" into library xil_defaultlib
INFO: [VRFC 10-311] analyzing module RiscV_BD_or_gate_1_0
INFO: [VRFC 10-2263] Analyzing Verilog file "C:/IIT_Bombay_Academics/Semester_2/EE705_VLSI_Design_Lab/Course_Project/FINAL_TEST2/FINAL_TEST2/FINAL_TEST2.ip_user_files/bd/RiscV_BD/ip/RiscV_BD_inv_0_0/sim/RiscV_BD_inv_0_0.v" into library xil_defaultlib
INFO: [VRFC 10-311] analyzing module RiscV_BD_inv_0_0
INFO: [VRFC 10-2263] Analyzing Verilog file "C:/IIT_Bombay_Academics/Semester_2/EE705_VLSI_Design_Lab/Course_Project/FINAL_TEST2/FINAL_TEST2/FINAL_TEST2.ip_user_files/bd/RiscV_BD/ip/RiscV_BD_controller_0_0/sim/RiscV_BD_controller_0_0.v" into library xil_defaultlib
INFO: [VRFC 10-311] analyzing module RiscV_BD_controller_0_0
INFO: [VRFC 10-2263] Analyzing Verilog file "C:/IIT_Bombay_Academics/Semester_2/EE705_VLSI_Design_Lab/Course_Project/FINAL_TEST2/FINAL_TEST2/FINAL_TEST2.ip_user_files/bd/RiscV_BD/ip/RiscV_BD_pc_0_0/sim/RiscV_BD_pc_0_0.v" into library xil_defaultlib
INFO: [VRFC 10-311] analyzing module RiscV_BD_pc_0_0
INFO: [VRFC 10-2263] Analyzing Verilog file "C:/IIT_Bombay_Academics/Semester_2/EE705_VLSI_Design_Lab/Course_Project/FINAL_TEST2/FINAL_TEST2/FINAL_TEST2.ip_user_files/bd/RiscV_BD/ip/RiscV_BD_blk_mem_gen_0_1/sim/RiscV_BD_blk_mem_gen_0_1.v" into library xil_defaultlib
INFO: [VRFC 10-311] analyzing module RiscV_BD_blk_mem_gen_0_1
INFO: [VRFC 10-2263] Analyzing Verilog file "C:/IIT_Bombay_Academics/Semester_2/EE705_VLSI_Design_Lab/Course_Project/FINAL_TEST2/FINAL_TEST2/FINAL_TEST2.ip_user_files/bd/RiscV_BD/ip/RiscV_BD_blk_mem_gen_1_1/sim/RiscV_BD_blk_mem_gen_1_1.v" into library xil_defaultlib
INFO: [VRFC 10-311] analyzing module RiscV_BD_blk_mem_gen_1_1
INFO: [VRFC 10-2263] Analyzing Verilog file "C:/IIT_Bombay_Academics/Semester_2/EE705_VLSI_Design_Lab/Course_Project/FINAL_TEST2/FINAL_TEST2/FINAL_TEST2.ip_user_files/bd/RiscV_BD/sim/RiscV_BD.v" into library xil_defaultlib
INFO: [VRFC 10-311] analyzing module RiscV_BD
INFO: [VRFC 10-2263] Analyzing Verilog file "C:/IIT_Bombay_Academics/Semester_2/EE705_VLSI_Design_Lab/Course_Project/FINAL_TEST2/FINAL_TEST2/FINAL_TEST2.gen/sources_1/bd/RiscV_BD/hdl/RiscV_BD_wrapper.v" into library xil_defaultlib
INFO: [VRFC 10-311] analyzing module RiscV_BD_wrapper
INFO: [VRFC 10-2263] Analyzing Verilog file "C:/IIT_Bombay_Academics/Semester_2/EE705_VLSI_Design_Lab/Course_Project/FINAL_TEST2/FINAL_TEST2/FINAL_TEST2.srcs/sim_1/new/RiscV_BD_wrapper_tb.v" into library xil_defaultlib
INFO: [VRFC 10-311] analyzing module RiscV_BD_wrapper_tb
INFO: [VRFC 10-2263] Analyzing Verilog file "C:/IIT_Bombay_Academics/Semester_2/EE705_VLSI_Design_Lab/Course_Project/FINAL_TEST2/FINAL_TEST2/FINAL_TEST2.sim/sim_1/behav/xsim/glbl.v" into library xil_defaultlib
INFO: [VRFC 10-311] analyzing module glbl
run_program: Time (s): cpu = 00:00:01 ; elapsed = 00:00:11 . Memory (MB): peak = 1489.391 ; gain = 0.000
INFO: [USF-XSim-69] 'compile' step finished in '11' seconds
INFO: [USF-XSim-3] XSim::Elaborate design
INFO: [USF-XSim-61] Executing 'ELABORATE' step in 'C:/IIT_Bombay_Academics/Semester_2/EE705_VLSI_Design_Lab/Course_Project/FINAL_TEST2/FINAL_TEST2/FINAL_TEST2.sim/sim_1/behav/xsim'
"xelab -wto 825d914d5bae4902b22375897d789401 --incr --debug typical --relax --mt 2 -L xil_defaultlib -L blk_mem_gen_v8_4_4 -L unisims_ver -L unimacro_ver -L secureip -L xpm --snapshot RiscV_BD_wrapper_tb_behav xil_defaultlib.RiscV_BD_wrapper_tb xil_defaultlib.glbl -log elaborate.log"
Vivado Simulator 2020.2
Copyright 1986-1999, 2001-2020 Xilinx, Inc. All Rights Reserved.
Running: C:/Xilinx/Vivado/2020.2/bin/unwrapped/win64.o/xelab.exe -wto 825d914d5bae4902b22375897d789401 --incr --debug typical --relax --mt 2 -L xil_defaultlib -L blk_mem_gen_v8_4_4 -L unisims_ver -L unimacro_ver -L secureip -L xpm --snapshot RiscV_BD_wrapper_tb_behav xil_defaultlib.RiscV_BD_wrapper_tb xil_defaultlib.glbl -log elaborate.log 
Using 2 slave threads.
Starting static elaboration
Pass Through NonSizing Optimizer
Completed static elaboration
Starting simulation data flow analysis
Completed simulation data flow analysis
Time Resolution for simulation is 1ps
Compiling module xil_defaultlib.Booth_PP
Compiling module xil_defaultlib.Dadda_stage1
Compiling module xil_defaultlib.Dadda_stage2
Compiling module xil_defaultlib.mul_top
Compiling module xil_defaultlib.ALU_OPER
Compiling module xil_defaultlib.RiscV_BD_ALU_OPER_0_0
Compiling module xil_defaultlib.EX_MA_PR
Compiling module xil_defaultlib.RiscV_BD_EX_MA_PR_0_0
Compiling module xil_defaultlib.ID_EX_PR
Compiling module xil_defaultlib.RiscV_BD_ID_EX_PR_0_0
Compiling module xil_defaultlib.IF_ID_PR
Compiling module xil_defaultlib.RiscV_BD_IF_ID_PR_0_0
Compiling module xil_defaultlib.MA_WB_PR
Compiling module xil_defaultlib.RiscV_BD_MA_WB_PR_0_0
Compiling module xil_defaultlib.Booth_PP_FM
Compiling module xil_defaultlib.Dadda_tree
Compiling module xil_defaultlib.Q16_16_Mult
Compiling module xil_defaultlib.RiscV_BD_Q16_16_Mult_0_0
Compiling module xil_defaultlib.Write_back_Mux
Compiling module xil_defaultlib.RiscV_BD_Write_back_Mux_0_0
Compiling module xil_defaultlib.alu_fixed_point_mux
Compiling module xil_defaultlib.RiscV_BD_alu_fixed_point_mux_0_0
Compiling module xil_defaultlib.alu_muxes
Compiling module xil_defaultlib.RiscV_BD_alu_muxes_0_2
Compiling module blk_mem_gen_v8_4_4.blk_mem_gen_v8_4_4_output_stage(...
Compiling module blk_mem_gen_v8_4_4.blk_mem_gen_v8_4_4_softecc_outpu...
Compiling module blk_mem_gen_v8_4_4.blk_mem_gen_v8_4_4_mem_module(C_...
Compiling module blk_mem_gen_v8_4_4.blk_mem_gen_v8_4_4(C_FAMILY="zyn...
Compiling module xil_defaultlib.RiscV_BD_blk_mem_gen_0_1
Compiling module blk_mem_gen_v8_4_4.blk_mem_gen_v8_4_4_mem_module(C_...
Compiling module blk_mem_gen_v8_4_4.blk_mem_gen_v8_4_4(C_FAMILY="zyn...
Compiling module xil_defaultlib.RiscV_BD_blk_mem_gen_1_1
Compiling module xil_defaultlib.branch_fsm
Compiling module xil_defaultlib.RiscV_BD_branch_fsm_0_0
Compiling module xil_defaultlib.combinational
Compiling module xil_defaultlib.RiscV_BD_combinational_0_0
Compiling module xil_defaultlib.concat_2to1
Compiling module xil_defaultlib.RiscV_BD_concat_2to1_0_0
Compiling module xil_defaultlib.RiscV_BD_concat_2to1_1_0
Compiling module xil_defaultlib.RiscV_BD_concat_2to1_2_0
Compiling module xil_defaultlib.controller
Compiling module xil_defaultlib.RiscV_BD_controller_0_0
Compiling module xil_defaultlib.csr
Compiling module xil_defaultlib.RiscV_BD_csr_0_0
Compiling module xil_defaultlib.csr_mux
Compiling module xil_defaultlib.RiscV_BD_csr_mux_0_0
Compiling module xil_defaultlib.forwarding_mux
Compiling module xil_defaultlib.RiscV_BD_forwarding_mux_0_0
Compiling module xil_defaultlib.hazard_unit
Compiling module xil_defaultlib.RiscV_BD_hazard_unit_0_0
Compiling module xil_defaultlib.imm_extend
Compiling module xil_defaultlib.RiscV_BD_imm_extend_0_0
Compiling module xil_defaultlib.instr_retire_mux
Compiling module xil_defaultlib.RiscV_BD_instr_retire_mux_0_0
Compiling module xil_defaultlib.inv
Compiling module xil_defaultlib.RiscV_BD_inv_0_0
Compiling module xil_defaultlib.load_extend
Compiling module xil_defaultlib.RiscV_BD_load_extend_0_0
Compiling module xil_defaultlib.mul_fsm
Compiling module xil_defaultlib.RiscV_BD_mul_fsm_0_0
Compiling module xil_defaultlib.or_gate
Compiling module xil_defaultlib.RiscV_BD_or_gate_1_0
Compiling module xil_defaultlib.pc
Compiling module xil_defaultlib.RiscV_BD_pc_0_0
Compiling module xil_defaultlib.register_file
Compiling module xil_defaultlib.RiscV_BD_register_file_0_0
Compiling module xil_defaultlib.RiscV_BD
Compiling module xil_defaultlib.RiscV_BD_wrapper
Compiling module xil_defaultlib.RiscV_BD_wrapper_tb
Compiling module xil_defaultlib.glbl
Built simulation snapshot RiscV_BD_wrapper_tb_behav
run_program: Time (s): cpu = 00:00:00 ; elapsed = 00:00:10 . Memory (MB): peak = 1489.391 ; gain = 0.000
INFO: [USF-XSim-69] 'elaborate' step finished in '10' seconds
INFO: [USF-XSim-4] XSim::Simulate design
INFO: [USF-XSim-61] Executing 'SIMULATE' step in 'C:/IIT_Bombay_Academics/Semester_2/EE705_VLSI_Design_Lab/Course_Project/FINAL_TEST2/FINAL_TEST2/FINAL_TEST2.sim/sim_1/behav/xsim'
INFO: [USF-XSim-98] *** Running xsim
   with args "RiscV_BD_wrapper_tb_behav -key {Behavioral:sim_1:Functional:RiscV_BD_wrapper_tb} -tclbatch {RiscV_BD_wrapper_tb.tcl} -protoinst "protoinst_files/RiscV_BD.protoinst" -view {C:/IIT_Bombay_Academics/Semester_2/EE705_VLSI_Design_Lab/Course_Project/FINAL_TEST2/FINAL_TEST2/FINAL_TEST2.srcs/sim_1/imports/VLSI_RISC_V_IM/RiscV_BD_wrapper_tb_behav.wcfg} -log {simulate.log}"
INFO: [USF-XSim-8] Loading simulator feature
Vivado Simulator 2020.2
INFO: [Wavedata 42-565] Reading protoinst file protoinst_files/RiscV_BD.protoinst
Time resolution is 1 ps
open_wave_config C:/IIT_Bombay_Academics/Semester_2/EE705_VLSI_Design_Lab/Course_Project/FINAL_TEST2/FINAL_TEST2/FINAL_TEST2.srcs/sim_1/imports/VLSI_RISC_V_IM/RiscV_BD_wrapper_tb_behav.wcfg
WARNING: Simulation object /RiscV_BD_wrapper_tb/uut/RiscV_BD_i/pc_0/pc_p was not found in the design.
source RiscV_BD_wrapper_tb.tcl
# set curr_wave [current_wave_config]
# if { [string length $curr_wave] == 0 } {
#   if { [llength [get_objects]] > 0} {
#     add_wave /
#     set_property needs_save false [current_wave_config]
#   } else {
#      send_msg_id Add_Wave-1 WARNING "No top level signals found. Simulator will start without a wave window. If you want to open a wave window go to 'File->New Waveform Configuration' or type 'create_wave_config' in the TCL console."
#   }
# }
# run 1000ns
 Block Memory Generator module loading initial data...
 Block Memory Generator data initialization complete.
Block Memory Generator module RiscV_BD_wrapper_tb.uut.RiscV_BD_i.blk_mem_gen_0.inst.\native_mem_mapped_module.blk_mem_gen_v8_4_4_inst  is using a behavioral model for simulation which will not precisely model memory collision behavior.
 Block Memory Generator module loading initial data...
 Block Memory Generator data initialization complete.
Block Memory Generator module RiscV_BD_wrapper_tb.uut.RiscV_BD_i.blk_mem_gen_1.inst.\native_mem_mapped_module.blk_mem_gen_v8_4_4_inst  is using a behavioral model for simulation which will not precisely model memory collision behavior.
Simulation complete.
$finish called at time : 2007 ps : File "C:/IIT_Bombay_Academics/Semester_2/EE705_VLSI_Design_Lab/Course_Project/FINAL_TEST2/FINAL_TEST2/FINAL_TEST2.srcs/sim_1/new/RiscV_BD_wrapper_tb.v" Line 34
xsim: Time (s): cpu = 00:00:04 ; elapsed = 00:00:07 . Memory (MB): peak = 1525.062 ; gain = 34.434
INFO: [USF-XSim-96] XSim completed. Design snapshot 'RiscV_BD_wrapper_tb_behav' loaded.
INFO: [USF-XSim-97] XSim simulation ran for 1000ns
launch_simulation: Time (s): cpu = 00:00:07 ; elapsed = 00:00:36 . Memory (MB): peak = 1525.062 ; gain = 35.672
open_bd_design {C:/IIT_Bombay_Academics/Semester_2/EE705_VLSI_Design_Lab/Course_Project/FINAL_TEST2/FINAL_TEST2/FINAL_TEST2.srcs/sources_1/bd/RiscV_BD/RiscV_BD.bd}
delete_bd_objs [get_bd_nets blk_mem_gen_0_douta] [get_bd_nets inv_0_y] [get_bd_nets pc_0_pc_mem] [get_bd_cells blk_mem_gen_0]
delete_bd_objs [get_bd_nets blk_mem_gen_1_douta] [get_bd_cells blk_mem_gen_1]
close [ open C:/IIT_Bombay_Academics/Semester_2/EE705_VLSI_Design_Lab/Course_Project/FINAL_TEST2/FINAL_TEST2/FINAL_TEST2.srcs/sources_1/new/data_mem.vhd w ]
add_files C:/IIT_Bombay_Academics/Semester_2/EE705_VLSI_Design_Lab/Course_Project/FINAL_TEST2/FINAL_TEST2/FINAL_TEST2.srcs/sources_1/new/data_mem.vhd
update_compile_order -fileset sources_1
close [ open C:/IIT_Bombay_Academics/Semester_2/EE705_VLSI_Design_Lab/Course_Project/FINAL_TEST2/FINAL_TEST2/FINAL_TEST2.srcs/sources_1/new/instr_mem.vhd w ]
add_files C:/IIT_Bombay_Academics/Semester_2/EE705_VLSI_Design_Lab/Course_Project/FINAL_TEST2/FINAL_TEST2/FINAL_TEST2.srcs/sources_1/new/instr_mem.vhd
update_compile_order -fileset sources_1
open_bd_design {C:/IIT_Bombay_Academics/Semester_2/EE705_VLSI_Design_Lab/Course_Project/FINAL_TEST2/FINAL_TEST2/FINAL_TEST2.srcs/sources_1/bd/RiscV_BD/RiscV_BD.bd}
update_module_reference RiscV_BD_pc_0_0
INFO: [IP_Flow 19-5107] Inferred bus interface 'reset' of definition 'xilinx.com:signal:reset:1.0' (from Xilinx Repository).
INFO: [IP_Flow 19-5107] Inferred bus interface 'clk' of definition 'xilinx.com:signal:clock:1.0' (from Xilinx Repository).
INFO: [IP_Flow 19-4728] Bus Interface 'clk': Added interface parameter 'ASSOCIATED_RESET' with value 'reset'.
WARNING: [IP_Flow 19-5661] Bus Interface 'clk' does not have any bus interfaces associated with it.
INFO: [IP_Flow 19-234] Refreshing IP repositories
INFO: [IP_Flow 19-1704] No user IP repositories specified
Upgrading 'C:/IIT_Bombay_Academics/Semester_2/EE705_VLSI_Design_Lab/Course_Project/FINAL_TEST2/FINAL_TEST2/FINAL_TEST2.srcs/sources_1/bd/RiscV_BD/RiscV_BD.bd'
INFO: [IP_Flow 19-1972] Upgraded RiscV_BD_pc_0_0 from pc_v1_0 1.0 to pc_v1_0 1.0
WARNING: [IP_Flow 19-4700] Upgrade has removed port 'pc_mem'
WARNING: [IP_Flow 19-3298] Detected external port differences while upgrading 'RiscV_BD_pc_0_0'. These changes may impact your design.
CRITICAL WARNING: [Coretcl 2-1280] The upgrade of 'RiscV_BD_pc_0_0' has identified issues that may require user intervention. Please verify that the instance is correctly configured, and review any upgrade messages.
Wrote  : <C:\IIT_Bombay_Academics\Semester_2\EE705_VLSI_Design_Lab\Course_Project\FINAL_TEST2\FINAL_TEST2\FINAL_TEST2.srcs\sources_1\bd\RiscV_BD\RiscV_BD.bd> 
Wrote  : <C:/IIT_Bombay_Academics/Semester_2/EE705_VLSI_Design_Lab/Course_Project/FINAL_TEST2/FINAL_TEST2/FINAL_TEST2.srcs/sources_1/bd/RiscV_BD/ui/bd_3ef32312.ui> 
delete_bd_objs [get_bd_cells inv_0]
update_compile_order -fileset sources_1
create_bd_cell -type module -reference instr_mem instr_mem_0
INFO: [IP_Flow 19-234] Refreshing IP repositories
INFO: [IP_Flow 19-1704] No user IP repositories specified
connect_bd_net [get_bd_pins pc_0/pc_f] [get_bd_pins instr_mem_0/addr]
connect_bd_net [get_bd_pins instr_mem_0/instr] [get_bd_pins IF_ID_PR_0/Inst_F]
create_bd_cell -type module -reference data_mem data_mem_0
INFO: [IP_Flow 19-5107] Inferred bus interface 'clk' of definition 'xilinx.com:signal:clock:1.0' (from Xilinx Repository).
WARNING: [IP_Flow 19-5661] Bus Interface 'clk' does not have any bus interfaces associated with it.
INFO: [IP_Flow 19-234] Refreshing IP repositories
INFO: [IP_Flow 19-1704] No user IP repositories specified
connect_bd_net [get_bd_ports clk_0] [get_bd_pins data_mem_0/clk]
connect_bd_net [get_bd_pins EX_MA_PR_0/mem_write_M] [get_bd_pins data_mem_0/memWrite_en]
connect_bd_net [get_bd_pins EX_MA_PR_0/write_data_E] [get_bd_pins forwarding_mux_0/rs2]
connect_bd_net [get_bd_pins EX_MA_PR_0/write_data_M] [get_bd_pins data_mem_0/write_data]
connect_bd_net [get_bd_pins data_mem_0/dmem_addr] [get_bd_pins EX_MA_PR_0/ALU_result_M]
connect_bd_net [get_bd_pins data_mem_0/data_out] [get_bd_pins load_extend_0/mem_data]
save_bd_design
Wrote  : <C:\IIT_Bombay_Academics\Semester_2\EE705_VLSI_Design_Lab\Course_Project\FINAL_TEST2\FINAL_TEST2\FINAL_TEST2.srcs\sources_1\bd\RiscV_BD\RiscV_BD.bd> 
Wrote  : <C:/IIT_Bombay_Academics/Semester_2/EE705_VLSI_Design_Lab/Course_Project/FINAL_TEST2/FINAL_TEST2/FINAL_TEST2.srcs/sources_1/bd/RiscV_BD/ui/bd_3ef32312.ui> 
update_compile_order -fileset sources_1
update_module_reference RiscV_BD_alu_muxes_0_2
INFO: [IP_Flow 19-234] Refreshing IP repositories
INFO: [IP_Flow 19-1704] No user IP repositories specified
Upgrading 'C:/IIT_Bombay_Academics/Semester_2/EE705_VLSI_Design_Lab/Course_Project/FINAL_TEST2/FINAL_TEST2/FINAL_TEST2.srcs/sources_1/bd/RiscV_BD/RiscV_BD.bd'
INFO: [IP_Flow 19-1972] Upgraded RiscV_BD_alu_muxes_0_2 from alu_muxes_v1_0 1.0 to alu_muxes_v1_0 1.0
INFO: [IP_Flow 19-4702] Upgrade has renamed port 'ALU_op' as 'alu_op'
Wrote  : <C:\IIT_Bombay_Academics\Semester_2\EE705_VLSI_Design_Lab\Course_Project\FINAL_TEST2\FINAL_TEST2\FINAL_TEST2.srcs\sources_1\bd\RiscV_BD\RiscV_BD.bd> 
Wrote  : <C:/IIT_Bombay_Academics/Semester_2/EE705_VLSI_Design_Lab/Course_Project/FINAL_TEST2/FINAL_TEST2/FINAL_TEST2.srcs/sources_1/bd/RiscV_BD/ui/bd_3ef32312.ui> 
close_sim
INFO: [Simtcl 6-16] Simulation closed
generate_target Simulation [get_files C:/IIT_Bombay_Academics/Semester_2/EE705_VLSI_Design_Lab/Course_Project/FINAL_TEST2/FINAL_TEST2/FINAL_TEST2.srcs/sources_1/bd/RiscV_BD/RiscV_BD.bd]
CRITICAL WARNING: [BD 41-759] The input pins (listed below) are either not connected or do not have a source port, and they don't have a tie-off specified. These pins are tied-off to all 0's to avoid error in Implementation flow.
Please check your design and connect them as needed: 
/instr_retire_mux_0/instr_stalled
/hazard_unit_0/memtoreg

Wrote  : <C:\IIT_Bombay_Academics\Semester_2\EE705_VLSI_Design_Lab\Course_Project\FINAL_TEST2\FINAL_TEST2\FINAL_TEST2.srcs\sources_1\bd\RiscV_BD\RiscV_BD.bd> 
VHDL Output written to : c:/IIT_Bombay_Academics/Semester_2/EE705_VLSI_Design_Lab/Course_Project/FINAL_TEST2/FINAL_TEST2/FINAL_TEST2.gen/sources_1/bd/RiscV_BD/synth/RiscV_BD.v
VHDL Output written to : c:/IIT_Bombay_Academics/Semester_2/EE705_VLSI_Design_Lab/Course_Project/FINAL_TEST2/FINAL_TEST2/FINAL_TEST2.gen/sources_1/bd/RiscV_BD/sim/RiscV_BD.v
VHDL Output written to : c:/IIT_Bombay_Academics/Semester_2/EE705_VLSI_Design_Lab/Course_Project/FINAL_TEST2/FINAL_TEST2/FINAL_TEST2.gen/sources_1/bd/RiscV_BD/hdl/RiscV_BD_wrapper.v
INFO: [IP_Flow 19-234] Refreshing IP repositories
INFO: [IP_Flow 19-1704] No user IP repositories specified
INFO: [BD 41-1029] Generation completed for the IP Integrator block alu_muxes_0 .
INFO: [BD 41-1029] Generation completed for the IP Integrator block pc_0 .
INFO: [BD 41-1029] Generation completed for the IP Integrator block instr_mem_0 .
INFO: [BD 41-1029] Generation completed for the IP Integrator block data_mem_0 .
Exporting to file c:/IIT_Bombay_Academics/Semester_2/EE705_VLSI_Design_Lab/Course_Project/FINAL_TEST2/FINAL_TEST2/FINAL_TEST2.gen/sources_1/bd/RiscV_BD/hw_handoff/RiscV_BD.hwh
Generated Block Design Tcl file c:/IIT_Bombay_Academics/Semester_2/EE705_VLSI_Design_Lab/Course_Project/FINAL_TEST2/FINAL_TEST2/FINAL_TEST2.gen/sources_1/bd/RiscV_BD/hw_handoff/RiscV_BD_bd.tcl
Generated Hardware Definition File c:/IIT_Bombay_Academics/Semester_2/EE705_VLSI_Design_Lab/Course_Project/FINAL_TEST2/FINAL_TEST2/FINAL_TEST2.gen/sources_1/bd/RiscV_BD/synth/RiscV_BD.hwdef
export_ip_user_files -of_objects [get_files C:/IIT_Bombay_Academics/Semester_2/EE705_VLSI_Design_Lab/Course_Project/FINAL_TEST2/FINAL_TEST2/FINAL_TEST2.srcs/sources_1/bd/RiscV_BD/RiscV_BD.bd] -no_script -sync -force -quiet
export_simulation -of_objects [get_files C:/IIT_Bombay_Academics/Semester_2/EE705_VLSI_Design_Lab/Course_Project/FINAL_TEST2/FINAL_TEST2/FINAL_TEST2.srcs/sources_1/bd/RiscV_BD/RiscV_BD.bd] -directory C:/IIT_Bombay_Academics/Semester_2/EE705_VLSI_Design_Lab/Course_Project/FINAL_TEST2/FINAL_TEST2/FINAL_TEST2.ip_user_files/sim_scripts -ip_user_files_dir C:/IIT_Bombay_Academics/Semester_2/EE705_VLSI_Design_Lab/Course_Project/FINAL_TEST2/FINAL_TEST2/FINAL_TEST2.ip_user_files -ipstatic_source_dir C:/IIT_Bombay_Academics/Semester_2/EE705_VLSI_Design_Lab/Course_Project/FINAL_TEST2/FINAL_TEST2/FINAL_TEST2.ip_user_files/ipstatic -lib_map_path [list {modelsim=C:/IIT_Bombay_Academics/Semester_2/EE705_VLSI_Design_Lab/Course_Project/FINAL_TEST2/FINAL_TEST2/FINAL_TEST2.cache/compile_simlib/modelsim} {questa=C:/IIT_Bombay_Academics/Semester_2/EE705_VLSI_Design_Lab/Course_Project/FINAL_TEST2/FINAL_TEST2/FINAL_TEST2.cache/compile_simlib/questa} {riviera=C:/IIT_Bombay_Academics/Semester_2/EE705_VLSI_Design_Lab/Course_Project/FINAL_TEST2/FINAL_TEST2/FINAL_TEST2.cache/compile_simlib/riviera} {activehdl=C:/IIT_Bombay_Academics/Semester_2/EE705_VLSI_Design_Lab/Course_Project/FINAL_TEST2/FINAL_TEST2/FINAL_TEST2.cache/compile_simlib/activehdl}] -use_ip_compiled_libs -force -quiet
launch_simulation
Command: launch_simulation 
INFO: [Vivado 12-5682] Launching behavioral simulation in 'C:/IIT_Bombay_Academics/Semester_2/EE705_VLSI_Design_Lab/Course_Project/FINAL_TEST2/FINAL_TEST2/FINAL_TEST2.sim/sim_1/behav/xsim'
INFO: [Vivado 12-4795] Using compiled simulation libraries for IPs
INFO: [SIM-utils-51] Simulation object is 'sim_1'
INFO: [USF-XSim-7] Finding pre-compiled libraries...
INFO: [USF-XSim-11] File 'C:/Xilinx/Vivado/2020.2/data/xsim/xsim.ini' copied to run dir:'C:/IIT_Bombay_Academics/Semester_2/EE705_VLSI_Design_Lab/Course_Project/FINAL_TEST2/FINAL_TEST2/FINAL_TEST2.sim/sim_1/behav/xsim'
INFO: [SIM-utils-54] Inspecting design source files for 'RiscV_BD_wrapper_tb' in fileset 'sim_1'...
INFO: [SIM-utils-43] Exported 'C:/IIT_Bombay_Academics/Semester_2/EE705_VLSI_Design_Lab/Course_Project/FINAL_TEST2/FINAL_TEST2/FINAL_TEST2.sim/sim_1/behav/xsim/instruction_memory.coe'
INFO: [SIM-utils-43] Exported 'C:/IIT_Bombay_Academics/Semester_2/EE705_VLSI_Design_Lab/Course_Project/FINAL_TEST2/FINAL_TEST2/FINAL_TEST2.sim/sim_1/behav/xsim/data_memory.coe'
INFO: [SIM-utils-43] Exported 'C:/IIT_Bombay_Academics/Semester_2/EE705_VLSI_Design_Lab/Course_Project/FINAL_TEST2/FINAL_TEST2/FINAL_TEST2.sim/sim_1/behav/xsim/instruction_memory.coe'
INFO: [SIM-utils-43] Exported 'C:/IIT_Bombay_Academics/Semester_2/EE705_VLSI_Design_Lab/Course_Project/FINAL_TEST2/FINAL_TEST2/FINAL_TEST2.sim/sim_1/behav/xsim/instruction_memory.coe'
INFO: [SIM-utils-43] Exported 'C:/IIT_Bombay_Academics/Semester_2/EE705_VLSI_Design_Lab/Course_Project/FINAL_TEST2/FINAL_TEST2/FINAL_TEST2.sim/sim_1/behav/xsim/data_memory.coe'
INFO: [USF-XSim-97] Finding global include files...
INFO: [USF-XSim-98] Fetching design files from 'sim_1'...
INFO: [USF-XSim-2] XSim::Compile design
INFO: [USF-XSim-61] Executing 'COMPILE and ANALYZE' step in 'C:/IIT_Bombay_Academics/Semester_2/EE705_VLSI_Design_Lab/Course_Project/FINAL_TEST2/FINAL_TEST2/FINAL_TEST2.sim/sim_1/behav/xsim'
"xvlog --incr --relax -prj RiscV_BD_wrapper_tb_vlog.prj"
INFO: [VRFC 10-2263] Analyzing Verilog file "C:/IIT_Bombay_Academics/Semester_2/EE705_VLSI_Design_Lab/Course_Project/FINAL_TEST2/FINAL_TEST2/FINAL_TEST2.srcs/sources_1/imports/sources_1/imports/new/Booth_PP.v" into library xil_defaultlib
INFO: [VRFC 10-311] analyzing module Booth_PP_FM
INFO: [VRFC 10-2263] Analyzing Verilog file "C:/IIT_Bombay_Academics/Semester_2/EE705_VLSI_Design_Lab/Course_Project/FINAL_TEST2/FINAL_TEST2/FINAL_TEST2.srcs/sources_1/imports/new/Dadda_tree.v" into library xil_defaultlib
INFO: [VRFC 10-311] analyzing module Dadda_tree
INFO: [VRFC 10-2263] Analyzing Verilog file "C:/IIT_Bombay_Academics/Semester_2/EE705_VLSI_Design_Lab/Course_Project/FINAL_TEST2/FINAL_TEST2/FINAL_TEST2.srcs/sources_1/imports/new/Q16_16.v" into library xil_defaultlib
INFO: [VRFC 10-311] analyzing module Q16_16_Mult
INFO: [VRFC 10-2263] Analyzing Verilog file "C:/IIT_Bombay_Academics/Semester_2/EE705_VLSI_Design_Lab/Course_Project/FINAL_TEST2/FINAL_TEST2/FINAL_TEST2.srcs/sources_1/imports/COURSE PRPJECT/Decode/reg_file.v" into library xil_defaultlib
INFO: [VRFC 10-311] analyzing module register_file
INFO: [VRFC 10-2263] Analyzing Verilog file "C:/IIT_Bombay_Academics/Semester_2/EE705_VLSI_Design_Lab/Course_Project/FINAL_TEST2/FINAL_TEST2/FINAL_TEST2.srcs/sources_1/imports/COURSE PRPJECT/Decode/imm_extend.v" into library xil_defaultlib
INFO: [VRFC 10-311] analyzing module imm_extend
INFO: [VRFC 10-2263] Analyzing Verilog file "C:/IIT_Bombay_Academics/Semester_2/EE705_VLSI_Design_Lab/Course_Project/FINAL_TEST2/FINAL_TEST2/FINAL_TEST2.srcs/sources_1/imports/codes/min_csr.v" into library xil_defaultlib
INFO: [VRFC 10-311] analyzing module csr
INFO: [VRFC 10-2263] Analyzing Verilog file "C:/IIT_Bombay_Academics/Semester_2/EE705_VLSI_Design_Lab/Course_Project/FINAL_TEST2/FINAL_TEST2/FINAL_TEST2.srcs/sources_1/imports/codes/alu_fixed_point_mux.v" into library xil_defaultlib
INFO: [VRFC 10-311] analyzing module alu_fixed_point_mux
INFO: [VRFC 10-2263] Analyzing Verilog file "C:/IIT_Bombay_Academics/Semester_2/EE705_VLSI_Design_Lab/Course_Project/FINAL_TEST2/FINAL_TEST2/FINAL_TEST2.srcs/sources_1/imports/codes/csr_mux.v" into library xil_defaultlib
INFO: [VRFC 10-311] analyzing module csr_mux
INFO: [VRFC 10-2263] Analyzing Verilog file "C:/IIT_Bombay_Academics/Semester_2/EE705_VLSI_Design_Lab/Course_Project/FINAL_TEST2/FINAL_TEST2/FINAL_TEST2.srcs/sources_1/imports/codes/forwarding_mux.v" into library xil_defaultlib
INFO: [VRFC 10-311] analyzing module forwarding_mux
INFO: [VRFC 10-2263] Analyzing Verilog file "C:/IIT_Bombay_Academics/Semester_2/EE705_VLSI_Design_Lab/Course_Project/FINAL_TEST2/FINAL_TEST2/FINAL_TEST2.srcs/sources_1/imports/codes/alu_muxes.v" into library xil_defaultlib
INFO: [VRFC 10-311] analyzing module alu_muxes
INFO: [VRFC 10-2263] Analyzing Verilog file "C:/IIT_Bombay_Academics/Semester_2/EE705_VLSI_Design_Lab/Course_Project/FINAL_TEST2/FINAL_TEST2/FINAL_TEST2.srcs/sources_1/imports/codes/branch_fsm.v" into library xil_defaultlib
INFO: [VRFC 10-311] analyzing module branch_fsm
INFO: [VRFC 10-2263] Analyzing Verilog file "C:/IIT_Bombay_Academics/Semester_2/EE705_VLSI_Design_Lab/Course_Project/FINAL_TEST2/FINAL_TEST2/FINAL_TEST2.srcs/sources_1/imports/codes/mul_fsm.v" into library xil_defaultlib
INFO: [VRFC 10-311] analyzing module mul_fsm
INFO: [VRFC 10-2263] Analyzing Verilog file "C:/IIT_Bombay_Academics/Semester_2/EE705_VLSI_Design_Lab/Course_Project/FINAL_TEST2/FINAL_TEST2/FINAL_TEST2.srcs/sources_1/new/EX_MA_PR.v" into library xil_defaultlib
INFO: [VRFC 10-311] analyzing module EX_MA_PR
INFO: [VRFC 10-2263] Analyzing Verilog file "C:/IIT_Bombay_Academics/Semester_2/EE705_VLSI_Design_Lab/Course_Project/FINAL_TEST2/FINAL_TEST2/FINAL_TEST2.srcs/sources_1/new/MA_WB_PR.v" into library xil_defaultlib
INFO: [VRFC 10-311] analyzing module MA_WB_PR
INFO: [VRFC 10-2263] Analyzing Verilog file "C:/IIT_Bombay_Academics/Semester_2/EE705_VLSI_Design_Lab/Course_Project/FINAL_TEST2/FINAL_TEST2/FINAL_TEST2.srcs/sources_1/imports/codes/load_extend.v" into library xil_defaultlib
INFO: [VRFC 10-311] analyzing module load_extend
INFO: [VRFC 10-2263] Analyzing Verilog file "C:/IIT_Bombay_Academics/Semester_2/EE705_VLSI_Design_Lab/Course_Project/FINAL_TEST2/FINAL_TEST2/FINAL_TEST2.srcs/sources_1/new/Write_back_Mux.v" into library xil_defaultlib
INFO: [VRFC 10-311] analyzing module Write_back_Mux
INFO: [VRFC 10-2263] Analyzing Verilog file "C:/IIT_Bombay_Academics/Semester_2/EE705_VLSI_Design_Lab/Course_Project/FINAL_TEST2/FINAL_TEST2/FINAL_TEST2.srcs/sources_1/new/combinational.v" into library xil_defaultlib
INFO: [VRFC 10-311] analyzing module combinational
INFO: [VRFC 10-2263] Analyzing Verilog file "C:/IIT_Bombay_Academics/Semester_2/EE705_VLSI_Design_Lab/Course_Project/FINAL_TEST2/FINAL_TEST2/FINAL_TEST2.srcs/sources_1/imports/codes/inst_retire_mux.v" into library xil_defaultlib
INFO: [VRFC 10-311] analyzing module instr_retire_mux
INFO: [VRFC 10-2263] Analyzing Verilog file "C:/IIT_Bombay_Academics/Semester_2/EE705_VLSI_Design_Lab/Course_Project/FINAL_TEST2/FINAL_TEST2/FINAL_TEST2.srcs/sources_1/new/concat_2to1.v" into library xil_defaultlib
INFO: [VRFC 10-311] analyzing module concat_2to1
INFO: [VRFC 10-2263] Analyzing Verilog file "C:/IIT_Bombay_Academics/Semester_2/EE705_VLSI_Design_Lab/Course_Project/FINAL_TEST2/FINAL_TEST2/FINAL_TEST2.srcs/sources_1/new/hazard_unit.v" into library xil_defaultlib
INFO: [VRFC 10-311] analyzing module hazard_unit
INFO: [VRFC 10-2263] Analyzing Verilog file "C:/IIT_Bombay_Academics/Semester_2/EE705_VLSI_Design_Lab/Course_Project/FINAL_TEST2/FINAL_TEST2/FINAL_TEST2.srcs/sources_1/new/ID_EX_PR.v" into library xil_defaultlib
INFO: [VRFC 10-311] analyzing module ID_EX_PR
INFO: [VRFC 10-2263] Analyzing Verilog file "C:/IIT_Bombay_Academics/Semester_2/EE705_VLSI_Design_Lab/Course_Project/FINAL_TEST2/FINAL_TEST2/FINAL_TEST2.srcs/sources_1/imports/new/Booth_PP.v" into library xil_defaultlib
INFO: [VRFC 10-311] analyzing module Booth_PP
INFO: [VRFC 10-2263] Analyzing Verilog file "C:/IIT_Bombay_Academics/Semester_2/EE705_VLSI_Design_Lab/Course_Project/FINAL_TEST2/FINAL_TEST2/FINAL_TEST2.srcs/sources_1/imports/sources_1/imports/new/Dadda_Stage_1.v" into library xil_defaultlib
INFO: [VRFC 10-311] analyzing module Dadda_stage1
INFO: [VRFC 10-2263] Analyzing Verilog file "C:/IIT_Bombay_Academics/Semester_2/EE705_VLSI_Design_Lab/Course_Project/FINAL_TEST2/FINAL_TEST2/FINAL_TEST2.srcs/sources_1/imports/sources_1/imports/new/Dadda_stage_2.v" into library xil_defaultlib
INFO: [VRFC 10-311] analyzing module Dadda_stage2
INFO: [VRFC 10-2263] Analyzing Verilog file "C:/IIT_Bombay_Academics/Semester_2/EE705_VLSI_Design_Lab/Course_Project/FINAL_TEST2/FINAL_TEST2/FINAL_TEST2.srcs/sources_1/imports/sources_1/imports/new/mul_top.v" into library xil_defaultlib
INFO: [VRFC 10-311] analyzing module mul_top
INFO: [VRFC 10-2263] Analyzing Verilog file "C:/IIT_Bombay_Academics/Semester_2/EE705_VLSI_Design_Lab/Course_Project/FINAL_TEST2/FINAL_TEST2/FINAL_TEST2.srcs/sources_1/imports/sources_1/new/ALU_OPER.v" into library xil_defaultlib
INFO: [VRFC 10-311] analyzing module ALU_OPER
INFO: [VRFC 10-2263] Analyzing Verilog file "C:/IIT_Bombay_Academics/Semester_2/EE705_VLSI_Design_Lab/Course_Project/FINAL_TEST2/FINAL_TEST2/FINAL_TEST2.srcs/sources_1/new/IF_ID_PR.v" into library xil_defaultlib
INFO: [VRFC 10-311] analyzing module IF_ID_PR
INFO: [VRFC 10-2263] Analyzing Verilog file "C:/IIT_Bombay_Academics/Semester_2/EE705_VLSI_Design_Lab/Course_Project/FINAL_TEST2/FINAL_TEST2/FINAL_TEST2.srcs/sources_1/new/OR_gate.v" into library xil_defaultlib
INFO: [VRFC 10-311] analyzing module or_gate
INFO: [VRFC 10-2263] Analyzing Verilog file "C:/IIT_Bombay_Academics/Semester_2/EE705_VLSI_Design_Lab/Course_Project/FINAL_TEST2/FINAL_TEST2/FINAL_TEST2.srcs/sources_1/imports/codes/controller.v" into library xil_defaultlib
INFO: [VRFC 10-311] analyzing module controller
INFO: [VRFC 10-2263] Analyzing Verilog file "C:/IIT_Bombay_Academics/Semester_2/EE705_VLSI_Design_Lab/Course_Project/FINAL_TEST2/FINAL_TEST2/FINAL_TEST2.srcs/sources_1/imports/DESIGN LAB/pc.v" into library xil_defaultlib
INFO: [VRFC 10-311] analyzing module pc
INFO: [VRFC 10-2263] Analyzing Verilog file "C:/IIT_Bombay_Academics/Semester_2/EE705_VLSI_Design_Lab/Course_Project/FINAL_TEST2/FINAL_TEST2/FINAL_TEST2.ip_user_files/bd/RiscV_BD/ip/RiscV_BD_Q16_16_Mult_0_0/sim/RiscV_BD_Q16_16_Mult_0_0.v" into library xil_defaultlib
INFO: [VRFC 10-311] analyzing module RiscV_BD_Q16_16_Mult_0_0
INFO: [VRFC 10-2263] Analyzing Verilog file "C:/IIT_Bombay_Academics/Semester_2/EE705_VLSI_Design_Lab/Course_Project/FINAL_TEST2/FINAL_TEST2/FINAL_TEST2.ip_user_files/bd/RiscV_BD/ip/RiscV_BD_register_file_0_0/sim/RiscV_BD_register_file_0_0.v" into library xil_defaultlib
INFO: [VRFC 10-311] analyzing module RiscV_BD_register_file_0_0
INFO: [VRFC 10-2263] Analyzing Verilog file "C:/IIT_Bombay_Academics/Semester_2/EE705_VLSI_Design_Lab/Course_Project/FINAL_TEST2/FINAL_TEST2/FINAL_TEST2.ip_user_files/bd/RiscV_BD/ip/RiscV_BD_imm_extend_0_0/sim/RiscV_BD_imm_extend_0_0.v" into library xil_defaultlib
INFO: [VRFC 10-311] analyzing module RiscV_BD_imm_extend_0_0
INFO: [VRFC 10-2263] Analyzing Verilog file "C:/IIT_Bombay_Academics/Semester_2/EE705_VLSI_Design_Lab/Course_Project/FINAL_TEST2/FINAL_TEST2/FINAL_TEST2.ip_user_files/bd/RiscV_BD/ip/RiscV_BD_csr_0_0/sim/RiscV_BD_csr_0_0.v" into library xil_defaultlib
INFO: [VRFC 10-311] analyzing module RiscV_BD_csr_0_0
INFO: [VRFC 10-2263] Analyzing Verilog file "C:/IIT_Bombay_Academics/Semester_2/EE705_VLSI_Design_Lab/Course_Project/FINAL_TEST2/FINAL_TEST2/FINAL_TEST2.ip_user_files/bd/RiscV_BD/ip/RiscV_BD_alu_fixed_point_mux_0_0/sim/RiscV_BD_alu_fixed_point_mux_0_0.v" into library xil_defaultlib
INFO: [VRFC 10-311] analyzing module RiscV_BD_alu_fixed_point_mux_0_0
INFO: [VRFC 10-2263] Analyzing Verilog file "C:/IIT_Bombay_Academics/Semester_2/EE705_VLSI_Design_Lab/Course_Project/FINAL_TEST2/FINAL_TEST2/FINAL_TEST2.ip_user_files/bd/RiscV_BD/ip/RiscV_BD_csr_mux_0_0/sim/RiscV_BD_csr_mux_0_0.v" into library xil_defaultlib
INFO: [VRFC 10-311] analyzing module RiscV_BD_csr_mux_0_0
INFO: [VRFC 10-2263] Analyzing Verilog file "C:/IIT_Bombay_Academics/Semester_2/EE705_VLSI_Design_Lab/Course_Project/FINAL_TEST2/FINAL_TEST2/FINAL_TEST2.ip_user_files/bd/RiscV_BD/ip/RiscV_BD_forwarding_mux_0_0/sim/RiscV_BD_forwarding_mux_0_0.v" into library xil_defaultlib
INFO: [VRFC 10-311] analyzing module RiscV_BD_forwarding_mux_0_0
INFO: [VRFC 10-2263] Analyzing Verilog file "C:/IIT_Bombay_Academics/Semester_2/EE705_VLSI_Design_Lab/Course_Project/FINAL_TEST2/FINAL_TEST2/FINAL_TEST2.ip_user_files/bd/RiscV_BD/ip/RiscV_BD_alu_muxes_0_2/sim/RiscV_BD_alu_muxes_0_2.v" into library xil_defaultlib
INFO: [VRFC 10-311] analyzing module RiscV_BD_alu_muxes_0_2
INFO: [VRFC 10-2263] Analyzing Verilog file "C:/IIT_Bombay_Academics/Semester_2/EE705_VLSI_Design_Lab/Course_Project/FINAL_TEST2/FINAL_TEST2/FINAL_TEST2.ip_user_files/bd/RiscV_BD/ip/RiscV_BD_branch_fsm_0_0/sim/RiscV_BD_branch_fsm_0_0.v" into library xil_defaultlib
INFO: [VRFC 10-311] analyzing module RiscV_BD_branch_fsm_0_0
INFO: [VRFC 10-2263] Analyzing Verilog file "C:/IIT_Bombay_Academics/Semester_2/EE705_VLSI_Design_Lab/Course_Project/FINAL_TEST2/FINAL_TEST2/FINAL_TEST2.ip_user_files/bd/RiscV_BD/ip/RiscV_BD_mul_fsm_0_0/sim/RiscV_BD_mul_fsm_0_0.v" into library xil_defaultlib
INFO: [VRFC 10-311] analyzing module RiscV_BD_mul_fsm_0_0
INFO: [VRFC 10-2263] Analyzing Verilog file "C:/IIT_Bombay_Academics/Semester_2/EE705_VLSI_Design_Lab/Course_Project/FINAL_TEST2/FINAL_TEST2/FINAL_TEST2.ip_user_files/bd/RiscV_BD/ip/RiscV_BD_EX_MA_PR_0_0/sim/RiscV_BD_EX_MA_PR_0_0.v" into library xil_defaultlib
INFO: [VRFC 10-311] analyzing module RiscV_BD_EX_MA_PR_0_0
INFO: [VRFC 10-2263] Analyzing Verilog file "C:/IIT_Bombay_Academics/Semester_2/EE705_VLSI_Design_Lab/Course_Project/FINAL_TEST2/FINAL_TEST2/FINAL_TEST2.ip_user_files/bd/RiscV_BD/ip/RiscV_BD_MA_WB_PR_0_0/sim/RiscV_BD_MA_WB_PR_0_0.v" into library xil_defaultlib
INFO: [VRFC 10-311] analyzing module RiscV_BD_MA_WB_PR_0_0
INFO: [VRFC 10-2263] Analyzing Verilog file "C:/IIT_Bombay_Academics/Semester_2/EE705_VLSI_Design_Lab/Course_Project/FINAL_TEST2/FINAL_TEST2/FINAL_TEST2.ip_user_files/bd/RiscV_BD/ip/RiscV_BD_load_extend_0_0/sim/RiscV_BD_load_extend_0_0.v" into library xil_defaultlib
INFO: [VRFC 10-311] analyzing module RiscV_BD_load_extend_0_0
INFO: [VRFC 10-2263] Analyzing Verilog file "C:/IIT_Bombay_Academics/Semester_2/EE705_VLSI_Design_Lab/Course_Project/FINAL_TEST2/FINAL_TEST2/FINAL_TEST2.ip_user_files/bd/RiscV_BD/ip/RiscV_BD_Write_back_Mux_0_0/sim/RiscV_BD_Write_back_Mux_0_0.v" into library xil_defaultlib
INFO: [VRFC 10-311] analyzing module RiscV_BD_Write_back_Mux_0_0
INFO: [VRFC 10-2263] Analyzing Verilog file "C:/IIT_Bombay_Academics/Semester_2/EE705_VLSI_Design_Lab/Course_Project/FINAL_TEST2/FINAL_TEST2/FINAL_TEST2.ip_user_files/bd/RiscV_BD/ip/RiscV_BD_combinational_0_0/sim/RiscV_BD_combinational_0_0.v" into library xil_defaultlib
INFO: [VRFC 10-311] analyzing module RiscV_BD_combinational_0_0
INFO: [VRFC 10-2263] Analyzing Verilog file "C:/IIT_Bombay_Academics/Semester_2/EE705_VLSI_Design_Lab/Course_Project/FINAL_TEST2/FINAL_TEST2/FINAL_TEST2.ip_user_files/bd/RiscV_BD/ip/RiscV_BD_instr_retire_mux_0_0/sim/RiscV_BD_instr_retire_mux_0_0.v" into library xil_defaultlib
INFO: [VRFC 10-311] analyzing module RiscV_BD_instr_retire_mux_0_0
INFO: [VRFC 10-2263] Analyzing Verilog file "C:/IIT_Bombay_Academics/Semester_2/EE705_VLSI_Design_Lab/Course_Project/FINAL_TEST2/FINAL_TEST2/FINAL_TEST2.ip_user_files/bd/RiscV_BD/ip/RiscV_BD_concat_2to1_0_0/sim/RiscV_BD_concat_2to1_0_0.v" into library xil_defaultlib
INFO: [VRFC 10-311] analyzing module RiscV_BD_concat_2to1_0_0
INFO: [VRFC 10-2263] Analyzing Verilog file "C:/IIT_Bombay_Academics/Semester_2/EE705_VLSI_Design_Lab/Course_Project/FINAL_TEST2/FINAL_TEST2/FINAL_TEST2.ip_user_files/bd/RiscV_BD/ip/RiscV_BD_concat_2to1_1_0/sim/RiscV_BD_concat_2to1_1_0.v" into library xil_defaultlib
INFO: [VRFC 10-311] analyzing module RiscV_BD_concat_2to1_1_0
INFO: [VRFC 10-2263] Analyzing Verilog file "C:/IIT_Bombay_Academics/Semester_2/EE705_VLSI_Design_Lab/Course_Project/FINAL_TEST2/FINAL_TEST2/FINAL_TEST2.ip_user_files/bd/RiscV_BD/ip/RiscV_BD_hazard_unit_0_0/sim/RiscV_BD_hazard_unit_0_0.v" into library xil_defaultlib
INFO: [VRFC 10-311] analyzing module RiscV_BD_hazard_unit_0_0
INFO: [VRFC 10-2263] Analyzing Verilog file "C:/IIT_Bombay_Academics/Semester_2/EE705_VLSI_Design_Lab/Course_Project/FINAL_TEST2/FINAL_TEST2/FINAL_TEST2.ip_user_files/bd/RiscV_BD/ip/RiscV_BD_concat_2to1_2_0/sim/RiscV_BD_concat_2to1_2_0.v" into library xil_defaultlib
INFO: [VRFC 10-311] analyzing module RiscV_BD_concat_2to1_2_0
INFO: [VRFC 10-2263] Analyzing Verilog file "C:/IIT_Bombay_Academics/Semester_2/EE705_VLSI_Design_Lab/Course_Project/FINAL_TEST2/FINAL_TEST2/FINAL_TEST2.ip_user_files/bd/RiscV_BD/ip/RiscV_BD_ID_EX_PR_0_0/sim/RiscV_BD_ID_EX_PR_0_0.v" into library xil_defaultlib
INFO: [VRFC 10-311] analyzing module RiscV_BD_ID_EX_PR_0_0
INFO: [VRFC 10-2263] Analyzing Verilog file "C:/IIT_Bombay_Academics/Semester_2/EE705_VLSI_Design_Lab/Course_Project/FINAL_TEST2/FINAL_TEST2/FINAL_TEST2.ip_user_files/bd/RiscV_BD/ip/RiscV_BD_ALU_OPER_0_0/sim/RiscV_BD_ALU_OPER_0_0.v" into library xil_defaultlib
INFO: [VRFC 10-311] analyzing module RiscV_BD_ALU_OPER_0_0
INFO: [VRFC 10-2263] Analyzing Verilog file "C:/IIT_Bombay_Academics/Semester_2/EE705_VLSI_Design_Lab/Course_Project/FINAL_TEST2/FINAL_TEST2/FINAL_TEST2.ip_user_files/bd/RiscV_BD/ip/RiscV_BD_IF_ID_PR_0_0/sim/RiscV_BD_IF_ID_PR_0_0.v" into library xil_defaultlib
INFO: [VRFC 10-311] analyzing module RiscV_BD_IF_ID_PR_0_0
INFO: [VRFC 10-2263] Analyzing Verilog file "C:/IIT_Bombay_Academics/Semester_2/EE705_VLSI_Design_Lab/Course_Project/FINAL_TEST2/FINAL_TEST2/FINAL_TEST2.ip_user_files/bd/RiscV_BD/ip/RiscV_BD_or_gate_1_0/sim/RiscV_BD_or_gate_1_0.v" into library xil_defaultlib
INFO: [VRFC 10-311] analyzing module RiscV_BD_or_gate_1_0
INFO: [VRFC 10-2263] Analyzing Verilog file "C:/IIT_Bombay_Academics/Semester_2/EE705_VLSI_Design_Lab/Course_Project/FINAL_TEST2/FINAL_TEST2/FINAL_TEST2.ip_user_files/bd/RiscV_BD/ip/RiscV_BD_controller_0_0/sim/RiscV_BD_controller_0_0.v" into library xil_defaultlib
INFO: [VRFC 10-311] analyzing module RiscV_BD_controller_0_0
INFO: [VRFC 10-2263] Analyzing Verilog file "C:/IIT_Bombay_Academics/Semester_2/EE705_VLSI_Design_Lab/Course_Project/FINAL_TEST2/FINAL_TEST2/FINAL_TEST2.ip_user_files/bd/RiscV_BD/ip/RiscV_BD_pc_0_0/sim/RiscV_BD_pc_0_0.v" into library xil_defaultlib
INFO: [VRFC 10-311] analyzing module RiscV_BD_pc_0_0
INFO: [VRFC 10-2263] Analyzing Verilog file "C:/IIT_Bombay_Academics/Semester_2/EE705_VLSI_Design_Lab/Course_Project/FINAL_TEST2/FINAL_TEST2/FINAL_TEST2.ip_user_files/bd/RiscV_BD/ip/RiscV_BD_instr_mem_0_0/sim/RiscV_BD_instr_mem_0_0.v" into library xil_defaultlib
INFO: [VRFC 10-311] analyzing module RiscV_BD_instr_mem_0_0
INFO: [VRFC 10-2263] Analyzing Verilog file "C:/IIT_Bombay_Academics/Semester_2/EE705_VLSI_Design_Lab/Course_Project/FINAL_TEST2/FINAL_TEST2/FINAL_TEST2.ip_user_files/bd/RiscV_BD/ip/RiscV_BD_data_mem_0_0/sim/RiscV_BD_data_mem_0_0.v" into library xil_defaultlib
INFO: [VRFC 10-311] analyzing module RiscV_BD_data_mem_0_0
INFO: [VRFC 10-2263] Analyzing Verilog file "C:/IIT_Bombay_Academics/Semester_2/EE705_VLSI_Design_Lab/Course_Project/FINAL_TEST2/FINAL_TEST2/FINAL_TEST2.ip_user_files/bd/RiscV_BD/sim/RiscV_BD.v" into library xil_defaultlib
INFO: [VRFC 10-311] analyzing module RiscV_BD
INFO: [VRFC 10-2263] Analyzing Verilog file "C:/IIT_Bombay_Academics/Semester_2/EE705_VLSI_Design_Lab/Course_Project/FINAL_TEST2/FINAL_TEST2/FINAL_TEST2.gen/sources_1/bd/RiscV_BD/hdl/RiscV_BD_wrapper.v" into library xil_defaultlib
INFO: [VRFC 10-311] analyzing module RiscV_BD_wrapper
INFO: [VRFC 10-2263] Analyzing Verilog file "C:/IIT_Bombay_Academics/Semester_2/EE705_VLSI_Design_Lab/Course_Project/FINAL_TEST2/FINAL_TEST2/FINAL_TEST2.srcs/sim_1/new/RiscV_BD_wrapper_tb.v" into library xil_defaultlib
INFO: [VRFC 10-311] analyzing module RiscV_BD_wrapper_tb
"xvhdl --incr --relax -prj RiscV_BD_wrapper_tb_vhdl.prj"
INFO: [VRFC 10-163] Analyzing VHDL file "C:/IIT_Bombay_Academics/Semester_2/EE705_VLSI_Design_Lab/Course_Project/FINAL_TEST2/FINAL_TEST2/FINAL_TEST2.srcs/sources_1/new/instr_mem.vhd" into library xil_defaultlib
INFO: [VRFC 10-3107] analyzing entity 'instr_mem'
INFO: [VRFC 10-163] Analyzing VHDL file "C:/IIT_Bombay_Academics/Semester_2/EE705_VLSI_Design_Lab/Course_Project/FINAL_TEST2/FINAL_TEST2/FINAL_TEST2.srcs/sources_1/new/data_mem.vhd" into library xil_defaultlib
INFO: [VRFC 10-3107] analyzing entity 'data_mem'
run_program: Time (s): cpu = 00:00:00 ; elapsed = 00:00:14 . Memory (MB): peak = 1612.637 ; gain = 0.000
INFO: [USF-XSim-69] 'compile' step finished in '14' seconds
INFO: [USF-XSim-3] XSim::Elaborate design
INFO: [USF-XSim-61] Executing 'ELABORATE' step in 'C:/IIT_Bombay_Academics/Semester_2/EE705_VLSI_Design_Lab/Course_Project/FINAL_TEST2/FINAL_TEST2/FINAL_TEST2.sim/sim_1/behav/xsim'
"xelab -wto 825d914d5bae4902b22375897d789401 --incr --debug typical --relax --mt 2 -L xil_defaultlib -L unisims_ver -L unimacro_ver -L secureip -L xpm --snapshot RiscV_BD_wrapper_tb_behav xil_defaultlib.RiscV_BD_wrapper_tb xil_defaultlib.glbl -log elaborate.log"
Vivado Simulator 2020.2
Copyright 1986-1999, 2001-2020 Xilinx, Inc. All Rights Reserved.
Running: C:/Xilinx/Vivado/2020.2/bin/unwrapped/win64.o/xelab.exe -wto 825d914d5bae4902b22375897d789401 --incr --debug typical --relax --mt 2 -L xil_defaultlib -L unisims_ver -L unimacro_ver -L secureip -L xpm --snapshot RiscV_BD_wrapper_tb_behav xil_defaultlib.RiscV_BD_wrapper_tb xil_defaultlib.glbl -log elaborate.log 
Using 2 slave threads.
Starting static elaboration
Pass Through NonSizing Optimizer
Completed static elaboration
Starting simulation data flow analysis
Completed simulation data flow analysis
Time Resolution for simulation is 1ps
Compiling package std.standard
Compiling package std.textio
Compiling package ieee.std_logic_1164
Compiling package ieee.numeric_std
Compiling module xil_defaultlib.Booth_PP
Compiling module xil_defaultlib.Dadda_stage1
Compiling module xil_defaultlib.Dadda_stage2
Compiling module xil_defaultlib.mul_top
Compiling module xil_defaultlib.ALU_OPER
Compiling module xil_defaultlib.RiscV_BD_ALU_OPER_0_0
Compiling module xil_defaultlib.EX_MA_PR
Compiling module xil_defaultlib.RiscV_BD_EX_MA_PR_0_0
Compiling module xil_defaultlib.ID_EX_PR
Compiling module xil_defaultlib.RiscV_BD_ID_EX_PR_0_0
Compiling module xil_defaultlib.IF_ID_PR
Compiling module xil_defaultlib.RiscV_BD_IF_ID_PR_0_0
Compiling module xil_defaultlib.MA_WB_PR
Compiling module xil_defaultlib.RiscV_BD_MA_WB_PR_0_0
Compiling module xil_defaultlib.Booth_PP_FM
Compiling module xil_defaultlib.Dadda_tree
Compiling module xil_defaultlib.Q16_16_Mult
Compiling module xil_defaultlib.RiscV_BD_Q16_16_Mult_0_0
Compiling module xil_defaultlib.Write_back_Mux
Compiling module xil_defaultlib.RiscV_BD_Write_back_Mux_0_0
Compiling module xil_defaultlib.alu_fixed_point_mux
Compiling module xil_defaultlib.RiscV_BD_alu_fixed_point_mux_0_0
Compiling module xil_defaultlib.alu_muxes
Compiling module xil_defaultlib.RiscV_BD_alu_muxes_0_2
Compiling module xil_defaultlib.branch_fsm
Compiling module xil_defaultlib.RiscV_BD_branch_fsm_0_0
Compiling module xil_defaultlib.combinational
Compiling module xil_defaultlib.RiscV_BD_combinational_0_0
Compiling module xil_defaultlib.concat_2to1
Compiling module xil_defaultlib.RiscV_BD_concat_2to1_0_0
Compiling module xil_defaultlib.RiscV_BD_concat_2to1_1_0
Compiling module xil_defaultlib.RiscV_BD_concat_2to1_2_0
Compiling module xil_defaultlib.controller
Compiling module xil_defaultlib.RiscV_BD_controller_0_0
Compiling module xil_defaultlib.csr
Compiling module xil_defaultlib.RiscV_BD_csr_0_0
Compiling module xil_defaultlib.csr_mux
Compiling module xil_defaultlib.RiscV_BD_csr_mux_0_0
Compiling architecture dmem_arch of entity xil_defaultlib.data_mem [data_mem_default]
Compiling module xil_defaultlib.RiscV_BD_data_mem_0_0
Compiling module xil_defaultlib.forwarding_mux
Compiling module xil_defaultlib.RiscV_BD_forwarding_mux_0_0
Compiling module xil_defaultlib.hazard_unit
Compiling module xil_defaultlib.RiscV_BD_hazard_unit_0_0
Compiling module xil_defaultlib.imm_extend
Compiling module xil_defaultlib.RiscV_BD_imm_extend_0_0
Compiling architecture mem_arch of entity xil_defaultlib.instr_mem [instr_mem_default]
Compiling module xil_defaultlib.RiscV_BD_instr_mem_0_0
Compiling module xil_defaultlib.instr_retire_mux
Compiling module xil_defaultlib.RiscV_BD_instr_retire_mux_0_0
Compiling module xil_defaultlib.load_extend
Compiling module xil_defaultlib.RiscV_BD_load_extend_0_0
Compiling module xil_defaultlib.mul_fsm
Compiling module xil_defaultlib.RiscV_BD_mul_fsm_0_0
Compiling module xil_defaultlib.or_gate
Compiling module xil_defaultlib.RiscV_BD_or_gate_1_0
Compiling module xil_defaultlib.pc
Compiling module xil_defaultlib.RiscV_BD_pc_0_0
Compiling module xil_defaultlib.register_file
Compiling module xil_defaultlib.RiscV_BD_register_file_0_0
Compiling module xil_defaultlib.RiscV_BD
Compiling module xil_defaultlib.RiscV_BD_wrapper
Compiling module xil_defaultlib.RiscV_BD_wrapper_tb
Compiling module xil_defaultlib.glbl
Built simulation snapshot RiscV_BD_wrapper_tb_behav
INFO: [USF-XSim-69] 'elaborate' step finished in '5' seconds
INFO: [USF-XSim-4] XSim::Simulate design
INFO: [USF-XSim-61] Executing 'SIMULATE' step in 'C:/IIT_Bombay_Academics/Semester_2/EE705_VLSI_Design_Lab/Course_Project/FINAL_TEST2/FINAL_TEST2/FINAL_TEST2.sim/sim_1/behav/xsim'
INFO: [USF-XSim-98] *** Running xsim
   with args "RiscV_BD_wrapper_tb_behav -key {Behavioral:sim_1:Functional:RiscV_BD_wrapper_tb} -tclbatch {RiscV_BD_wrapper_tb.tcl} -protoinst "protoinst_files/RiscV_BD.protoinst" -view {C:/IIT_Bombay_Academics/Semester_2/EE705_VLSI_Design_Lab/Course_Project/FINAL_TEST2/FINAL_TEST2/FINAL_TEST2.srcs/sim_1/imports/VLSI_RISC_V_IM/RiscV_BD_wrapper_tb_behav.wcfg} -log {simulate.log}"
INFO: [USF-XSim-8] Loading simulator feature
Vivado Simulator 2020.2
INFO: [Wavedata 42-565] Reading protoinst file protoinst_files/RiscV_BD.protoinst
Time resolution is 1 ps
open_wave_config C:/IIT_Bombay_Academics/Semester_2/EE705_VLSI_Design_Lab/Course_Project/FINAL_TEST2/FINAL_TEST2/FINAL_TEST2.srcs/sim_1/imports/VLSI_RISC_V_IM/RiscV_BD_wrapper_tb_behav.wcfg
WARNING: Simulation object /RiscV_BD_wrapper_tb/uut/RiscV_BD_i/pc_0/pc_p was not found in the design.
WARNING: Simulation object /RiscV_BD_wrapper_tb/uut/RiscV_BD_i/blk_mem_gen_0/clka was not found in the design.
WARNING: Simulation object /RiscV_BD_wrapper_tb/uut/RiscV_BD_i/blk_mem_gen_0/addra was not found in the design.
WARNING: Simulation object /RiscV_BD_wrapper_tb/uut/RiscV_BD_i/blk_mem_gen_0/douta was not found in the design.
open_wave_config: Time (s): cpu = 00:00:06 ; elapsed = 00:00:11 . Memory (MB): peak = 1612.637 ; gain = 0.000
source RiscV_BD_wrapper_tb.tcl
# set curr_wave [current_wave_config]
# if { [string length $curr_wave] == 0 } {
#   if { [llength [get_objects]] > 0} {
#     add_wave /
#     set_property needs_save false [current_wave_config]
#   } else {
#      send_msg_id Add_Wave-1 WARNING "No top level signals found. Simulator will start without a wave window. If you want to open a wave window go to 'File->New Waveform Configuration' or type 'create_wave_config' in the TCL console."
#   }
# }
# run 1000ns
Simulation complete.
$finish called at time : 2007 ps : File "C:/IIT_Bombay_Academics/Semester_2/EE705_VLSI_Design_Lab/Course_Project/FINAL_TEST2/FINAL_TEST2/FINAL_TEST2.srcs/sim_1/new/RiscV_BD_wrapper_tb.v" Line 34
xsim: Time (s): cpu = 00:00:09 ; elapsed = 00:00:15 . Memory (MB): peak = 1616.434 ; gain = 3.797
INFO: [USF-XSim-96] XSim completed. Design snapshot 'RiscV_BD_wrapper_tb_behav' loaded.
INFO: [USF-XSim-97] XSim simulation ran for 1000ns
launch_simulation: Time (s): cpu = 00:00:11 ; elapsed = 00:00:42 . Memory (MB): peak = 1616.434 ; gain = 3.797
relaunch_sim
Command: launch_simulation -simset sim_1 -mode behavioral
INFO: [Vivado 12-5682] Launching behavioral simulation in 'C:/IIT_Bombay_Academics/Semester_2/EE705_VLSI_Design_Lab/Course_Project/FINAL_TEST2/FINAL_TEST2/FINAL_TEST2.sim/sim_1/behav/xsim'
INFO: [Vivado 12-4795] Using compiled simulation libraries for IPs
INFO: [SIM-utils-51] Simulation object is 'sim_1'
INFO: [USF-XSim-7] Finding pre-compiled libraries...
INFO: [USF-XSim-11] File 'C:/Xilinx/Vivado/2020.2/data/xsim/xsim.ini' copied to run dir:'C:/IIT_Bombay_Academics/Semester_2/EE705_VLSI_Design_Lab/Course_Project/FINAL_TEST2/FINAL_TEST2/FINAL_TEST2.sim/sim_1/behav/xsim'
INFO: [SIM-utils-54] Inspecting design source files for 'RiscV_BD_wrapper_tb' in fileset 'sim_1'...
INFO: [SIM-utils-43] Exported 'C:/IIT_Bombay_Academics/Semester_2/EE705_VLSI_Design_Lab/Course_Project/FINAL_TEST2/FINAL_TEST2/FINAL_TEST2.sim/sim_1/behav/xsim/instruction_memory.coe'
INFO: [SIM-utils-43] Exported 'C:/IIT_Bombay_Academics/Semester_2/EE705_VLSI_Design_Lab/Course_Project/FINAL_TEST2/FINAL_TEST2/FINAL_TEST2.sim/sim_1/behav/xsim/data_memory.coe'
INFO: [SIM-utils-43] Exported 'C:/IIT_Bombay_Academics/Semester_2/EE705_VLSI_Design_Lab/Course_Project/FINAL_TEST2/FINAL_TEST2/FINAL_TEST2.sim/sim_1/behav/xsim/instruction_memory.coe'
INFO: [SIM-utils-43] Exported 'C:/IIT_Bombay_Academics/Semester_2/EE705_VLSI_Design_Lab/Course_Project/FINAL_TEST2/FINAL_TEST2/FINAL_TEST2.sim/sim_1/behav/xsim/instruction_memory.coe'
INFO: [SIM-utils-43] Exported 'C:/IIT_Bombay_Academics/Semester_2/EE705_VLSI_Design_Lab/Course_Project/FINAL_TEST2/FINAL_TEST2/FINAL_TEST2.sim/sim_1/behav/xsim/data_memory.coe'
INFO: [USF-XSim-97] Finding global include files...
INFO: [USF-XSim-98] Fetching design files from 'sim_1'...
INFO: [USF-XSim-2] XSim::Compile design
INFO: [USF-XSim-61] Executing 'COMPILE and ANALYZE' step in 'C:/IIT_Bombay_Academics/Semester_2/EE705_VLSI_Design_Lab/Course_Project/FINAL_TEST2/FINAL_TEST2/FINAL_TEST2.sim/sim_1/behav/xsim'
"xvlog --incr --relax -prj RiscV_BD_wrapper_tb_vlog.prj"
INFO: [VRFC 10-2263] Analyzing Verilog file "C:/IIT_Bombay_Academics/Semester_2/EE705_VLSI_Design_Lab/Course_Project/FINAL_TEST2/FINAL_TEST2/FINAL_TEST2.srcs/sources_1/imports/sources_1/imports/new/Booth_PP.v" into library xil_defaultlib
INFO: [VRFC 10-311] analyzing module Booth_PP_FM
INFO: [VRFC 10-2263] Analyzing Verilog file "C:/IIT_Bombay_Academics/Semester_2/EE705_VLSI_Design_Lab/Course_Project/FINAL_TEST2/FINAL_TEST2/FINAL_TEST2.srcs/sources_1/imports/new/Dadda_tree.v" into library xil_defaultlib
INFO: [VRFC 10-311] analyzing module Dadda_tree
INFO: [VRFC 10-2263] Analyzing Verilog file "C:/IIT_Bombay_Academics/Semester_2/EE705_VLSI_Design_Lab/Course_Project/FINAL_TEST2/FINAL_TEST2/FINAL_TEST2.srcs/sources_1/imports/new/Q16_16.v" into library xil_defaultlib
INFO: [VRFC 10-311] analyzing module Q16_16_Mult
INFO: [VRFC 10-2263] Analyzing Verilog file "C:/IIT_Bombay_Academics/Semester_2/EE705_VLSI_Design_Lab/Course_Project/FINAL_TEST2/FINAL_TEST2/FINAL_TEST2.srcs/sources_1/imports/COURSE PRPJECT/Decode/reg_file.v" into library xil_defaultlib
INFO: [VRFC 10-311] analyzing module register_file
INFO: [VRFC 10-2263] Analyzing Verilog file "C:/IIT_Bombay_Academics/Semester_2/EE705_VLSI_Design_Lab/Course_Project/FINAL_TEST2/FINAL_TEST2/FINAL_TEST2.srcs/sources_1/imports/COURSE PRPJECT/Decode/imm_extend.v" into library xil_defaultlib
INFO: [VRFC 10-311] analyzing module imm_extend
INFO: [VRFC 10-2263] Analyzing Verilog file "C:/IIT_Bombay_Academics/Semester_2/EE705_VLSI_Design_Lab/Course_Project/FINAL_TEST2/FINAL_TEST2/FINAL_TEST2.srcs/sources_1/imports/codes/min_csr.v" into library xil_defaultlib
INFO: [VRFC 10-311] analyzing module csr
INFO: [VRFC 10-2263] Analyzing Verilog file "C:/IIT_Bombay_Academics/Semester_2/EE705_VLSI_Design_Lab/Course_Project/FINAL_TEST2/FINAL_TEST2/FINAL_TEST2.srcs/sources_1/imports/codes/alu_fixed_point_mux.v" into library xil_defaultlib
INFO: [VRFC 10-311] analyzing module alu_fixed_point_mux
INFO: [VRFC 10-2263] Analyzing Verilog file "C:/IIT_Bombay_Academics/Semester_2/EE705_VLSI_Design_Lab/Course_Project/FINAL_TEST2/FINAL_TEST2/FINAL_TEST2.srcs/sources_1/imports/codes/csr_mux.v" into library xil_defaultlib
INFO: [VRFC 10-311] analyzing module csr_mux
INFO: [VRFC 10-2263] Analyzing Verilog file "C:/IIT_Bombay_Academics/Semester_2/EE705_VLSI_Design_Lab/Course_Project/FINAL_TEST2/FINAL_TEST2/FINAL_TEST2.srcs/sources_1/imports/codes/forwarding_mux.v" into library xil_defaultlib
INFO: [VRFC 10-311] analyzing module forwarding_mux
INFO: [VRFC 10-2263] Analyzing Verilog file "C:/IIT_Bombay_Academics/Semester_2/EE705_VLSI_Design_Lab/Course_Project/FINAL_TEST2/FINAL_TEST2/FINAL_TEST2.srcs/sources_1/imports/codes/alu_muxes.v" into library xil_defaultlib
INFO: [VRFC 10-311] analyzing module alu_muxes
INFO: [VRFC 10-2263] Analyzing Verilog file "C:/IIT_Bombay_Academics/Semester_2/EE705_VLSI_Design_Lab/Course_Project/FINAL_TEST2/FINAL_TEST2/FINAL_TEST2.srcs/sources_1/imports/codes/branch_fsm.v" into library xil_defaultlib
INFO: [VRFC 10-311] analyzing module branch_fsm
INFO: [VRFC 10-2263] Analyzing Verilog file "C:/IIT_Bombay_Academics/Semester_2/EE705_VLSI_Design_Lab/Course_Project/FINAL_TEST2/FINAL_TEST2/FINAL_TEST2.srcs/sources_1/imports/codes/mul_fsm.v" into library xil_defaultlib
INFO: [VRFC 10-311] analyzing module mul_fsm
INFO: [VRFC 10-2263] Analyzing Verilog file "C:/IIT_Bombay_Academics/Semester_2/EE705_VLSI_Design_Lab/Course_Project/FINAL_TEST2/FINAL_TEST2/FINAL_TEST2.srcs/sources_1/new/EX_MA_PR.v" into library xil_defaultlib
INFO: [VRFC 10-311] analyzing module EX_MA_PR
INFO: [VRFC 10-2263] Analyzing Verilog file "C:/IIT_Bombay_Academics/Semester_2/EE705_VLSI_Design_Lab/Course_Project/FINAL_TEST2/FINAL_TEST2/FINAL_TEST2.srcs/sources_1/new/MA_WB_PR.v" into library xil_defaultlib
INFO: [VRFC 10-311] analyzing module MA_WB_PR
INFO: [VRFC 10-2263] Analyzing Verilog file "C:/IIT_Bombay_Academics/Semester_2/EE705_VLSI_Design_Lab/Course_Project/FINAL_TEST2/FINAL_TEST2/FINAL_TEST2.srcs/sources_1/imports/codes/load_extend.v" into library xil_defaultlib
INFO: [VRFC 10-311] analyzing module load_extend
INFO: [VRFC 10-2263] Analyzing Verilog file "C:/IIT_Bombay_Academics/Semester_2/EE705_VLSI_Design_Lab/Course_Project/FINAL_TEST2/FINAL_TEST2/FINAL_TEST2.srcs/sources_1/new/Write_back_Mux.v" into library xil_defaultlib
INFO: [VRFC 10-311] analyzing module Write_back_Mux
INFO: [VRFC 10-2263] Analyzing Verilog file "C:/IIT_Bombay_Academics/Semester_2/EE705_VLSI_Design_Lab/Course_Project/FINAL_TEST2/FINAL_TEST2/FINAL_TEST2.srcs/sources_1/new/combinational.v" into library xil_defaultlib
INFO: [VRFC 10-311] analyzing module combinational
INFO: [VRFC 10-2263] Analyzing Verilog file "C:/IIT_Bombay_Academics/Semester_2/EE705_VLSI_Design_Lab/Course_Project/FINAL_TEST2/FINAL_TEST2/FINAL_TEST2.srcs/sources_1/imports/codes/inst_retire_mux.v" into library xil_defaultlib
INFO: [VRFC 10-311] analyzing module instr_retire_mux
INFO: [VRFC 10-2263] Analyzing Verilog file "C:/IIT_Bombay_Academics/Semester_2/EE705_VLSI_Design_Lab/Course_Project/FINAL_TEST2/FINAL_TEST2/FINAL_TEST2.srcs/sources_1/new/concat_2to1.v" into library xil_defaultlib
INFO: [VRFC 10-311] analyzing module concat_2to1
INFO: [VRFC 10-2263] Analyzing Verilog file "C:/IIT_Bombay_Academics/Semester_2/EE705_VLSI_Design_Lab/Course_Project/FINAL_TEST2/FINAL_TEST2/FINAL_TEST2.srcs/sources_1/new/hazard_unit.v" into library xil_defaultlib
INFO: [VRFC 10-311] analyzing module hazard_unit
INFO: [VRFC 10-2263] Analyzing Verilog file "C:/IIT_Bombay_Academics/Semester_2/EE705_VLSI_Design_Lab/Course_Project/FINAL_TEST2/FINAL_TEST2/FINAL_TEST2.srcs/sources_1/new/ID_EX_PR.v" into library xil_defaultlib
INFO: [VRFC 10-311] analyzing module ID_EX_PR
INFO: [VRFC 10-2263] Analyzing Verilog file "C:/IIT_Bombay_Academics/Semester_2/EE705_VLSI_Design_Lab/Course_Project/FINAL_TEST2/FINAL_TEST2/FINAL_TEST2.srcs/sources_1/imports/new/Booth_PP.v" into library xil_defaultlib
INFO: [VRFC 10-311] analyzing module Booth_PP
INFO: [VRFC 10-2263] Analyzing Verilog file "C:/IIT_Bombay_Academics/Semester_2/EE705_VLSI_Design_Lab/Course_Project/FINAL_TEST2/FINAL_TEST2/FINAL_TEST2.srcs/sources_1/imports/sources_1/imports/new/Dadda_Stage_1.v" into library xil_defaultlib
INFO: [VRFC 10-311] analyzing module Dadda_stage1
INFO: [VRFC 10-2263] Analyzing Verilog file "C:/IIT_Bombay_Academics/Semester_2/EE705_VLSI_Design_Lab/Course_Project/FINAL_TEST2/FINAL_TEST2/FINAL_TEST2.srcs/sources_1/imports/sources_1/imports/new/Dadda_stage_2.v" into library xil_defaultlib
INFO: [VRFC 10-311] analyzing module Dadda_stage2
INFO: [VRFC 10-2263] Analyzing Verilog file "C:/IIT_Bombay_Academics/Semester_2/EE705_VLSI_Design_Lab/Course_Project/FINAL_TEST2/FINAL_TEST2/FINAL_TEST2.srcs/sources_1/imports/sources_1/imports/new/mul_top.v" into library xil_defaultlib
INFO: [VRFC 10-311] analyzing module mul_top
INFO: [VRFC 10-2263] Analyzing Verilog file "C:/IIT_Bombay_Academics/Semester_2/EE705_VLSI_Design_Lab/Course_Project/FINAL_TEST2/FINAL_TEST2/FINAL_TEST2.srcs/sources_1/imports/sources_1/new/ALU_OPER.v" into library xil_defaultlib
INFO: [VRFC 10-311] analyzing module ALU_OPER
INFO: [VRFC 10-2263] Analyzing Verilog file "C:/IIT_Bombay_Academics/Semester_2/EE705_VLSI_Design_Lab/Course_Project/FINAL_TEST2/FINAL_TEST2/FINAL_TEST2.srcs/sources_1/new/IF_ID_PR.v" into library xil_defaultlib
INFO: [VRFC 10-311] analyzing module IF_ID_PR
INFO: [VRFC 10-2263] Analyzing Verilog file "C:/IIT_Bombay_Academics/Semester_2/EE705_VLSI_Design_Lab/Course_Project/FINAL_TEST2/FINAL_TEST2/FINAL_TEST2.srcs/sources_1/new/OR_gate.v" into library xil_defaultlib
INFO: [VRFC 10-311] analyzing module or_gate
INFO: [VRFC 10-2263] Analyzing Verilog file "C:/IIT_Bombay_Academics/Semester_2/EE705_VLSI_Design_Lab/Course_Project/FINAL_TEST2/FINAL_TEST2/FINAL_TEST2.srcs/sources_1/imports/codes/controller.v" into library xil_defaultlib
INFO: [VRFC 10-311] analyzing module controller
INFO: [VRFC 10-2263] Analyzing Verilog file "C:/IIT_Bombay_Academics/Semester_2/EE705_VLSI_Design_Lab/Course_Project/FINAL_TEST2/FINAL_TEST2/FINAL_TEST2.srcs/sources_1/imports/DESIGN LAB/pc.v" into library xil_defaultlib
INFO: [VRFC 10-311] analyzing module pc
INFO: [VRFC 10-2263] Analyzing Verilog file "C:/IIT_Bombay_Academics/Semester_2/EE705_VLSI_Design_Lab/Course_Project/FINAL_TEST2/FINAL_TEST2/FINAL_TEST2.ip_user_files/bd/RiscV_BD/ip/RiscV_BD_Q16_16_Mult_0_0/sim/RiscV_BD_Q16_16_Mult_0_0.v" into library xil_defaultlib
INFO: [VRFC 10-311] analyzing module RiscV_BD_Q16_16_Mult_0_0
INFO: [VRFC 10-2263] Analyzing Verilog file "C:/IIT_Bombay_Academics/Semester_2/EE705_VLSI_Design_Lab/Course_Project/FINAL_TEST2/FINAL_TEST2/FINAL_TEST2.ip_user_files/bd/RiscV_BD/ip/RiscV_BD_register_file_0_0/sim/RiscV_BD_register_file_0_0.v" into library xil_defaultlib
INFO: [VRFC 10-311] analyzing module RiscV_BD_register_file_0_0
INFO: [VRFC 10-2263] Analyzing Verilog file "C:/IIT_Bombay_Academics/Semester_2/EE705_VLSI_Design_Lab/Course_Project/FINAL_TEST2/FINAL_TEST2/FINAL_TEST2.ip_user_files/bd/RiscV_BD/ip/RiscV_BD_imm_extend_0_0/sim/RiscV_BD_imm_extend_0_0.v" into library xil_defaultlib
INFO: [VRFC 10-311] analyzing module RiscV_BD_imm_extend_0_0
INFO: [VRFC 10-2263] Analyzing Verilog file "C:/IIT_Bombay_Academics/Semester_2/EE705_VLSI_Design_Lab/Course_Project/FINAL_TEST2/FINAL_TEST2/FINAL_TEST2.ip_user_files/bd/RiscV_BD/ip/RiscV_BD_csr_0_0/sim/RiscV_BD_csr_0_0.v" into library xil_defaultlib
INFO: [VRFC 10-311] analyzing module RiscV_BD_csr_0_0
INFO: [VRFC 10-2263] Analyzing Verilog file "C:/IIT_Bombay_Academics/Semester_2/EE705_VLSI_Design_Lab/Course_Project/FINAL_TEST2/FINAL_TEST2/FINAL_TEST2.ip_user_files/bd/RiscV_BD/ip/RiscV_BD_alu_fixed_point_mux_0_0/sim/RiscV_BD_alu_fixed_point_mux_0_0.v" into library xil_defaultlib
INFO: [VRFC 10-311] analyzing module RiscV_BD_alu_fixed_point_mux_0_0
INFO: [VRFC 10-2263] Analyzing Verilog file "C:/IIT_Bombay_Academics/Semester_2/EE705_VLSI_Design_Lab/Course_Project/FINAL_TEST2/FINAL_TEST2/FINAL_TEST2.ip_user_files/bd/RiscV_BD/ip/RiscV_BD_csr_mux_0_0/sim/RiscV_BD_csr_mux_0_0.v" into library xil_defaultlib
INFO: [VRFC 10-311] analyzing module RiscV_BD_csr_mux_0_0
INFO: [VRFC 10-2263] Analyzing Verilog file "C:/IIT_Bombay_Academics/Semester_2/EE705_VLSI_Design_Lab/Course_Project/FINAL_TEST2/FINAL_TEST2/FINAL_TEST2.ip_user_files/bd/RiscV_BD/ip/RiscV_BD_forwarding_mux_0_0/sim/RiscV_BD_forwarding_mux_0_0.v" into library xil_defaultlib
INFO: [VRFC 10-311] analyzing module RiscV_BD_forwarding_mux_0_0
INFO: [VRFC 10-2263] Analyzing Verilog file "C:/IIT_Bombay_Academics/Semester_2/EE705_VLSI_Design_Lab/Course_Project/FINAL_TEST2/FINAL_TEST2/FINAL_TEST2.ip_user_files/bd/RiscV_BD/ip/RiscV_BD_alu_muxes_0_2/sim/RiscV_BD_alu_muxes_0_2.v" into library xil_defaultlib
INFO: [VRFC 10-311] analyzing module RiscV_BD_alu_muxes_0_2
INFO: [VRFC 10-2263] Analyzing Verilog file "C:/IIT_Bombay_Academics/Semester_2/EE705_VLSI_Design_Lab/Course_Project/FINAL_TEST2/FINAL_TEST2/FINAL_TEST2.ip_user_files/bd/RiscV_BD/ip/RiscV_BD_branch_fsm_0_0/sim/RiscV_BD_branch_fsm_0_0.v" into library xil_defaultlib
INFO: [VRFC 10-311] analyzing module RiscV_BD_branch_fsm_0_0
INFO: [VRFC 10-2263] Analyzing Verilog file "C:/IIT_Bombay_Academics/Semester_2/EE705_VLSI_Design_Lab/Course_Project/FINAL_TEST2/FINAL_TEST2/FINAL_TEST2.ip_user_files/bd/RiscV_BD/ip/RiscV_BD_mul_fsm_0_0/sim/RiscV_BD_mul_fsm_0_0.v" into library xil_defaultlib
INFO: [VRFC 10-311] analyzing module RiscV_BD_mul_fsm_0_0
INFO: [VRFC 10-2263] Analyzing Verilog file "C:/IIT_Bombay_Academics/Semester_2/EE705_VLSI_Design_Lab/Course_Project/FINAL_TEST2/FINAL_TEST2/FINAL_TEST2.ip_user_files/bd/RiscV_BD/ip/RiscV_BD_EX_MA_PR_0_0/sim/RiscV_BD_EX_MA_PR_0_0.v" into library xil_defaultlib
INFO: [VRFC 10-311] analyzing module RiscV_BD_EX_MA_PR_0_0
INFO: [VRFC 10-2263] Analyzing Verilog file "C:/IIT_Bombay_Academics/Semester_2/EE705_VLSI_Design_Lab/Course_Project/FINAL_TEST2/FINAL_TEST2/FINAL_TEST2.ip_user_files/bd/RiscV_BD/ip/RiscV_BD_MA_WB_PR_0_0/sim/RiscV_BD_MA_WB_PR_0_0.v" into library xil_defaultlib
INFO: [VRFC 10-311] analyzing module RiscV_BD_MA_WB_PR_0_0
INFO: [VRFC 10-2263] Analyzing Verilog file "C:/IIT_Bombay_Academics/Semester_2/EE705_VLSI_Design_Lab/Course_Project/FINAL_TEST2/FINAL_TEST2/FINAL_TEST2.ip_user_files/bd/RiscV_BD/ip/RiscV_BD_load_extend_0_0/sim/RiscV_BD_load_extend_0_0.v" into library xil_defaultlib
INFO: [VRFC 10-311] analyzing module RiscV_BD_load_extend_0_0
INFO: [VRFC 10-2263] Analyzing Verilog file "C:/IIT_Bombay_Academics/Semester_2/EE705_VLSI_Design_Lab/Course_Project/FINAL_TEST2/FINAL_TEST2/FINAL_TEST2.ip_user_files/bd/RiscV_BD/ip/RiscV_BD_Write_back_Mux_0_0/sim/RiscV_BD_Write_back_Mux_0_0.v" into library xil_defaultlib
INFO: [VRFC 10-311] analyzing module RiscV_BD_Write_back_Mux_0_0
INFO: [VRFC 10-2263] Analyzing Verilog file "C:/IIT_Bombay_Academics/Semester_2/EE705_VLSI_Design_Lab/Course_Project/FINAL_TEST2/FINAL_TEST2/FINAL_TEST2.ip_user_files/bd/RiscV_BD/ip/RiscV_BD_combinational_0_0/sim/RiscV_BD_combinational_0_0.v" into library xil_defaultlib
INFO: [VRFC 10-311] analyzing module RiscV_BD_combinational_0_0
INFO: [VRFC 10-2263] Analyzing Verilog file "C:/IIT_Bombay_Academics/Semester_2/EE705_VLSI_Design_Lab/Course_Project/FINAL_TEST2/FINAL_TEST2/FINAL_TEST2.ip_user_files/bd/RiscV_BD/ip/RiscV_BD_instr_retire_mux_0_0/sim/RiscV_BD_instr_retire_mux_0_0.v" into library xil_defaultlib
INFO: [VRFC 10-311] analyzing module RiscV_BD_instr_retire_mux_0_0
INFO: [VRFC 10-2263] Analyzing Verilog file "C:/IIT_Bombay_Academics/Semester_2/EE705_VLSI_Design_Lab/Course_Project/FINAL_TEST2/FINAL_TEST2/FINAL_TEST2.ip_user_files/bd/RiscV_BD/ip/RiscV_BD_concat_2to1_0_0/sim/RiscV_BD_concat_2to1_0_0.v" into library xil_defaultlib
INFO: [VRFC 10-311] analyzing module RiscV_BD_concat_2to1_0_0
INFO: [VRFC 10-2263] Analyzing Verilog file "C:/IIT_Bombay_Academics/Semester_2/EE705_VLSI_Design_Lab/Course_Project/FINAL_TEST2/FINAL_TEST2/FINAL_TEST2.ip_user_files/bd/RiscV_BD/ip/RiscV_BD_concat_2to1_1_0/sim/RiscV_BD_concat_2to1_1_0.v" into library xil_defaultlib
INFO: [VRFC 10-311] analyzing module RiscV_BD_concat_2to1_1_0
INFO: [VRFC 10-2263] Analyzing Verilog file "C:/IIT_Bombay_Academics/Semester_2/EE705_VLSI_Design_Lab/Course_Project/FINAL_TEST2/FINAL_TEST2/FINAL_TEST2.ip_user_files/bd/RiscV_BD/ip/RiscV_BD_hazard_unit_0_0/sim/RiscV_BD_hazard_unit_0_0.v" into library xil_defaultlib
INFO: [VRFC 10-311] analyzing module RiscV_BD_hazard_unit_0_0
INFO: [VRFC 10-2263] Analyzing Verilog file "C:/IIT_Bombay_Academics/Semester_2/EE705_VLSI_Design_Lab/Course_Project/FINAL_TEST2/FINAL_TEST2/FINAL_TEST2.ip_user_files/bd/RiscV_BD/ip/RiscV_BD_concat_2to1_2_0/sim/RiscV_BD_concat_2to1_2_0.v" into library xil_defaultlib
INFO: [VRFC 10-311] analyzing module RiscV_BD_concat_2to1_2_0
INFO: [VRFC 10-2263] Analyzing Verilog file "C:/IIT_Bombay_Academics/Semester_2/EE705_VLSI_Design_Lab/Course_Project/FINAL_TEST2/FINAL_TEST2/FINAL_TEST2.ip_user_files/bd/RiscV_BD/ip/RiscV_BD_ID_EX_PR_0_0/sim/RiscV_BD_ID_EX_PR_0_0.v" into library xil_defaultlib
INFO: [VRFC 10-311] analyzing module RiscV_BD_ID_EX_PR_0_0
INFO: [VRFC 10-2263] Analyzing Verilog file "C:/IIT_Bombay_Academics/Semester_2/EE705_VLSI_Design_Lab/Course_Project/FINAL_TEST2/FINAL_TEST2/FINAL_TEST2.ip_user_files/bd/RiscV_BD/ip/RiscV_BD_ALU_OPER_0_0/sim/RiscV_BD_ALU_OPER_0_0.v" into library xil_defaultlib
INFO: [VRFC 10-311] analyzing module RiscV_BD_ALU_OPER_0_0
INFO: [VRFC 10-2263] Analyzing Verilog file "C:/IIT_Bombay_Academics/Semester_2/EE705_VLSI_Design_Lab/Course_Project/FINAL_TEST2/FINAL_TEST2/FINAL_TEST2.ip_user_files/bd/RiscV_BD/ip/RiscV_BD_IF_ID_PR_0_0/sim/RiscV_BD_IF_ID_PR_0_0.v" into library xil_defaultlib
INFO: [VRFC 10-311] analyzing module RiscV_BD_IF_ID_PR_0_0
INFO: [VRFC 10-2263] Analyzing Verilog file "C:/IIT_Bombay_Academics/Semester_2/EE705_VLSI_Design_Lab/Course_Project/FINAL_TEST2/FINAL_TEST2/FINAL_TEST2.ip_user_files/bd/RiscV_BD/ip/RiscV_BD_or_gate_1_0/sim/RiscV_BD_or_gate_1_0.v" into library xil_defaultlib
INFO: [VRFC 10-311] analyzing module RiscV_BD_or_gate_1_0
INFO: [VRFC 10-2263] Analyzing Verilog file "C:/IIT_Bombay_Academics/Semester_2/EE705_VLSI_Design_Lab/Course_Project/FINAL_TEST2/FINAL_TEST2/FINAL_TEST2.ip_user_files/bd/RiscV_BD/ip/RiscV_BD_controller_0_0/sim/RiscV_BD_controller_0_0.v" into library xil_defaultlib
INFO: [VRFC 10-311] analyzing module RiscV_BD_controller_0_0
INFO: [VRFC 10-2263] Analyzing Verilog file "C:/IIT_Bombay_Academics/Semester_2/EE705_VLSI_Design_Lab/Course_Project/FINAL_TEST2/FINAL_TEST2/FINAL_TEST2.ip_user_files/bd/RiscV_BD/ip/RiscV_BD_pc_0_0/sim/RiscV_BD_pc_0_0.v" into library xil_defaultlib
INFO: [VRFC 10-311] analyzing module RiscV_BD_pc_0_0
INFO: [VRFC 10-2263] Analyzing Verilog file "C:/IIT_Bombay_Academics/Semester_2/EE705_VLSI_Design_Lab/Course_Project/FINAL_TEST2/FINAL_TEST2/FINAL_TEST2.ip_user_files/bd/RiscV_BD/ip/RiscV_BD_instr_mem_0_0/sim/RiscV_BD_instr_mem_0_0.v" into library xil_defaultlib
INFO: [VRFC 10-311] analyzing module RiscV_BD_instr_mem_0_0
INFO: [VRFC 10-2263] Analyzing Verilog file "C:/IIT_Bombay_Academics/Semester_2/EE705_VLSI_Design_Lab/Course_Project/FINAL_TEST2/FINAL_TEST2/FINAL_TEST2.ip_user_files/bd/RiscV_BD/ip/RiscV_BD_data_mem_0_0/sim/RiscV_BD_data_mem_0_0.v" into library xil_defaultlib
INFO: [VRFC 10-311] analyzing module RiscV_BD_data_mem_0_0
INFO: [VRFC 10-2263] Analyzing Verilog file "C:/IIT_Bombay_Academics/Semester_2/EE705_VLSI_Design_Lab/Course_Project/FINAL_TEST2/FINAL_TEST2/FINAL_TEST2.ip_user_files/bd/RiscV_BD/sim/RiscV_BD.v" into library xil_defaultlib
INFO: [VRFC 10-311] analyzing module RiscV_BD
INFO: [VRFC 10-2263] Analyzing Verilog file "C:/IIT_Bombay_Academics/Semester_2/EE705_VLSI_Design_Lab/Course_Project/FINAL_TEST2/FINAL_TEST2/FINAL_TEST2.gen/sources_1/bd/RiscV_BD/hdl/RiscV_BD_wrapper.v" into library xil_defaultlib
INFO: [VRFC 10-311] analyzing module RiscV_BD_wrapper
INFO: [VRFC 10-2263] Analyzing Verilog file "C:/IIT_Bombay_Academics/Semester_2/EE705_VLSI_Design_Lab/Course_Project/FINAL_TEST2/FINAL_TEST2/FINAL_TEST2.srcs/sim_1/new/RiscV_BD_wrapper_tb.v" into library xil_defaultlib
INFO: [VRFC 10-311] analyzing module RiscV_BD_wrapper_tb
"xvhdl --incr --relax -prj RiscV_BD_wrapper_tb_vhdl.prj"
run_program: Time (s): cpu = 00:00:01 ; elapsed = 00:00:11 . Memory (MB): peak = 1618.832 ; gain = 0.000
INFO: [USF-XSim-69] 'compile' step finished in '11' seconds
launch_simulation: Time (s): cpu = 00:00:02 ; elapsed = 00:00:12 . Memory (MB): peak = 1618.832 ; gain = 0.000
Command: launch_simulation -simset sim_1 -mode behavioral
INFO: [Vivado 12-5682] Launching behavioral simulation in 'C:/IIT_Bombay_Academics/Semester_2/EE705_VLSI_Design_Lab/Course_Project/FINAL_TEST2/FINAL_TEST2/FINAL_TEST2.sim/sim_1/behav/xsim'
INFO: [Vivado 12-4795] Using compiled simulation libraries for IPs
INFO: [USF-XSim-3] XSim::Elaborate design
INFO: [USF-XSim-61] Executing 'ELABORATE' step in 'C:/IIT_Bombay_Academics/Semester_2/EE705_VLSI_Design_Lab/Course_Project/FINAL_TEST2/FINAL_TEST2/FINAL_TEST2.sim/sim_1/behav/xsim'
"xelab -wto 825d914d5bae4902b22375897d789401 --incr --debug typical --relax --mt 2 -L xil_defaultlib -L unisims_ver -L unimacro_ver -L secureip -L xpm --snapshot RiscV_BD_wrapper_tb_behav xil_defaultlib.RiscV_BD_wrapper_tb xil_defaultlib.glbl -log elaborate.log"
Vivado Simulator 2020.2
Copyright 1986-1999, 2001-2020 Xilinx, Inc. All Rights Reserved.
Running: C:/Xilinx/Vivado/2020.2/bin/unwrapped/win64.o/xelab.exe -wto 825d914d5bae4902b22375897d789401 --incr --debug typical --relax --mt 2 -L xil_defaultlib -L unisims_ver -L unimacro_ver -L secureip -L xpm --snapshot RiscV_BD_wrapper_tb_behav xil_defaultlib.RiscV_BD_wrapper_tb xil_defaultlib.glbl -log elaborate.log 
Using 2 slave threads.
Starting static elaboration
Pass Through NonSizing Optimizer
Completed static elaboration
Starting simulation data flow analysis
Completed simulation data flow analysis
Time Resolution for simulation is 1ps
Compiling package std.standard
Compiling package std.textio
Compiling package ieee.std_logic_1164
Compiling package ieee.numeric_std
Compiling module xil_defaultlib.Booth_PP
Compiling module xil_defaultlib.Dadda_stage1
Compiling module xil_defaultlib.Dadda_stage2
Compiling module xil_defaultlib.mul_top
Compiling module xil_defaultlib.ALU_OPER
Compiling module xil_defaultlib.RiscV_BD_ALU_OPER_0_0
Compiling module xil_defaultlib.EX_MA_PR
Compiling module xil_defaultlib.RiscV_BD_EX_MA_PR_0_0
Compiling module xil_defaultlib.ID_EX_PR
Compiling module xil_defaultlib.RiscV_BD_ID_EX_PR_0_0
Compiling module xil_defaultlib.IF_ID_PR
Compiling module xil_defaultlib.RiscV_BD_IF_ID_PR_0_0
Compiling module xil_defaultlib.MA_WB_PR
Compiling module xil_defaultlib.RiscV_BD_MA_WB_PR_0_0
Compiling module xil_defaultlib.Booth_PP_FM
Compiling module xil_defaultlib.Dadda_tree
Compiling module xil_defaultlib.Q16_16_Mult
Compiling module xil_defaultlib.RiscV_BD_Q16_16_Mult_0_0
Compiling module xil_defaultlib.Write_back_Mux
Compiling module xil_defaultlib.RiscV_BD_Write_back_Mux_0_0
Compiling module xil_defaultlib.alu_fixed_point_mux
Compiling module xil_defaultlib.RiscV_BD_alu_fixed_point_mux_0_0
Compiling module xil_defaultlib.alu_muxes
Compiling module xil_defaultlib.RiscV_BD_alu_muxes_0_2
Compiling module xil_defaultlib.branch_fsm
Compiling module xil_defaultlib.RiscV_BD_branch_fsm_0_0
Compiling module xil_defaultlib.combinational
Compiling module xil_defaultlib.RiscV_BD_combinational_0_0
Compiling module xil_defaultlib.concat_2to1
Compiling module xil_defaultlib.RiscV_BD_concat_2to1_0_0
Compiling module xil_defaultlib.RiscV_BD_concat_2to1_1_0
Compiling module xil_defaultlib.RiscV_BD_concat_2to1_2_0
Compiling module xil_defaultlib.controller
Compiling module xil_defaultlib.RiscV_BD_controller_0_0
Compiling module xil_defaultlib.csr
Compiling module xil_defaultlib.RiscV_BD_csr_0_0
Compiling module xil_defaultlib.csr_mux
Compiling module xil_defaultlib.RiscV_BD_csr_mux_0_0
Compiling architecture dmem_arch of entity xil_defaultlib.data_mem [data_mem_default]
Compiling module xil_defaultlib.RiscV_BD_data_mem_0_0
Compiling module xil_defaultlib.forwarding_mux
Compiling module xil_defaultlib.RiscV_BD_forwarding_mux_0_0
Compiling module xil_defaultlib.hazard_unit
Compiling module xil_defaultlib.RiscV_BD_hazard_unit_0_0
Compiling module xil_defaultlib.imm_extend
Compiling module xil_defaultlib.RiscV_BD_imm_extend_0_0
Compiling architecture mem_arch of entity xil_defaultlib.instr_mem [instr_mem_default]
Compiling module xil_defaultlib.RiscV_BD_instr_mem_0_0
Compiling module xil_defaultlib.instr_retire_mux
Compiling module xil_defaultlib.RiscV_BD_instr_retire_mux_0_0
Compiling module xil_defaultlib.load_extend
Compiling module xil_defaultlib.RiscV_BD_load_extend_0_0
Compiling module xil_defaultlib.mul_fsm
Compiling module xil_defaultlib.RiscV_BD_mul_fsm_0_0
Compiling module xil_defaultlib.or_gate
Compiling module xil_defaultlib.RiscV_BD_or_gate_1_0
Compiling module xil_defaultlib.pc
Compiling module xil_defaultlib.RiscV_BD_pc_0_0
Compiling module xil_defaultlib.register_file
Compiling module xil_defaultlib.RiscV_BD_register_file_0_0
Compiling module xil_defaultlib.RiscV_BD
Compiling module xil_defaultlib.RiscV_BD_wrapper
Compiling module xil_defaultlib.RiscV_BD_wrapper_tb
Compiling module xil_defaultlib.glbl
Built simulation snapshot RiscV_BD_wrapper_tb_behav
run_program: Time (s): cpu = 00:00:01 ; elapsed = 00:00:06 . Memory (MB): peak = 1618.832 ; gain = 0.000
INFO: [USF-XSim-69] 'elaborate' step finished in '7' seconds
launch_simulation: Time (s): cpu = 00:00:01 ; elapsed = 00:00:06 . Memory (MB): peak = 1618.832 ; gain = 0.000
Vivado Simulator 2020.2
INFO: [Wavedata 42-565] Reading protoinst file protoinst_files/RiscV_BD.protoinst
Time resolution is 1 ps
Simulation complete.
$finish called at time : 2007 ps : File "C:/IIT_Bombay_Academics/Semester_2/EE705_VLSI_Design_Lab/Course_Project/FINAL_TEST2/FINAL_TEST2/FINAL_TEST2.srcs/sim_1/new/RiscV_BD_wrapper_tb.v" Line 34
relaunch_sim: Time (s): cpu = 00:00:04 ; elapsed = 00:00:24 . Memory (MB): peak = 1619.262 ; gain = 0.430
relaunch_sim
Command: launch_simulation -simset sim_1 -mode behavioral
INFO: [Vivado 12-5682] Launching behavioral simulation in 'C:/IIT_Bombay_Academics/Semester_2/EE705_VLSI_Design_Lab/Course_Project/FINAL_TEST2/FINAL_TEST2/FINAL_TEST2.sim/sim_1/behav/xsim'
INFO: [Vivado 12-4795] Using compiled simulation libraries for IPs
INFO: [SIM-utils-51] Simulation object is 'sim_1'
INFO: [USF-XSim-7] Finding pre-compiled libraries...
INFO: [USF-XSim-11] File 'C:/Xilinx/Vivado/2020.2/data/xsim/xsim.ini' copied to run dir:'C:/IIT_Bombay_Academics/Semester_2/EE705_VLSI_Design_Lab/Course_Project/FINAL_TEST2/FINAL_TEST2/FINAL_TEST2.sim/sim_1/behav/xsim'
INFO: [SIM-utils-54] Inspecting design source files for 'RiscV_BD_wrapper_tb' in fileset 'sim_1'...
INFO: [SIM-utils-43] Exported 'C:/IIT_Bombay_Academics/Semester_2/EE705_VLSI_Design_Lab/Course_Project/FINAL_TEST2/FINAL_TEST2/FINAL_TEST2.sim/sim_1/behav/xsim/instruction_memory.coe'
INFO: [SIM-utils-43] Exported 'C:/IIT_Bombay_Academics/Semester_2/EE705_VLSI_Design_Lab/Course_Project/FINAL_TEST2/FINAL_TEST2/FINAL_TEST2.sim/sim_1/behav/xsim/data_memory.coe'
INFO: [SIM-utils-43] Exported 'C:/IIT_Bombay_Academics/Semester_2/EE705_VLSI_Design_Lab/Course_Project/FINAL_TEST2/FINAL_TEST2/FINAL_TEST2.sim/sim_1/behav/xsim/instruction_memory.coe'
INFO: [SIM-utils-43] Exported 'C:/IIT_Bombay_Academics/Semester_2/EE705_VLSI_Design_Lab/Course_Project/FINAL_TEST2/FINAL_TEST2/FINAL_TEST2.sim/sim_1/behav/xsim/instruction_memory.coe'
INFO: [SIM-utils-43] Exported 'C:/IIT_Bombay_Academics/Semester_2/EE705_VLSI_Design_Lab/Course_Project/FINAL_TEST2/FINAL_TEST2/FINAL_TEST2.sim/sim_1/behav/xsim/data_memory.coe'
INFO: [USF-XSim-97] Finding global include files...
INFO: [USF-XSim-98] Fetching design files from 'sim_1'...
INFO: [USF-XSim-2] XSim::Compile design
INFO: [USF-XSim-61] Executing 'COMPILE and ANALYZE' step in 'C:/IIT_Bombay_Academics/Semester_2/EE705_VLSI_Design_Lab/Course_Project/FINAL_TEST2/FINAL_TEST2/FINAL_TEST2.sim/sim_1/behav/xsim'
"xvlog --incr --relax -prj RiscV_BD_wrapper_tb_vlog.prj"
INFO: [VRFC 10-2263] Analyzing Verilog file "C:/IIT_Bombay_Academics/Semester_2/EE705_VLSI_Design_Lab/Course_Project/FINAL_TEST2/FINAL_TEST2/FINAL_TEST2.srcs/sources_1/imports/sources_1/imports/new/Booth_PP.v" into library xil_defaultlib
INFO: [VRFC 10-311] analyzing module Booth_PP_FM
INFO: [VRFC 10-2263] Analyzing Verilog file "C:/IIT_Bombay_Academics/Semester_2/EE705_VLSI_Design_Lab/Course_Project/FINAL_TEST2/FINAL_TEST2/FINAL_TEST2.srcs/sources_1/imports/new/Dadda_tree.v" into library xil_defaultlib
INFO: [VRFC 10-311] analyzing module Dadda_tree
INFO: [VRFC 10-2263] Analyzing Verilog file "C:/IIT_Bombay_Academics/Semester_2/EE705_VLSI_Design_Lab/Course_Project/FINAL_TEST2/FINAL_TEST2/FINAL_TEST2.srcs/sources_1/imports/new/Q16_16.v" into library xil_defaultlib
INFO: [VRFC 10-311] analyzing module Q16_16_Mult
INFO: [VRFC 10-2263] Analyzing Verilog file "C:/IIT_Bombay_Academics/Semester_2/EE705_VLSI_Design_Lab/Course_Project/FINAL_TEST2/FINAL_TEST2/FINAL_TEST2.srcs/sources_1/imports/COURSE PRPJECT/Decode/reg_file.v" into library xil_defaultlib
INFO: [VRFC 10-311] analyzing module register_file
INFO: [VRFC 10-2263] Analyzing Verilog file "C:/IIT_Bombay_Academics/Semester_2/EE705_VLSI_Design_Lab/Course_Project/FINAL_TEST2/FINAL_TEST2/FINAL_TEST2.srcs/sources_1/imports/COURSE PRPJECT/Decode/imm_extend.v" into library xil_defaultlib
INFO: [VRFC 10-311] analyzing module imm_extend
INFO: [VRFC 10-2263] Analyzing Verilog file "C:/IIT_Bombay_Academics/Semester_2/EE705_VLSI_Design_Lab/Course_Project/FINAL_TEST2/FINAL_TEST2/FINAL_TEST2.srcs/sources_1/imports/codes/min_csr.v" into library xil_defaultlib
INFO: [VRFC 10-311] analyzing module csr
INFO: [VRFC 10-2263] Analyzing Verilog file "C:/IIT_Bombay_Academics/Semester_2/EE705_VLSI_Design_Lab/Course_Project/FINAL_TEST2/FINAL_TEST2/FINAL_TEST2.srcs/sources_1/imports/codes/alu_fixed_point_mux.v" into library xil_defaultlib
INFO: [VRFC 10-311] analyzing module alu_fixed_point_mux
INFO: [VRFC 10-2263] Analyzing Verilog file "C:/IIT_Bombay_Academics/Semester_2/EE705_VLSI_Design_Lab/Course_Project/FINAL_TEST2/FINAL_TEST2/FINAL_TEST2.srcs/sources_1/imports/codes/csr_mux.v" into library xil_defaultlib
INFO: [VRFC 10-311] analyzing module csr_mux
INFO: [VRFC 10-2263] Analyzing Verilog file "C:/IIT_Bombay_Academics/Semester_2/EE705_VLSI_Design_Lab/Course_Project/FINAL_TEST2/FINAL_TEST2/FINAL_TEST2.srcs/sources_1/imports/codes/forwarding_mux.v" into library xil_defaultlib
INFO: [VRFC 10-311] analyzing module forwarding_mux
INFO: [VRFC 10-2263] Analyzing Verilog file "C:/IIT_Bombay_Academics/Semester_2/EE705_VLSI_Design_Lab/Course_Project/FINAL_TEST2/FINAL_TEST2/FINAL_TEST2.srcs/sources_1/imports/codes/alu_muxes.v" into library xil_defaultlib
INFO: [VRFC 10-311] analyzing module alu_muxes
INFO: [VRFC 10-2263] Analyzing Verilog file "C:/IIT_Bombay_Academics/Semester_2/EE705_VLSI_Design_Lab/Course_Project/FINAL_TEST2/FINAL_TEST2/FINAL_TEST2.srcs/sources_1/imports/codes/branch_fsm.v" into library xil_defaultlib
INFO: [VRFC 10-311] analyzing module branch_fsm
INFO: [VRFC 10-2263] Analyzing Verilog file "C:/IIT_Bombay_Academics/Semester_2/EE705_VLSI_Design_Lab/Course_Project/FINAL_TEST2/FINAL_TEST2/FINAL_TEST2.srcs/sources_1/imports/codes/mul_fsm.v" into library xil_defaultlib
INFO: [VRFC 10-311] analyzing module mul_fsm
INFO: [VRFC 10-2263] Analyzing Verilog file "C:/IIT_Bombay_Academics/Semester_2/EE705_VLSI_Design_Lab/Course_Project/FINAL_TEST2/FINAL_TEST2/FINAL_TEST2.srcs/sources_1/new/EX_MA_PR.v" into library xil_defaultlib
INFO: [VRFC 10-311] analyzing module EX_MA_PR
INFO: [VRFC 10-2263] Analyzing Verilog file "C:/IIT_Bombay_Academics/Semester_2/EE705_VLSI_Design_Lab/Course_Project/FINAL_TEST2/FINAL_TEST2/FINAL_TEST2.srcs/sources_1/new/MA_WB_PR.v" into library xil_defaultlib
INFO: [VRFC 10-311] analyzing module MA_WB_PR
INFO: [VRFC 10-2263] Analyzing Verilog file "C:/IIT_Bombay_Academics/Semester_2/EE705_VLSI_Design_Lab/Course_Project/FINAL_TEST2/FINAL_TEST2/FINAL_TEST2.srcs/sources_1/imports/codes/load_extend.v" into library xil_defaultlib
INFO: [VRFC 10-311] analyzing module load_extend
INFO: [VRFC 10-2263] Analyzing Verilog file "C:/IIT_Bombay_Academics/Semester_2/EE705_VLSI_Design_Lab/Course_Project/FINAL_TEST2/FINAL_TEST2/FINAL_TEST2.srcs/sources_1/new/Write_back_Mux.v" into library xil_defaultlib
INFO: [VRFC 10-311] analyzing module Write_back_Mux
INFO: [VRFC 10-2263] Analyzing Verilog file "C:/IIT_Bombay_Academics/Semester_2/EE705_VLSI_Design_Lab/Course_Project/FINAL_TEST2/FINAL_TEST2/FINAL_TEST2.srcs/sources_1/new/combinational.v" into library xil_defaultlib
INFO: [VRFC 10-311] analyzing module combinational
INFO: [VRFC 10-2263] Analyzing Verilog file "C:/IIT_Bombay_Academics/Semester_2/EE705_VLSI_Design_Lab/Course_Project/FINAL_TEST2/FINAL_TEST2/FINAL_TEST2.srcs/sources_1/imports/codes/inst_retire_mux.v" into library xil_defaultlib
INFO: [VRFC 10-311] analyzing module instr_retire_mux
INFO: [VRFC 10-2263] Analyzing Verilog file "C:/IIT_Bombay_Academics/Semester_2/EE705_VLSI_Design_Lab/Course_Project/FINAL_TEST2/FINAL_TEST2/FINAL_TEST2.srcs/sources_1/new/concat_2to1.v" into library xil_defaultlib
INFO: [VRFC 10-311] analyzing module concat_2to1
INFO: [VRFC 10-2263] Analyzing Verilog file "C:/IIT_Bombay_Academics/Semester_2/EE705_VLSI_Design_Lab/Course_Project/FINAL_TEST2/FINAL_TEST2/FINAL_TEST2.srcs/sources_1/new/hazard_unit.v" into library xil_defaultlib
INFO: [VRFC 10-311] analyzing module hazard_unit
INFO: [VRFC 10-2263] Analyzing Verilog file "C:/IIT_Bombay_Academics/Semester_2/EE705_VLSI_Design_Lab/Course_Project/FINAL_TEST2/FINAL_TEST2/FINAL_TEST2.srcs/sources_1/new/ID_EX_PR.v" into library xil_defaultlib
INFO: [VRFC 10-311] analyzing module ID_EX_PR
INFO: [VRFC 10-2263] Analyzing Verilog file "C:/IIT_Bombay_Academics/Semester_2/EE705_VLSI_Design_Lab/Course_Project/FINAL_TEST2/FINAL_TEST2/FINAL_TEST2.srcs/sources_1/imports/new/Booth_PP.v" into library xil_defaultlib
INFO: [VRFC 10-311] analyzing module Booth_PP
INFO: [VRFC 10-2263] Analyzing Verilog file "C:/IIT_Bombay_Academics/Semester_2/EE705_VLSI_Design_Lab/Course_Project/FINAL_TEST2/FINAL_TEST2/FINAL_TEST2.srcs/sources_1/imports/sources_1/imports/new/Dadda_Stage_1.v" into library xil_defaultlib
INFO: [VRFC 10-311] analyzing module Dadda_stage1
INFO: [VRFC 10-2263] Analyzing Verilog file "C:/IIT_Bombay_Academics/Semester_2/EE705_VLSI_Design_Lab/Course_Project/FINAL_TEST2/FINAL_TEST2/FINAL_TEST2.srcs/sources_1/imports/sources_1/imports/new/Dadda_stage_2.v" into library xil_defaultlib
INFO: [VRFC 10-311] analyzing module Dadda_stage2
INFO: [VRFC 10-2263] Analyzing Verilog file "C:/IIT_Bombay_Academics/Semester_2/EE705_VLSI_Design_Lab/Course_Project/FINAL_TEST2/FINAL_TEST2/FINAL_TEST2.srcs/sources_1/imports/sources_1/imports/new/mul_top.v" into library xil_defaultlib
INFO: [VRFC 10-311] analyzing module mul_top
INFO: [VRFC 10-2263] Analyzing Verilog file "C:/IIT_Bombay_Academics/Semester_2/EE705_VLSI_Design_Lab/Course_Project/FINAL_TEST2/FINAL_TEST2/FINAL_TEST2.srcs/sources_1/imports/sources_1/new/ALU_OPER.v" into library xil_defaultlib
INFO: [VRFC 10-311] analyzing module ALU_OPER
INFO: [VRFC 10-2263] Analyzing Verilog file "C:/IIT_Bombay_Academics/Semester_2/EE705_VLSI_Design_Lab/Course_Project/FINAL_TEST2/FINAL_TEST2/FINAL_TEST2.srcs/sources_1/new/IF_ID_PR.v" into library xil_defaultlib
INFO: [VRFC 10-311] analyzing module IF_ID_PR
INFO: [VRFC 10-2263] Analyzing Verilog file "C:/IIT_Bombay_Academics/Semester_2/EE705_VLSI_Design_Lab/Course_Project/FINAL_TEST2/FINAL_TEST2/FINAL_TEST2.srcs/sources_1/new/OR_gate.v" into library xil_defaultlib
INFO: [VRFC 10-311] analyzing module or_gate
INFO: [VRFC 10-2263] Analyzing Verilog file "C:/IIT_Bombay_Academics/Semester_2/EE705_VLSI_Design_Lab/Course_Project/FINAL_TEST2/FINAL_TEST2/FINAL_TEST2.srcs/sources_1/imports/codes/controller.v" into library xil_defaultlib
INFO: [VRFC 10-311] analyzing module controller
INFO: [VRFC 10-2263] Analyzing Verilog file "C:/IIT_Bombay_Academics/Semester_2/EE705_VLSI_Design_Lab/Course_Project/FINAL_TEST2/FINAL_TEST2/FINAL_TEST2.srcs/sources_1/imports/DESIGN LAB/pc.v" into library xil_defaultlib
INFO: [VRFC 10-311] analyzing module pc
INFO: [VRFC 10-2263] Analyzing Verilog file "C:/IIT_Bombay_Academics/Semester_2/EE705_VLSI_Design_Lab/Course_Project/FINAL_TEST2/FINAL_TEST2/FINAL_TEST2.ip_user_files/bd/RiscV_BD/ip/RiscV_BD_Q16_16_Mult_0_0/sim/RiscV_BD_Q16_16_Mult_0_0.v" into library xil_defaultlib
INFO: [VRFC 10-311] analyzing module RiscV_BD_Q16_16_Mult_0_0
INFO: [VRFC 10-2263] Analyzing Verilog file "C:/IIT_Bombay_Academics/Semester_2/EE705_VLSI_Design_Lab/Course_Project/FINAL_TEST2/FINAL_TEST2/FINAL_TEST2.ip_user_files/bd/RiscV_BD/ip/RiscV_BD_register_file_0_0/sim/RiscV_BD_register_file_0_0.v" into library xil_defaultlib
INFO: [VRFC 10-311] analyzing module RiscV_BD_register_file_0_0
INFO: [VRFC 10-2263] Analyzing Verilog file "C:/IIT_Bombay_Academics/Semester_2/EE705_VLSI_Design_Lab/Course_Project/FINAL_TEST2/FINAL_TEST2/FINAL_TEST2.ip_user_files/bd/RiscV_BD/ip/RiscV_BD_imm_extend_0_0/sim/RiscV_BD_imm_extend_0_0.v" into library xil_defaultlib
INFO: [VRFC 10-311] analyzing module RiscV_BD_imm_extend_0_0
INFO: [VRFC 10-2263] Analyzing Verilog file "C:/IIT_Bombay_Academics/Semester_2/EE705_VLSI_Design_Lab/Course_Project/FINAL_TEST2/FINAL_TEST2/FINAL_TEST2.ip_user_files/bd/RiscV_BD/ip/RiscV_BD_csr_0_0/sim/RiscV_BD_csr_0_0.v" into library xil_defaultlib
INFO: [VRFC 10-311] analyzing module RiscV_BD_csr_0_0
INFO: [VRFC 10-2263] Analyzing Verilog file "C:/IIT_Bombay_Academics/Semester_2/EE705_VLSI_Design_Lab/Course_Project/FINAL_TEST2/FINAL_TEST2/FINAL_TEST2.ip_user_files/bd/RiscV_BD/ip/RiscV_BD_alu_fixed_point_mux_0_0/sim/RiscV_BD_alu_fixed_point_mux_0_0.v" into library xil_defaultlib
INFO: [VRFC 10-311] analyzing module RiscV_BD_alu_fixed_point_mux_0_0
INFO: [VRFC 10-2263] Analyzing Verilog file "C:/IIT_Bombay_Academics/Semester_2/EE705_VLSI_Design_Lab/Course_Project/FINAL_TEST2/FINAL_TEST2/FINAL_TEST2.ip_user_files/bd/RiscV_BD/ip/RiscV_BD_csr_mux_0_0/sim/RiscV_BD_csr_mux_0_0.v" into library xil_defaultlib
INFO: [VRFC 10-311] analyzing module RiscV_BD_csr_mux_0_0
INFO: [VRFC 10-2263] Analyzing Verilog file "C:/IIT_Bombay_Academics/Semester_2/EE705_VLSI_Design_Lab/Course_Project/FINAL_TEST2/FINAL_TEST2/FINAL_TEST2.ip_user_files/bd/RiscV_BD/ip/RiscV_BD_forwarding_mux_0_0/sim/RiscV_BD_forwarding_mux_0_0.v" into library xil_defaultlib
INFO: [VRFC 10-311] analyzing module RiscV_BD_forwarding_mux_0_0
INFO: [VRFC 10-2263] Analyzing Verilog file "C:/IIT_Bombay_Academics/Semester_2/EE705_VLSI_Design_Lab/Course_Project/FINAL_TEST2/FINAL_TEST2/FINAL_TEST2.ip_user_files/bd/RiscV_BD/ip/RiscV_BD_alu_muxes_0_2/sim/RiscV_BD_alu_muxes_0_2.v" into library xil_defaultlib
INFO: [VRFC 10-311] analyzing module RiscV_BD_alu_muxes_0_2
INFO: [VRFC 10-2263] Analyzing Verilog file "C:/IIT_Bombay_Academics/Semester_2/EE705_VLSI_Design_Lab/Course_Project/FINAL_TEST2/FINAL_TEST2/FINAL_TEST2.ip_user_files/bd/RiscV_BD/ip/RiscV_BD_branch_fsm_0_0/sim/RiscV_BD_branch_fsm_0_0.v" into library xil_defaultlib
INFO: [VRFC 10-311] analyzing module RiscV_BD_branch_fsm_0_0
INFO: [VRFC 10-2263] Analyzing Verilog file "C:/IIT_Bombay_Academics/Semester_2/EE705_VLSI_Design_Lab/Course_Project/FINAL_TEST2/FINAL_TEST2/FINAL_TEST2.ip_user_files/bd/RiscV_BD/ip/RiscV_BD_mul_fsm_0_0/sim/RiscV_BD_mul_fsm_0_0.v" into library xil_defaultlib
INFO: [VRFC 10-311] analyzing module RiscV_BD_mul_fsm_0_0
INFO: [VRFC 10-2263] Analyzing Verilog file "C:/IIT_Bombay_Academics/Semester_2/EE705_VLSI_Design_Lab/Course_Project/FINAL_TEST2/FINAL_TEST2/FINAL_TEST2.ip_user_files/bd/RiscV_BD/ip/RiscV_BD_EX_MA_PR_0_0/sim/RiscV_BD_EX_MA_PR_0_0.v" into library xil_defaultlib
INFO: [VRFC 10-311] analyzing module RiscV_BD_EX_MA_PR_0_0
INFO: [VRFC 10-2263] Analyzing Verilog file "C:/IIT_Bombay_Academics/Semester_2/EE705_VLSI_Design_Lab/Course_Project/FINAL_TEST2/FINAL_TEST2/FINAL_TEST2.ip_user_files/bd/RiscV_BD/ip/RiscV_BD_MA_WB_PR_0_0/sim/RiscV_BD_MA_WB_PR_0_0.v" into library xil_defaultlib
INFO: [VRFC 10-311] analyzing module RiscV_BD_MA_WB_PR_0_0
INFO: [VRFC 10-2263] Analyzing Verilog file "C:/IIT_Bombay_Academics/Semester_2/EE705_VLSI_Design_Lab/Course_Project/FINAL_TEST2/FINAL_TEST2/FINAL_TEST2.ip_user_files/bd/RiscV_BD/ip/RiscV_BD_load_extend_0_0/sim/RiscV_BD_load_extend_0_0.v" into library xil_defaultlib
INFO: [VRFC 10-311] analyzing module RiscV_BD_load_extend_0_0
INFO: [VRFC 10-2263] Analyzing Verilog file "C:/IIT_Bombay_Academics/Semester_2/EE705_VLSI_Design_Lab/Course_Project/FINAL_TEST2/FINAL_TEST2/FINAL_TEST2.ip_user_files/bd/RiscV_BD/ip/RiscV_BD_Write_back_Mux_0_0/sim/RiscV_BD_Write_back_Mux_0_0.v" into library xil_defaultlib
INFO: [VRFC 10-311] analyzing module RiscV_BD_Write_back_Mux_0_0
INFO: [VRFC 10-2263] Analyzing Verilog file "C:/IIT_Bombay_Academics/Semester_2/EE705_VLSI_Design_Lab/Course_Project/FINAL_TEST2/FINAL_TEST2/FINAL_TEST2.ip_user_files/bd/RiscV_BD/ip/RiscV_BD_combinational_0_0/sim/RiscV_BD_combinational_0_0.v" into library xil_defaultlib
INFO: [VRFC 10-311] analyzing module RiscV_BD_combinational_0_0
INFO: [VRFC 10-2263] Analyzing Verilog file "C:/IIT_Bombay_Academics/Semester_2/EE705_VLSI_Design_Lab/Course_Project/FINAL_TEST2/FINAL_TEST2/FINAL_TEST2.ip_user_files/bd/RiscV_BD/ip/RiscV_BD_instr_retire_mux_0_0/sim/RiscV_BD_instr_retire_mux_0_0.v" into library xil_defaultlib
INFO: [VRFC 10-311] analyzing module RiscV_BD_instr_retire_mux_0_0
INFO: [VRFC 10-2263] Analyzing Verilog file "C:/IIT_Bombay_Academics/Semester_2/EE705_VLSI_Design_Lab/Course_Project/FINAL_TEST2/FINAL_TEST2/FINAL_TEST2.ip_user_files/bd/RiscV_BD/ip/RiscV_BD_concat_2to1_0_0/sim/RiscV_BD_concat_2to1_0_0.v" into library xil_defaultlib
INFO: [VRFC 10-311] analyzing module RiscV_BD_concat_2to1_0_0
INFO: [VRFC 10-2263] Analyzing Verilog file "C:/IIT_Bombay_Academics/Semester_2/EE705_VLSI_Design_Lab/Course_Project/FINAL_TEST2/FINAL_TEST2/FINAL_TEST2.ip_user_files/bd/RiscV_BD/ip/RiscV_BD_concat_2to1_1_0/sim/RiscV_BD_concat_2to1_1_0.v" into library xil_defaultlib
INFO: [VRFC 10-311] analyzing module RiscV_BD_concat_2to1_1_0
INFO: [VRFC 10-2263] Analyzing Verilog file "C:/IIT_Bombay_Academics/Semester_2/EE705_VLSI_Design_Lab/Course_Project/FINAL_TEST2/FINAL_TEST2/FINAL_TEST2.ip_user_files/bd/RiscV_BD/ip/RiscV_BD_hazard_unit_0_0/sim/RiscV_BD_hazard_unit_0_0.v" into library xil_defaultlib
INFO: [VRFC 10-311] analyzing module RiscV_BD_hazard_unit_0_0
INFO: [VRFC 10-2263] Analyzing Verilog file "C:/IIT_Bombay_Academics/Semester_2/EE705_VLSI_Design_Lab/Course_Project/FINAL_TEST2/FINAL_TEST2/FINAL_TEST2.ip_user_files/bd/RiscV_BD/ip/RiscV_BD_concat_2to1_2_0/sim/RiscV_BD_concat_2to1_2_0.v" into library xil_defaultlib
INFO: [VRFC 10-311] analyzing module RiscV_BD_concat_2to1_2_0
INFO: [VRFC 10-2263] Analyzing Verilog file "C:/IIT_Bombay_Academics/Semester_2/EE705_VLSI_Design_Lab/Course_Project/FINAL_TEST2/FINAL_TEST2/FINAL_TEST2.ip_user_files/bd/RiscV_BD/ip/RiscV_BD_ID_EX_PR_0_0/sim/RiscV_BD_ID_EX_PR_0_0.v" into library xil_defaultlib
INFO: [VRFC 10-311] analyzing module RiscV_BD_ID_EX_PR_0_0
INFO: [VRFC 10-2263] Analyzing Verilog file "C:/IIT_Bombay_Academics/Semester_2/EE705_VLSI_Design_Lab/Course_Project/FINAL_TEST2/FINAL_TEST2/FINAL_TEST2.ip_user_files/bd/RiscV_BD/ip/RiscV_BD_ALU_OPER_0_0/sim/RiscV_BD_ALU_OPER_0_0.v" into library xil_defaultlib
INFO: [VRFC 10-311] analyzing module RiscV_BD_ALU_OPER_0_0
INFO: [VRFC 10-2263] Analyzing Verilog file "C:/IIT_Bombay_Academics/Semester_2/EE705_VLSI_Design_Lab/Course_Project/FINAL_TEST2/FINAL_TEST2/FINAL_TEST2.ip_user_files/bd/RiscV_BD/ip/RiscV_BD_IF_ID_PR_0_0/sim/RiscV_BD_IF_ID_PR_0_0.v" into library xil_defaultlib
INFO: [VRFC 10-311] analyzing module RiscV_BD_IF_ID_PR_0_0
INFO: [VRFC 10-2263] Analyzing Verilog file "C:/IIT_Bombay_Academics/Semester_2/EE705_VLSI_Design_Lab/Course_Project/FINAL_TEST2/FINAL_TEST2/FINAL_TEST2.ip_user_files/bd/RiscV_BD/ip/RiscV_BD_or_gate_1_0/sim/RiscV_BD_or_gate_1_0.v" into library xil_defaultlib
INFO: [VRFC 10-311] analyzing module RiscV_BD_or_gate_1_0
INFO: [VRFC 10-2263] Analyzing Verilog file "C:/IIT_Bombay_Academics/Semester_2/EE705_VLSI_Design_Lab/Course_Project/FINAL_TEST2/FINAL_TEST2/FINAL_TEST2.ip_user_files/bd/RiscV_BD/ip/RiscV_BD_controller_0_0/sim/RiscV_BD_controller_0_0.v" into library xil_defaultlib
INFO: [VRFC 10-311] analyzing module RiscV_BD_controller_0_0
INFO: [VRFC 10-2263] Analyzing Verilog file "C:/IIT_Bombay_Academics/Semester_2/EE705_VLSI_Design_Lab/Course_Project/FINAL_TEST2/FINAL_TEST2/FINAL_TEST2.ip_user_files/bd/RiscV_BD/ip/RiscV_BD_pc_0_0/sim/RiscV_BD_pc_0_0.v" into library xil_defaultlib
INFO: [VRFC 10-311] analyzing module RiscV_BD_pc_0_0
INFO: [VRFC 10-2263] Analyzing Verilog file "C:/IIT_Bombay_Academics/Semester_2/EE705_VLSI_Design_Lab/Course_Project/FINAL_TEST2/FINAL_TEST2/FINAL_TEST2.ip_user_files/bd/RiscV_BD/ip/RiscV_BD_instr_mem_0_0/sim/RiscV_BD_instr_mem_0_0.v" into library xil_defaultlib
INFO: [VRFC 10-311] analyzing module RiscV_BD_instr_mem_0_0
INFO: [VRFC 10-2263] Analyzing Verilog file "C:/IIT_Bombay_Academics/Semester_2/EE705_VLSI_Design_Lab/Course_Project/FINAL_TEST2/FINAL_TEST2/FINAL_TEST2.ip_user_files/bd/RiscV_BD/ip/RiscV_BD_data_mem_0_0/sim/RiscV_BD_data_mem_0_0.v" into library xil_defaultlib
INFO: [VRFC 10-311] analyzing module RiscV_BD_data_mem_0_0
INFO: [VRFC 10-2263] Analyzing Verilog file "C:/IIT_Bombay_Academics/Semester_2/EE705_VLSI_Design_Lab/Course_Project/FINAL_TEST2/FINAL_TEST2/FINAL_TEST2.ip_user_files/bd/RiscV_BD/sim/RiscV_BD.v" into library xil_defaultlib
INFO: [VRFC 10-311] analyzing module RiscV_BD
INFO: [VRFC 10-2263] Analyzing Verilog file "C:/IIT_Bombay_Academics/Semester_2/EE705_VLSI_Design_Lab/Course_Project/FINAL_TEST2/FINAL_TEST2/FINAL_TEST2.gen/sources_1/bd/RiscV_BD/hdl/RiscV_BD_wrapper.v" into library xil_defaultlib
INFO: [VRFC 10-311] analyzing module RiscV_BD_wrapper
INFO: [VRFC 10-2263] Analyzing Verilog file "C:/IIT_Bombay_Academics/Semester_2/EE705_VLSI_Design_Lab/Course_Project/FINAL_TEST2/FINAL_TEST2/FINAL_TEST2.srcs/sim_1/new/RiscV_BD_wrapper_tb.v" into library xil_defaultlib
INFO: [VRFC 10-311] analyzing module RiscV_BD_wrapper_tb
"xvhdl --incr --relax -prj RiscV_BD_wrapper_tb_vhdl.prj"
INFO: [VRFC 10-163] Analyzing VHDL file "C:/IIT_Bombay_Academics/Semester_2/EE705_VLSI_Design_Lab/Course_Project/FINAL_TEST2/FINAL_TEST2/FINAL_TEST2.srcs/sources_1/new/instr_mem.vhd" into library xil_defaultlib
INFO: [VRFC 10-3107] analyzing entity 'instr_mem'
run_program: Time (s): cpu = 00:00:00 ; elapsed = 00:00:08 . Memory (MB): peak = 1619.824 ; gain = 0.000
INFO: [USF-XSim-69] 'compile' step finished in '8' seconds
launch_simulation: Time (s): cpu = 00:00:01 ; elapsed = 00:00:30 . Memory (MB): peak = 1619.824 ; gain = 0.000
Command: launch_simulation -simset sim_1 -mode behavioral
INFO: [Vivado 12-5682] Launching behavioral simulation in 'C:/IIT_Bombay_Academics/Semester_2/EE705_VLSI_Design_Lab/Course_Project/FINAL_TEST2/FINAL_TEST2/FINAL_TEST2.sim/sim_1/behav/xsim'
INFO: [Vivado 12-4795] Using compiled simulation libraries for IPs
INFO: [USF-XSim-3] XSim::Elaborate design
INFO: [USF-XSim-61] Executing 'ELABORATE' step in 'C:/IIT_Bombay_Academics/Semester_2/EE705_VLSI_Design_Lab/Course_Project/FINAL_TEST2/FINAL_TEST2/FINAL_TEST2.sim/sim_1/behav/xsim'
"xelab -wto 825d914d5bae4902b22375897d789401 --incr --debug typical --relax --mt 2 -L xil_defaultlib -L unisims_ver -L unimacro_ver -L secureip -L xpm --snapshot RiscV_BD_wrapper_tb_behav xil_defaultlib.RiscV_BD_wrapper_tb xil_defaultlib.glbl -log elaborate.log"
Vivado Simulator 2020.2
Copyright 1986-1999, 2001-2020 Xilinx, Inc. All Rights Reserved.
Running: C:/Xilinx/Vivado/2020.2/bin/unwrapped/win64.o/xelab.exe -wto 825d914d5bae4902b22375897d789401 --incr --debug typical --relax --mt 2 -L xil_defaultlib -L unisims_ver -L unimacro_ver -L secureip -L xpm --snapshot RiscV_BD_wrapper_tb_behav xil_defaultlib.RiscV_BD_wrapper_tb xil_defaultlib.glbl -log elaborate.log 
Using 2 slave threads.
Starting static elaboration
Pass Through NonSizing Optimizer
Completed static elaboration
Starting simulation data flow analysis
Completed simulation data flow analysis
Time Resolution for simulation is 1ps
Compiling package std.standard
Compiling package std.textio
Compiling package ieee.std_logic_1164
Compiling package ieee.numeric_std
Compiling module xil_defaultlib.Booth_PP
Compiling module xil_defaultlib.Dadda_stage1
Compiling module xil_defaultlib.Dadda_stage2
Compiling module xil_defaultlib.mul_top
Compiling module xil_defaultlib.ALU_OPER
Compiling module xil_defaultlib.RiscV_BD_ALU_OPER_0_0
Compiling module xil_defaultlib.EX_MA_PR
Compiling module xil_defaultlib.RiscV_BD_EX_MA_PR_0_0
Compiling module xil_defaultlib.ID_EX_PR
Compiling module xil_defaultlib.RiscV_BD_ID_EX_PR_0_0
Compiling module xil_defaultlib.IF_ID_PR
Compiling module xil_defaultlib.RiscV_BD_IF_ID_PR_0_0
Compiling module xil_defaultlib.MA_WB_PR
Compiling module xil_defaultlib.RiscV_BD_MA_WB_PR_0_0
Compiling module xil_defaultlib.Booth_PP_FM
Compiling module xil_defaultlib.Dadda_tree
Compiling module xil_defaultlib.Q16_16_Mult
Compiling module xil_defaultlib.RiscV_BD_Q16_16_Mult_0_0
Compiling module xil_defaultlib.Write_back_Mux
Compiling module xil_defaultlib.RiscV_BD_Write_back_Mux_0_0
Compiling module xil_defaultlib.alu_fixed_point_mux
Compiling module xil_defaultlib.RiscV_BD_alu_fixed_point_mux_0_0
Compiling module xil_defaultlib.alu_muxes
Compiling module xil_defaultlib.RiscV_BD_alu_muxes_0_2
Compiling module xil_defaultlib.branch_fsm
Compiling module xil_defaultlib.RiscV_BD_branch_fsm_0_0
Compiling module xil_defaultlib.combinational
Compiling module xil_defaultlib.RiscV_BD_combinational_0_0
Compiling module xil_defaultlib.concat_2to1
Compiling module xil_defaultlib.RiscV_BD_concat_2to1_0_0
Compiling module xil_defaultlib.RiscV_BD_concat_2to1_1_0
Compiling module xil_defaultlib.RiscV_BD_concat_2to1_2_0
Compiling module xil_defaultlib.controller
Compiling module xil_defaultlib.RiscV_BD_controller_0_0
Compiling module xil_defaultlib.csr
Compiling module xil_defaultlib.RiscV_BD_csr_0_0
Compiling module xil_defaultlib.csr_mux
Compiling module xil_defaultlib.RiscV_BD_csr_mux_0_0
Compiling architecture dmem_arch of entity xil_defaultlib.data_mem [data_mem_default]
Compiling module xil_defaultlib.RiscV_BD_data_mem_0_0
Compiling module xil_defaultlib.forwarding_mux
Compiling module xil_defaultlib.RiscV_BD_forwarding_mux_0_0
Compiling module xil_defaultlib.hazard_unit
Compiling module xil_defaultlib.RiscV_BD_hazard_unit_0_0
Compiling module xil_defaultlib.imm_extend
Compiling module xil_defaultlib.RiscV_BD_imm_extend_0_0
Compiling architecture mem_arch of entity xil_defaultlib.instr_mem [instr_mem_default]
Compiling module xil_defaultlib.RiscV_BD_instr_mem_0_0
Compiling module xil_defaultlib.instr_retire_mux
Compiling module xil_defaultlib.RiscV_BD_instr_retire_mux_0_0
Compiling module xil_defaultlib.load_extend
Compiling module xil_defaultlib.RiscV_BD_load_extend_0_0
Compiling module xil_defaultlib.mul_fsm
Compiling module xil_defaultlib.RiscV_BD_mul_fsm_0_0
Compiling module xil_defaultlib.or_gate
Compiling module xil_defaultlib.RiscV_BD_or_gate_1_0
Compiling module xil_defaultlib.pc
Compiling module xil_defaultlib.RiscV_BD_pc_0_0
Compiling module xil_defaultlib.register_file
Compiling module xil_defaultlib.RiscV_BD_register_file_0_0
Compiling module xil_defaultlib.RiscV_BD
Compiling module xil_defaultlib.RiscV_BD_wrapper
Compiling module xil_defaultlib.RiscV_BD_wrapper_tb
Compiling module xil_defaultlib.glbl
Built simulation snapshot RiscV_BD_wrapper_tb_behav
INFO: [USF-XSim-69] 'elaborate' step finished in '3' seconds
Vivado Simulator 2020.2
INFO: [Wavedata 42-565] Reading protoinst file protoinst_files/RiscV_BD.protoinst
Time resolution is 1 ps
ERROR: Index 262149 out of bound 0 to 1023
Time: 135 ps  Iteration: 3  Process: /RiscV_BD_wrapper_tb/uut/RiscV_BD_i/data_mem_0/inst/line__80
  File: C:/IIT_Bombay_Academics/Semester_2/EE705_VLSI_Design_Lab/Course_Project/FINAL_TEST2/FINAL_TEST2/FINAL_TEST2.srcs/sources_1/new/data_mem.vhd

HDL Line: C:/IIT_Bombay_Academics/Semester_2/EE705_VLSI_Design_Lab/Course_Project/FINAL_TEST2/FINAL_TEST2/FINAL_TEST2.srcs/sources_1/new/data_mem.vhd:81
relaunch_sim: Time (s): cpu = 00:00:04 ; elapsed = 00:00:39 . Memory (MB): peak = 1619.824 ; gain = 0.000
relaunch_sim
Command: launch_simulation -simset sim_1 -mode behavioral
INFO: [Vivado 12-5682] Launching behavioral simulation in 'C:/IIT_Bombay_Academics/Semester_2/EE705_VLSI_Design_Lab/Course_Project/FINAL_TEST2/FINAL_TEST2/FINAL_TEST2.sim/sim_1/behav/xsim'
INFO: [Vivado 12-4795] Using compiled simulation libraries for IPs
INFO: [SIM-utils-51] Simulation object is 'sim_1'
INFO: [USF-XSim-7] Finding pre-compiled libraries...
INFO: [USF-XSim-11] File 'C:/Xilinx/Vivado/2020.2/data/xsim/xsim.ini' copied to run dir:'C:/IIT_Bombay_Academics/Semester_2/EE705_VLSI_Design_Lab/Course_Project/FINAL_TEST2/FINAL_TEST2/FINAL_TEST2.sim/sim_1/behav/xsim'
INFO: [SIM-utils-54] Inspecting design source files for 'RiscV_BD_wrapper_tb' in fileset 'sim_1'...
INFO: [SIM-utils-43] Exported 'C:/IIT_Bombay_Academics/Semester_2/EE705_VLSI_Design_Lab/Course_Project/FINAL_TEST2/FINAL_TEST2/FINAL_TEST2.sim/sim_1/behav/xsim/instruction_memory.coe'
INFO: [SIM-utils-43] Exported 'C:/IIT_Bombay_Academics/Semester_2/EE705_VLSI_Design_Lab/Course_Project/FINAL_TEST2/FINAL_TEST2/FINAL_TEST2.sim/sim_1/behav/xsim/data_memory.coe'
INFO: [SIM-utils-43] Exported 'C:/IIT_Bombay_Academics/Semester_2/EE705_VLSI_Design_Lab/Course_Project/FINAL_TEST2/FINAL_TEST2/FINAL_TEST2.sim/sim_1/behav/xsim/instruction_memory.coe'
INFO: [SIM-utils-43] Exported 'C:/IIT_Bombay_Academics/Semester_2/EE705_VLSI_Design_Lab/Course_Project/FINAL_TEST2/FINAL_TEST2/FINAL_TEST2.sim/sim_1/behav/xsim/instruction_memory.coe'
INFO: [SIM-utils-43] Exported 'C:/IIT_Bombay_Academics/Semester_2/EE705_VLSI_Design_Lab/Course_Project/FINAL_TEST2/FINAL_TEST2/FINAL_TEST2.sim/sim_1/behav/xsim/data_memory.coe'
INFO: [USF-XSim-97] Finding global include files...
INFO: [USF-XSim-98] Fetching design files from 'sim_1'...
INFO: [USF-XSim-2] XSim::Compile design
INFO: [USF-XSim-61] Executing 'COMPILE and ANALYZE' step in 'C:/IIT_Bombay_Academics/Semester_2/EE705_VLSI_Design_Lab/Course_Project/FINAL_TEST2/FINAL_TEST2/FINAL_TEST2.sim/sim_1/behav/xsim'
"xvlog --incr --relax -prj RiscV_BD_wrapper_tb_vlog.prj"
INFO: [VRFC 10-2263] Analyzing Verilog file "C:/IIT_Bombay_Academics/Semester_2/EE705_VLSI_Design_Lab/Course_Project/FINAL_TEST2/FINAL_TEST2/FINAL_TEST2.srcs/sources_1/imports/sources_1/imports/new/Booth_PP.v" into library xil_defaultlib
INFO: [VRFC 10-311] analyzing module Booth_PP_FM
INFO: [VRFC 10-2263] Analyzing Verilog file "C:/IIT_Bombay_Academics/Semester_2/EE705_VLSI_Design_Lab/Course_Project/FINAL_TEST2/FINAL_TEST2/FINAL_TEST2.srcs/sources_1/imports/new/Dadda_tree.v" into library xil_defaultlib
INFO: [VRFC 10-311] analyzing module Dadda_tree
INFO: [VRFC 10-2263] Analyzing Verilog file "C:/IIT_Bombay_Academics/Semester_2/EE705_VLSI_Design_Lab/Course_Project/FINAL_TEST2/FINAL_TEST2/FINAL_TEST2.srcs/sources_1/imports/new/Q16_16.v" into library xil_defaultlib
INFO: [VRFC 10-311] analyzing module Q16_16_Mult
INFO: [VRFC 10-2263] Analyzing Verilog file "C:/IIT_Bombay_Academics/Semester_2/EE705_VLSI_Design_Lab/Course_Project/FINAL_TEST2/FINAL_TEST2/FINAL_TEST2.srcs/sources_1/imports/COURSE PRPJECT/Decode/reg_file.v" into library xil_defaultlib
INFO: [VRFC 10-311] analyzing module register_file
INFO: [VRFC 10-2263] Analyzing Verilog file "C:/IIT_Bombay_Academics/Semester_2/EE705_VLSI_Design_Lab/Course_Project/FINAL_TEST2/FINAL_TEST2/FINAL_TEST2.srcs/sources_1/imports/COURSE PRPJECT/Decode/imm_extend.v" into library xil_defaultlib
INFO: [VRFC 10-311] analyzing module imm_extend
INFO: [VRFC 10-2263] Analyzing Verilog file "C:/IIT_Bombay_Academics/Semester_2/EE705_VLSI_Design_Lab/Course_Project/FINAL_TEST2/FINAL_TEST2/FINAL_TEST2.srcs/sources_1/imports/codes/min_csr.v" into library xil_defaultlib
INFO: [VRFC 10-311] analyzing module csr
INFO: [VRFC 10-2263] Analyzing Verilog file "C:/IIT_Bombay_Academics/Semester_2/EE705_VLSI_Design_Lab/Course_Project/FINAL_TEST2/FINAL_TEST2/FINAL_TEST2.srcs/sources_1/imports/codes/alu_fixed_point_mux.v" into library xil_defaultlib
INFO: [VRFC 10-311] analyzing module alu_fixed_point_mux
INFO: [VRFC 10-2263] Analyzing Verilog file "C:/IIT_Bombay_Academics/Semester_2/EE705_VLSI_Design_Lab/Course_Project/FINAL_TEST2/FINAL_TEST2/FINAL_TEST2.srcs/sources_1/imports/codes/csr_mux.v" into library xil_defaultlib
INFO: [VRFC 10-311] analyzing module csr_mux
INFO: [VRFC 10-2263] Analyzing Verilog file "C:/IIT_Bombay_Academics/Semester_2/EE705_VLSI_Design_Lab/Course_Project/FINAL_TEST2/FINAL_TEST2/FINAL_TEST2.srcs/sources_1/imports/codes/forwarding_mux.v" into library xil_defaultlib
INFO: [VRFC 10-311] analyzing module forwarding_mux
INFO: [VRFC 10-2263] Analyzing Verilog file "C:/IIT_Bombay_Academics/Semester_2/EE705_VLSI_Design_Lab/Course_Project/FINAL_TEST2/FINAL_TEST2/FINAL_TEST2.srcs/sources_1/imports/codes/alu_muxes.v" into library xil_defaultlib
INFO: [VRFC 10-311] analyzing module alu_muxes
INFO: [VRFC 10-2263] Analyzing Verilog file "C:/IIT_Bombay_Academics/Semester_2/EE705_VLSI_Design_Lab/Course_Project/FINAL_TEST2/FINAL_TEST2/FINAL_TEST2.srcs/sources_1/imports/codes/branch_fsm.v" into library xil_defaultlib
INFO: [VRFC 10-311] analyzing module branch_fsm
INFO: [VRFC 10-2263] Analyzing Verilog file "C:/IIT_Bombay_Academics/Semester_2/EE705_VLSI_Design_Lab/Course_Project/FINAL_TEST2/FINAL_TEST2/FINAL_TEST2.srcs/sources_1/imports/codes/mul_fsm.v" into library xil_defaultlib
INFO: [VRFC 10-311] analyzing module mul_fsm
INFO: [VRFC 10-2263] Analyzing Verilog file "C:/IIT_Bombay_Academics/Semester_2/EE705_VLSI_Design_Lab/Course_Project/FINAL_TEST2/FINAL_TEST2/FINAL_TEST2.srcs/sources_1/new/EX_MA_PR.v" into library xil_defaultlib
INFO: [VRFC 10-311] analyzing module EX_MA_PR
INFO: [VRFC 10-2263] Analyzing Verilog file "C:/IIT_Bombay_Academics/Semester_2/EE705_VLSI_Design_Lab/Course_Project/FINAL_TEST2/FINAL_TEST2/FINAL_TEST2.srcs/sources_1/new/MA_WB_PR.v" into library xil_defaultlib
INFO: [VRFC 10-311] analyzing module MA_WB_PR
INFO: [VRFC 10-2263] Analyzing Verilog file "C:/IIT_Bombay_Academics/Semester_2/EE705_VLSI_Design_Lab/Course_Project/FINAL_TEST2/FINAL_TEST2/FINAL_TEST2.srcs/sources_1/imports/codes/load_extend.v" into library xil_defaultlib
INFO: [VRFC 10-311] analyzing module load_extend
INFO: [VRFC 10-2263] Analyzing Verilog file "C:/IIT_Bombay_Academics/Semester_2/EE705_VLSI_Design_Lab/Course_Project/FINAL_TEST2/FINAL_TEST2/FINAL_TEST2.srcs/sources_1/new/Write_back_Mux.v" into library xil_defaultlib
INFO: [VRFC 10-311] analyzing module Write_back_Mux
INFO: [VRFC 10-2263] Analyzing Verilog file "C:/IIT_Bombay_Academics/Semester_2/EE705_VLSI_Design_Lab/Course_Project/FINAL_TEST2/FINAL_TEST2/FINAL_TEST2.srcs/sources_1/new/combinational.v" into library xil_defaultlib
INFO: [VRFC 10-311] analyzing module combinational
INFO: [VRFC 10-2263] Analyzing Verilog file "C:/IIT_Bombay_Academics/Semester_2/EE705_VLSI_Design_Lab/Course_Project/FINAL_TEST2/FINAL_TEST2/FINAL_TEST2.srcs/sources_1/imports/codes/inst_retire_mux.v" into library xil_defaultlib
INFO: [VRFC 10-311] analyzing module instr_retire_mux
INFO: [VRFC 10-2263] Analyzing Verilog file "C:/IIT_Bombay_Academics/Semester_2/EE705_VLSI_Design_Lab/Course_Project/FINAL_TEST2/FINAL_TEST2/FINAL_TEST2.srcs/sources_1/new/concat_2to1.v" into library xil_defaultlib
INFO: [VRFC 10-311] analyzing module concat_2to1
INFO: [VRFC 10-2263] Analyzing Verilog file "C:/IIT_Bombay_Academics/Semester_2/EE705_VLSI_Design_Lab/Course_Project/FINAL_TEST2/FINAL_TEST2/FINAL_TEST2.srcs/sources_1/new/hazard_unit.v" into library xil_defaultlib
INFO: [VRFC 10-311] analyzing module hazard_unit
INFO: [VRFC 10-2263] Analyzing Verilog file "C:/IIT_Bombay_Academics/Semester_2/EE705_VLSI_Design_Lab/Course_Project/FINAL_TEST2/FINAL_TEST2/FINAL_TEST2.srcs/sources_1/new/ID_EX_PR.v" into library xil_defaultlib
INFO: [VRFC 10-311] analyzing module ID_EX_PR
INFO: [VRFC 10-2263] Analyzing Verilog file "C:/IIT_Bombay_Academics/Semester_2/EE705_VLSI_Design_Lab/Course_Project/FINAL_TEST2/FINAL_TEST2/FINAL_TEST2.srcs/sources_1/imports/new/Booth_PP.v" into library xil_defaultlib
INFO: [VRFC 10-311] analyzing module Booth_PP
INFO: [VRFC 10-2263] Analyzing Verilog file "C:/IIT_Bombay_Academics/Semester_2/EE705_VLSI_Design_Lab/Course_Project/FINAL_TEST2/FINAL_TEST2/FINAL_TEST2.srcs/sources_1/imports/sources_1/imports/new/Dadda_Stage_1.v" into library xil_defaultlib
INFO: [VRFC 10-311] analyzing module Dadda_stage1
INFO: [VRFC 10-2263] Analyzing Verilog file "C:/IIT_Bombay_Academics/Semester_2/EE705_VLSI_Design_Lab/Course_Project/FINAL_TEST2/FINAL_TEST2/FINAL_TEST2.srcs/sources_1/imports/sources_1/imports/new/Dadda_stage_2.v" into library xil_defaultlib
INFO: [VRFC 10-311] analyzing module Dadda_stage2
INFO: [VRFC 10-2263] Analyzing Verilog file "C:/IIT_Bombay_Academics/Semester_2/EE705_VLSI_Design_Lab/Course_Project/FINAL_TEST2/FINAL_TEST2/FINAL_TEST2.srcs/sources_1/imports/sources_1/imports/new/mul_top.v" into library xil_defaultlib
INFO: [VRFC 10-311] analyzing module mul_top
INFO: [VRFC 10-2263] Analyzing Verilog file "C:/IIT_Bombay_Academics/Semester_2/EE705_VLSI_Design_Lab/Course_Project/FINAL_TEST2/FINAL_TEST2/FINAL_TEST2.srcs/sources_1/imports/sources_1/new/ALU_OPER.v" into library xil_defaultlib
INFO: [VRFC 10-311] analyzing module ALU_OPER
INFO: [VRFC 10-2263] Analyzing Verilog file "C:/IIT_Bombay_Academics/Semester_2/EE705_VLSI_Design_Lab/Course_Project/FINAL_TEST2/FINAL_TEST2/FINAL_TEST2.srcs/sources_1/new/IF_ID_PR.v" into library xil_defaultlib
INFO: [VRFC 10-311] analyzing module IF_ID_PR
INFO: [VRFC 10-2263] Analyzing Verilog file "C:/IIT_Bombay_Academics/Semester_2/EE705_VLSI_Design_Lab/Course_Project/FINAL_TEST2/FINAL_TEST2/FINAL_TEST2.srcs/sources_1/new/OR_gate.v" into library xil_defaultlib
INFO: [VRFC 10-311] analyzing module or_gate
INFO: [VRFC 10-2263] Analyzing Verilog file "C:/IIT_Bombay_Academics/Semester_2/EE705_VLSI_Design_Lab/Course_Project/FINAL_TEST2/FINAL_TEST2/FINAL_TEST2.srcs/sources_1/imports/codes/controller.v" into library xil_defaultlib
INFO: [VRFC 10-311] analyzing module controller
INFO: [VRFC 10-2263] Analyzing Verilog file "C:/IIT_Bombay_Academics/Semester_2/EE705_VLSI_Design_Lab/Course_Project/FINAL_TEST2/FINAL_TEST2/FINAL_TEST2.srcs/sources_1/imports/DESIGN LAB/pc.v" into library xil_defaultlib
INFO: [VRFC 10-311] analyzing module pc
INFO: [VRFC 10-2263] Analyzing Verilog file "C:/IIT_Bombay_Academics/Semester_2/EE705_VLSI_Design_Lab/Course_Project/FINAL_TEST2/FINAL_TEST2/FINAL_TEST2.ip_user_files/bd/RiscV_BD/ip/RiscV_BD_Q16_16_Mult_0_0/sim/RiscV_BD_Q16_16_Mult_0_0.v" into library xil_defaultlib
INFO: [VRFC 10-311] analyzing module RiscV_BD_Q16_16_Mult_0_0
INFO: [VRFC 10-2263] Analyzing Verilog file "C:/IIT_Bombay_Academics/Semester_2/EE705_VLSI_Design_Lab/Course_Project/FINAL_TEST2/FINAL_TEST2/FINAL_TEST2.ip_user_files/bd/RiscV_BD/ip/RiscV_BD_register_file_0_0/sim/RiscV_BD_register_file_0_0.v" into library xil_defaultlib
INFO: [VRFC 10-311] analyzing module RiscV_BD_register_file_0_0
INFO: [VRFC 10-2263] Analyzing Verilog file "C:/IIT_Bombay_Academics/Semester_2/EE705_VLSI_Design_Lab/Course_Project/FINAL_TEST2/FINAL_TEST2/FINAL_TEST2.ip_user_files/bd/RiscV_BD/ip/RiscV_BD_imm_extend_0_0/sim/RiscV_BD_imm_extend_0_0.v" into library xil_defaultlib
INFO: [VRFC 10-311] analyzing module RiscV_BD_imm_extend_0_0
INFO: [VRFC 10-2263] Analyzing Verilog file "C:/IIT_Bombay_Academics/Semester_2/EE705_VLSI_Design_Lab/Course_Project/FINAL_TEST2/FINAL_TEST2/FINAL_TEST2.ip_user_files/bd/RiscV_BD/ip/RiscV_BD_csr_0_0/sim/RiscV_BD_csr_0_0.v" into library xil_defaultlib
INFO: [VRFC 10-311] analyzing module RiscV_BD_csr_0_0
INFO: [VRFC 10-2263] Analyzing Verilog file "C:/IIT_Bombay_Academics/Semester_2/EE705_VLSI_Design_Lab/Course_Project/FINAL_TEST2/FINAL_TEST2/FINAL_TEST2.ip_user_files/bd/RiscV_BD/ip/RiscV_BD_alu_fixed_point_mux_0_0/sim/RiscV_BD_alu_fixed_point_mux_0_0.v" into library xil_defaultlib
INFO: [VRFC 10-311] analyzing module RiscV_BD_alu_fixed_point_mux_0_0
INFO: [VRFC 10-2263] Analyzing Verilog file "C:/IIT_Bombay_Academics/Semester_2/EE705_VLSI_Design_Lab/Course_Project/FINAL_TEST2/FINAL_TEST2/FINAL_TEST2.ip_user_files/bd/RiscV_BD/ip/RiscV_BD_csr_mux_0_0/sim/RiscV_BD_csr_mux_0_0.v" into library xil_defaultlib
INFO: [VRFC 10-311] analyzing module RiscV_BD_csr_mux_0_0
INFO: [VRFC 10-2263] Analyzing Verilog file "C:/IIT_Bombay_Academics/Semester_2/EE705_VLSI_Design_Lab/Course_Project/FINAL_TEST2/FINAL_TEST2/FINAL_TEST2.ip_user_files/bd/RiscV_BD/ip/RiscV_BD_forwarding_mux_0_0/sim/RiscV_BD_forwarding_mux_0_0.v" into library xil_defaultlib
INFO: [VRFC 10-311] analyzing module RiscV_BD_forwarding_mux_0_0
INFO: [VRFC 10-2263] Analyzing Verilog file "C:/IIT_Bombay_Academics/Semester_2/EE705_VLSI_Design_Lab/Course_Project/FINAL_TEST2/FINAL_TEST2/FINAL_TEST2.ip_user_files/bd/RiscV_BD/ip/RiscV_BD_alu_muxes_0_2/sim/RiscV_BD_alu_muxes_0_2.v" into library xil_defaultlib
INFO: [VRFC 10-311] analyzing module RiscV_BD_alu_muxes_0_2
INFO: [VRFC 10-2263] Analyzing Verilog file "C:/IIT_Bombay_Academics/Semester_2/EE705_VLSI_Design_Lab/Course_Project/FINAL_TEST2/FINAL_TEST2/FINAL_TEST2.ip_user_files/bd/RiscV_BD/ip/RiscV_BD_branch_fsm_0_0/sim/RiscV_BD_branch_fsm_0_0.v" into library xil_defaultlib
INFO: [VRFC 10-311] analyzing module RiscV_BD_branch_fsm_0_0
INFO: [VRFC 10-2263] Analyzing Verilog file "C:/IIT_Bombay_Academics/Semester_2/EE705_VLSI_Design_Lab/Course_Project/FINAL_TEST2/FINAL_TEST2/FINAL_TEST2.ip_user_files/bd/RiscV_BD/ip/RiscV_BD_mul_fsm_0_0/sim/RiscV_BD_mul_fsm_0_0.v" into library xil_defaultlib
INFO: [VRFC 10-311] analyzing module RiscV_BD_mul_fsm_0_0
INFO: [VRFC 10-2263] Analyzing Verilog file "C:/IIT_Bombay_Academics/Semester_2/EE705_VLSI_Design_Lab/Course_Project/FINAL_TEST2/FINAL_TEST2/FINAL_TEST2.ip_user_files/bd/RiscV_BD/ip/RiscV_BD_EX_MA_PR_0_0/sim/RiscV_BD_EX_MA_PR_0_0.v" into library xil_defaultlib
INFO: [VRFC 10-311] analyzing module RiscV_BD_EX_MA_PR_0_0
INFO: [VRFC 10-2263] Analyzing Verilog file "C:/IIT_Bombay_Academics/Semester_2/EE705_VLSI_Design_Lab/Course_Project/FINAL_TEST2/FINAL_TEST2/FINAL_TEST2.ip_user_files/bd/RiscV_BD/ip/RiscV_BD_MA_WB_PR_0_0/sim/RiscV_BD_MA_WB_PR_0_0.v" into library xil_defaultlib
INFO: [VRFC 10-311] analyzing module RiscV_BD_MA_WB_PR_0_0
INFO: [VRFC 10-2263] Analyzing Verilog file "C:/IIT_Bombay_Academics/Semester_2/EE705_VLSI_Design_Lab/Course_Project/FINAL_TEST2/FINAL_TEST2/FINAL_TEST2.ip_user_files/bd/RiscV_BD/ip/RiscV_BD_load_extend_0_0/sim/RiscV_BD_load_extend_0_0.v" into library xil_defaultlib
INFO: [VRFC 10-311] analyzing module RiscV_BD_load_extend_0_0
INFO: [VRFC 10-2263] Analyzing Verilog file "C:/IIT_Bombay_Academics/Semester_2/EE705_VLSI_Design_Lab/Course_Project/FINAL_TEST2/FINAL_TEST2/FINAL_TEST2.ip_user_files/bd/RiscV_BD/ip/RiscV_BD_Write_back_Mux_0_0/sim/RiscV_BD_Write_back_Mux_0_0.v" into library xil_defaultlib
INFO: [VRFC 10-311] analyzing module RiscV_BD_Write_back_Mux_0_0
INFO: [VRFC 10-2263] Analyzing Verilog file "C:/IIT_Bombay_Academics/Semester_2/EE705_VLSI_Design_Lab/Course_Project/FINAL_TEST2/FINAL_TEST2/FINAL_TEST2.ip_user_files/bd/RiscV_BD/ip/RiscV_BD_combinational_0_0/sim/RiscV_BD_combinational_0_0.v" into library xil_defaultlib
INFO: [VRFC 10-311] analyzing module RiscV_BD_combinational_0_0
INFO: [VRFC 10-2263] Analyzing Verilog file "C:/IIT_Bombay_Academics/Semester_2/EE705_VLSI_Design_Lab/Course_Project/FINAL_TEST2/FINAL_TEST2/FINAL_TEST2.ip_user_files/bd/RiscV_BD/ip/RiscV_BD_instr_retire_mux_0_0/sim/RiscV_BD_instr_retire_mux_0_0.v" into library xil_defaultlib
INFO: [VRFC 10-311] analyzing module RiscV_BD_instr_retire_mux_0_0
INFO: [VRFC 10-2263] Analyzing Verilog file "C:/IIT_Bombay_Academics/Semester_2/EE705_VLSI_Design_Lab/Course_Project/FINAL_TEST2/FINAL_TEST2/FINAL_TEST2.ip_user_files/bd/RiscV_BD/ip/RiscV_BD_concat_2to1_0_0/sim/RiscV_BD_concat_2to1_0_0.v" into library xil_defaultlib
INFO: [VRFC 10-311] analyzing module RiscV_BD_concat_2to1_0_0
INFO: [VRFC 10-2263] Analyzing Verilog file "C:/IIT_Bombay_Academics/Semester_2/EE705_VLSI_Design_Lab/Course_Project/FINAL_TEST2/FINAL_TEST2/FINAL_TEST2.ip_user_files/bd/RiscV_BD/ip/RiscV_BD_concat_2to1_1_0/sim/RiscV_BD_concat_2to1_1_0.v" into library xil_defaultlib
INFO: [VRFC 10-311] analyzing module RiscV_BD_concat_2to1_1_0
INFO: [VRFC 10-2263] Analyzing Verilog file "C:/IIT_Bombay_Academics/Semester_2/EE705_VLSI_Design_Lab/Course_Project/FINAL_TEST2/FINAL_TEST2/FINAL_TEST2.ip_user_files/bd/RiscV_BD/ip/RiscV_BD_hazard_unit_0_0/sim/RiscV_BD_hazard_unit_0_0.v" into library xil_defaultlib
INFO: [VRFC 10-311] analyzing module RiscV_BD_hazard_unit_0_0
INFO: [VRFC 10-2263] Analyzing Verilog file "C:/IIT_Bombay_Academics/Semester_2/EE705_VLSI_Design_Lab/Course_Project/FINAL_TEST2/FINAL_TEST2/FINAL_TEST2.ip_user_files/bd/RiscV_BD/ip/RiscV_BD_concat_2to1_2_0/sim/RiscV_BD_concat_2to1_2_0.v" into library xil_defaultlib
INFO: [VRFC 10-311] analyzing module RiscV_BD_concat_2to1_2_0
INFO: [VRFC 10-2263] Analyzing Verilog file "C:/IIT_Bombay_Academics/Semester_2/EE705_VLSI_Design_Lab/Course_Project/FINAL_TEST2/FINAL_TEST2/FINAL_TEST2.ip_user_files/bd/RiscV_BD/ip/RiscV_BD_ID_EX_PR_0_0/sim/RiscV_BD_ID_EX_PR_0_0.v" into library xil_defaultlib
INFO: [VRFC 10-311] analyzing module RiscV_BD_ID_EX_PR_0_0
INFO: [VRFC 10-2263] Analyzing Verilog file "C:/IIT_Bombay_Academics/Semester_2/EE705_VLSI_Design_Lab/Course_Project/FINAL_TEST2/FINAL_TEST2/FINAL_TEST2.ip_user_files/bd/RiscV_BD/ip/RiscV_BD_ALU_OPER_0_0/sim/RiscV_BD_ALU_OPER_0_0.v" into library xil_defaultlib
INFO: [VRFC 10-311] analyzing module RiscV_BD_ALU_OPER_0_0
INFO: [VRFC 10-2263] Analyzing Verilog file "C:/IIT_Bombay_Academics/Semester_2/EE705_VLSI_Design_Lab/Course_Project/FINAL_TEST2/FINAL_TEST2/FINAL_TEST2.ip_user_files/bd/RiscV_BD/ip/RiscV_BD_IF_ID_PR_0_0/sim/RiscV_BD_IF_ID_PR_0_0.v" into library xil_defaultlib
INFO: [VRFC 10-311] analyzing module RiscV_BD_IF_ID_PR_0_0
INFO: [VRFC 10-2263] Analyzing Verilog file "C:/IIT_Bombay_Academics/Semester_2/EE705_VLSI_Design_Lab/Course_Project/FINAL_TEST2/FINAL_TEST2/FINAL_TEST2.ip_user_files/bd/RiscV_BD/ip/RiscV_BD_or_gate_1_0/sim/RiscV_BD_or_gate_1_0.v" into library xil_defaultlib
INFO: [VRFC 10-311] analyzing module RiscV_BD_or_gate_1_0
INFO: [VRFC 10-2263] Analyzing Verilog file "C:/IIT_Bombay_Academics/Semester_2/EE705_VLSI_Design_Lab/Course_Project/FINAL_TEST2/FINAL_TEST2/FINAL_TEST2.ip_user_files/bd/RiscV_BD/ip/RiscV_BD_controller_0_0/sim/RiscV_BD_controller_0_0.v" into library xil_defaultlib
INFO: [VRFC 10-311] analyzing module RiscV_BD_controller_0_0
INFO: [VRFC 10-2263] Analyzing Verilog file "C:/IIT_Bombay_Academics/Semester_2/EE705_VLSI_Design_Lab/Course_Project/FINAL_TEST2/FINAL_TEST2/FINAL_TEST2.ip_user_files/bd/RiscV_BD/ip/RiscV_BD_pc_0_0/sim/RiscV_BD_pc_0_0.v" into library xil_defaultlib
INFO: [VRFC 10-311] analyzing module RiscV_BD_pc_0_0
INFO: [VRFC 10-2263] Analyzing Verilog file "C:/IIT_Bombay_Academics/Semester_2/EE705_VLSI_Design_Lab/Course_Project/FINAL_TEST2/FINAL_TEST2/FINAL_TEST2.ip_user_files/bd/RiscV_BD/ip/RiscV_BD_instr_mem_0_0/sim/RiscV_BD_instr_mem_0_0.v" into library xil_defaultlib
INFO: [VRFC 10-311] analyzing module RiscV_BD_instr_mem_0_0
INFO: [VRFC 10-2263] Analyzing Verilog file "C:/IIT_Bombay_Academics/Semester_2/EE705_VLSI_Design_Lab/Course_Project/FINAL_TEST2/FINAL_TEST2/FINAL_TEST2.ip_user_files/bd/RiscV_BD/ip/RiscV_BD_data_mem_0_0/sim/RiscV_BD_data_mem_0_0.v" into library xil_defaultlib
INFO: [VRFC 10-311] analyzing module RiscV_BD_data_mem_0_0
INFO: [VRFC 10-2263] Analyzing Verilog file "C:/IIT_Bombay_Academics/Semester_2/EE705_VLSI_Design_Lab/Course_Project/FINAL_TEST2/FINAL_TEST2/FINAL_TEST2.ip_user_files/bd/RiscV_BD/sim/RiscV_BD.v" into library xil_defaultlib
INFO: [VRFC 10-311] analyzing module RiscV_BD
INFO: [VRFC 10-2263] Analyzing Verilog file "C:/IIT_Bombay_Academics/Semester_2/EE705_VLSI_Design_Lab/Course_Project/FINAL_TEST2/FINAL_TEST2/FINAL_TEST2.gen/sources_1/bd/RiscV_BD/hdl/RiscV_BD_wrapper.v" into library xil_defaultlib
INFO: [VRFC 10-311] analyzing module RiscV_BD_wrapper
INFO: [VRFC 10-2263] Analyzing Verilog file "C:/IIT_Bombay_Academics/Semester_2/EE705_VLSI_Design_Lab/Course_Project/FINAL_TEST2/FINAL_TEST2/FINAL_TEST2.srcs/sim_1/new/RiscV_BD_wrapper_tb.v" into library xil_defaultlib
INFO: [VRFC 10-311] analyzing module RiscV_BD_wrapper_tb
"xvhdl --incr --relax -prj RiscV_BD_wrapper_tb_vhdl.prj"
INFO: [VRFC 10-163] Analyzing VHDL file "C:/IIT_Bombay_Academics/Semester_2/EE705_VLSI_Design_Lab/Course_Project/FINAL_TEST2/FINAL_TEST2/FINAL_TEST2.srcs/sources_1/new/data_mem.vhd" into library xil_defaultlib
INFO: [VRFC 10-3107] analyzing entity 'data_mem'
run_program: Time (s): cpu = 00:00:01 ; elapsed = 00:00:08 . Memory (MB): peak = 1626.828 ; gain = 0.000
INFO: [USF-XSim-69] 'compile' step finished in '8' seconds
launch_simulation: Time (s): cpu = 00:00:03 ; elapsed = 00:00:26 . Memory (MB): peak = 1626.828 ; gain = 0.000
Command: launch_simulation -simset sim_1 -mode behavioral
INFO: [Vivado 12-5682] Launching behavioral simulation in 'C:/IIT_Bombay_Academics/Semester_2/EE705_VLSI_Design_Lab/Course_Project/FINAL_TEST2/FINAL_TEST2/FINAL_TEST2.sim/sim_1/behav/xsim'
INFO: [Vivado 12-4795] Using compiled simulation libraries for IPs
INFO: [USF-XSim-3] XSim::Elaborate design
INFO: [USF-XSim-61] Executing 'ELABORATE' step in 'C:/IIT_Bombay_Academics/Semester_2/EE705_VLSI_Design_Lab/Course_Project/FINAL_TEST2/FINAL_TEST2/FINAL_TEST2.sim/sim_1/behav/xsim'
"xelab -wto 825d914d5bae4902b22375897d789401 --incr --debug typical --relax --mt 2 -L xil_defaultlib -L unisims_ver -L unimacro_ver -L secureip -L xpm --snapshot RiscV_BD_wrapper_tb_behav xil_defaultlib.RiscV_BD_wrapper_tb xil_defaultlib.glbl -log elaborate.log"
Vivado Simulator 2020.2
Copyright 1986-1999, 2001-2020 Xilinx, Inc. All Rights Reserved.
Running: C:/Xilinx/Vivado/2020.2/bin/unwrapped/win64.o/xelab.exe -wto 825d914d5bae4902b22375897d789401 --incr --debug typical --relax --mt 2 -L xil_defaultlib -L unisims_ver -L unimacro_ver -L secureip -L xpm --snapshot RiscV_BD_wrapper_tb_behav xil_defaultlib.RiscV_BD_wrapper_tb xil_defaultlib.glbl -log elaborate.log 
Using 2 slave threads.
Starting static elaboration
Pass Through NonSizing Optimizer
Completed static elaboration
Starting simulation data flow analysis
Completed simulation data flow analysis
Time Resolution for simulation is 1ps
Compiling package std.standard
Compiling package std.textio
Compiling package ieee.std_logic_1164
Compiling package ieee.numeric_std
Compiling module xil_defaultlib.Booth_PP
Compiling module xil_defaultlib.Dadda_stage1
Compiling module xil_defaultlib.Dadda_stage2
Compiling module xil_defaultlib.mul_top
Compiling module xil_defaultlib.ALU_OPER
Compiling module xil_defaultlib.RiscV_BD_ALU_OPER_0_0
Compiling module xil_defaultlib.EX_MA_PR
Compiling module xil_defaultlib.RiscV_BD_EX_MA_PR_0_0
Compiling module xil_defaultlib.ID_EX_PR
Compiling module xil_defaultlib.RiscV_BD_ID_EX_PR_0_0
Compiling module xil_defaultlib.IF_ID_PR
Compiling module xil_defaultlib.RiscV_BD_IF_ID_PR_0_0
Compiling module xil_defaultlib.MA_WB_PR
Compiling module xil_defaultlib.RiscV_BD_MA_WB_PR_0_0
Compiling module xil_defaultlib.Booth_PP_FM
Compiling module xil_defaultlib.Dadda_tree
Compiling module xil_defaultlib.Q16_16_Mult
Compiling module xil_defaultlib.RiscV_BD_Q16_16_Mult_0_0
Compiling module xil_defaultlib.Write_back_Mux
Compiling module xil_defaultlib.RiscV_BD_Write_back_Mux_0_0
Compiling module xil_defaultlib.alu_fixed_point_mux
Compiling module xil_defaultlib.RiscV_BD_alu_fixed_point_mux_0_0
Compiling module xil_defaultlib.alu_muxes
Compiling module xil_defaultlib.RiscV_BD_alu_muxes_0_2
Compiling module xil_defaultlib.branch_fsm
Compiling module xil_defaultlib.RiscV_BD_branch_fsm_0_0
Compiling module xil_defaultlib.combinational
Compiling module xil_defaultlib.RiscV_BD_combinational_0_0
Compiling module xil_defaultlib.concat_2to1
Compiling module xil_defaultlib.RiscV_BD_concat_2to1_0_0
Compiling module xil_defaultlib.RiscV_BD_concat_2to1_1_0
Compiling module xil_defaultlib.RiscV_BD_concat_2to1_2_0
Compiling module xil_defaultlib.controller
Compiling module xil_defaultlib.RiscV_BD_controller_0_0
Compiling module xil_defaultlib.csr
Compiling module xil_defaultlib.RiscV_BD_csr_0_0
Compiling module xil_defaultlib.csr_mux
Compiling module xil_defaultlib.RiscV_BD_csr_mux_0_0
Compiling architecture dmem_arch of entity xil_defaultlib.data_mem [data_mem_default]
Compiling module xil_defaultlib.RiscV_BD_data_mem_0_0
Compiling module xil_defaultlib.forwarding_mux
Compiling module xil_defaultlib.RiscV_BD_forwarding_mux_0_0
Compiling module xil_defaultlib.hazard_unit
Compiling module xil_defaultlib.RiscV_BD_hazard_unit_0_0
Compiling module xil_defaultlib.imm_extend
Compiling module xil_defaultlib.RiscV_BD_imm_extend_0_0
Compiling architecture mem_arch of entity xil_defaultlib.instr_mem [instr_mem_default]
Compiling module xil_defaultlib.RiscV_BD_instr_mem_0_0
Compiling module xil_defaultlib.instr_retire_mux
Compiling module xil_defaultlib.RiscV_BD_instr_retire_mux_0_0
Compiling module xil_defaultlib.load_extend
Compiling module xil_defaultlib.RiscV_BD_load_extend_0_0
Compiling module xil_defaultlib.mul_fsm
Compiling module xil_defaultlib.RiscV_BD_mul_fsm_0_0
Compiling module xil_defaultlib.or_gate
Compiling module xil_defaultlib.RiscV_BD_or_gate_1_0
Compiling module xil_defaultlib.pc
Compiling module xil_defaultlib.RiscV_BD_pc_0_0
Compiling module xil_defaultlib.register_file
Compiling module xil_defaultlib.RiscV_BD_register_file_0_0
Compiling module xil_defaultlib.RiscV_BD
Compiling module xil_defaultlib.RiscV_BD_wrapper
Compiling module xil_defaultlib.RiscV_BD_wrapper_tb
Compiling module xil_defaultlib.glbl
Built simulation snapshot RiscV_BD_wrapper_tb_behav
INFO: [USF-XSim-69] 'elaborate' step finished in '4' seconds
Vivado Simulator 2020.2
INFO: [Wavedata 42-565] Reading protoinst file protoinst_files/RiscV_BD.protoinst
Time resolution is 1 ps
ERROR: Index 262146 out of bound 0 to 1023
Time: 135 ps  Iteration: 3  Process: /RiscV_BD_wrapper_tb/uut/RiscV_BD_i/data_mem_0/inst/line__80
  File: C:/IIT_Bombay_Academics/Semester_2/EE705_VLSI_Design_Lab/Course_Project/FINAL_TEST2/FINAL_TEST2/FINAL_TEST2.srcs/sources_1/new/data_mem.vhd

HDL Line: C:/IIT_Bombay_Academics/Semester_2/EE705_VLSI_Design_Lab/Course_Project/FINAL_TEST2/FINAL_TEST2/FINAL_TEST2.srcs/sources_1/new/data_mem.vhd:81
relaunch_sim: Time (s): cpu = 00:00:05 ; elapsed = 00:00:35 . Memory (MB): peak = 1628.555 ; gain = 1.727
save_wave_config {C:/IIT_Bombay_Academics/Semester_2/EE705_VLSI_Design_Lab/Course_Project/FINAL_TEST2/FINAL_TEST2/FINAL_TEST2.srcs/sim_1/imports/VLSI_RISC_V_IM/RiscV_BD_wrapper_tb_behav.wcfg}
relaunch_sim
Command: launch_simulation -simset sim_1 -mode behavioral
INFO: [Vivado 12-5682] Launching behavioral simulation in 'C:/IIT_Bombay_Academics/Semester_2/EE705_VLSI_Design_Lab/Course_Project/FINAL_TEST2/FINAL_TEST2/FINAL_TEST2.sim/sim_1/behav/xsim'
INFO: [Vivado 12-4795] Using compiled simulation libraries for IPs
INFO: [SIM-utils-51] Simulation object is 'sim_1'
INFO: [USF-XSim-7] Finding pre-compiled libraries...
INFO: [USF-XSim-11] File 'C:/Xilinx/Vivado/2020.2/data/xsim/xsim.ini' copied to run dir:'C:/IIT_Bombay_Academics/Semester_2/EE705_VLSI_Design_Lab/Course_Project/FINAL_TEST2/FINAL_TEST2/FINAL_TEST2.sim/sim_1/behav/xsim'
INFO: [SIM-utils-54] Inspecting design source files for 'RiscV_BD_wrapper_tb' in fileset 'sim_1'...
INFO: [SIM-utils-43] Exported 'C:/IIT_Bombay_Academics/Semester_2/EE705_VLSI_Design_Lab/Course_Project/FINAL_TEST2/FINAL_TEST2/FINAL_TEST2.sim/sim_1/behav/xsim/instruction_memory.coe'
INFO: [SIM-utils-43] Exported 'C:/IIT_Bombay_Academics/Semester_2/EE705_VLSI_Design_Lab/Course_Project/FINAL_TEST2/FINAL_TEST2/FINAL_TEST2.sim/sim_1/behav/xsim/data_memory.coe'
INFO: [SIM-utils-43] Exported 'C:/IIT_Bombay_Academics/Semester_2/EE705_VLSI_Design_Lab/Course_Project/FINAL_TEST2/FINAL_TEST2/FINAL_TEST2.sim/sim_1/behav/xsim/instruction_memory.coe'
INFO: [SIM-utils-43] Exported 'C:/IIT_Bombay_Academics/Semester_2/EE705_VLSI_Design_Lab/Course_Project/FINAL_TEST2/FINAL_TEST2/FINAL_TEST2.sim/sim_1/behav/xsim/instruction_memory.coe'
INFO: [SIM-utils-43] Exported 'C:/IIT_Bombay_Academics/Semester_2/EE705_VLSI_Design_Lab/Course_Project/FINAL_TEST2/FINAL_TEST2/FINAL_TEST2.sim/sim_1/behav/xsim/data_memory.coe'
INFO: [USF-XSim-97] Finding global include files...
INFO: [USF-XSim-98] Fetching design files from 'sim_1'...
INFO: [USF-XSim-2] XSim::Compile design
INFO: [USF-XSim-61] Executing 'COMPILE and ANALYZE' step in 'C:/IIT_Bombay_Academics/Semester_2/EE705_VLSI_Design_Lab/Course_Project/FINAL_TEST2/FINAL_TEST2/FINAL_TEST2.sim/sim_1/behav/xsim'
"xvlog --incr --relax -prj RiscV_BD_wrapper_tb_vlog.prj"
INFO: [VRFC 10-2263] Analyzing Verilog file "C:/IIT_Bombay_Academics/Semester_2/EE705_VLSI_Design_Lab/Course_Project/FINAL_TEST2/FINAL_TEST2/FINAL_TEST2.srcs/sources_1/imports/sources_1/imports/new/Booth_PP.v" into library xil_defaultlib
INFO: [VRFC 10-311] analyzing module Booth_PP_FM
INFO: [VRFC 10-2263] Analyzing Verilog file "C:/IIT_Bombay_Academics/Semester_2/EE705_VLSI_Design_Lab/Course_Project/FINAL_TEST2/FINAL_TEST2/FINAL_TEST2.srcs/sources_1/imports/new/Dadda_tree.v" into library xil_defaultlib
INFO: [VRFC 10-311] analyzing module Dadda_tree
INFO: [VRFC 10-2263] Analyzing Verilog file "C:/IIT_Bombay_Academics/Semester_2/EE705_VLSI_Design_Lab/Course_Project/FINAL_TEST2/FINAL_TEST2/FINAL_TEST2.srcs/sources_1/imports/new/Q16_16.v" into library xil_defaultlib
INFO: [VRFC 10-311] analyzing module Q16_16_Mult
INFO: [VRFC 10-2263] Analyzing Verilog file "C:/IIT_Bombay_Academics/Semester_2/EE705_VLSI_Design_Lab/Course_Project/FINAL_TEST2/FINAL_TEST2/FINAL_TEST2.srcs/sources_1/imports/COURSE PRPJECT/Decode/reg_file.v" into library xil_defaultlib
INFO: [VRFC 10-311] analyzing module register_file
INFO: [VRFC 10-2263] Analyzing Verilog file "C:/IIT_Bombay_Academics/Semester_2/EE705_VLSI_Design_Lab/Course_Project/FINAL_TEST2/FINAL_TEST2/FINAL_TEST2.srcs/sources_1/imports/COURSE PRPJECT/Decode/imm_extend.v" into library xil_defaultlib
INFO: [VRFC 10-311] analyzing module imm_extend
INFO: [VRFC 10-2263] Analyzing Verilog file "C:/IIT_Bombay_Academics/Semester_2/EE705_VLSI_Design_Lab/Course_Project/FINAL_TEST2/FINAL_TEST2/FINAL_TEST2.srcs/sources_1/imports/codes/min_csr.v" into library xil_defaultlib
INFO: [VRFC 10-311] analyzing module csr
INFO: [VRFC 10-2263] Analyzing Verilog file "C:/IIT_Bombay_Academics/Semester_2/EE705_VLSI_Design_Lab/Course_Project/FINAL_TEST2/FINAL_TEST2/FINAL_TEST2.srcs/sources_1/imports/codes/alu_fixed_point_mux.v" into library xil_defaultlib
INFO: [VRFC 10-311] analyzing module alu_fixed_point_mux
INFO: [VRFC 10-2263] Analyzing Verilog file "C:/IIT_Bombay_Academics/Semester_2/EE705_VLSI_Design_Lab/Course_Project/FINAL_TEST2/FINAL_TEST2/FINAL_TEST2.srcs/sources_1/imports/codes/csr_mux.v" into library xil_defaultlib
INFO: [VRFC 10-311] analyzing module csr_mux
INFO: [VRFC 10-2263] Analyzing Verilog file "C:/IIT_Bombay_Academics/Semester_2/EE705_VLSI_Design_Lab/Course_Project/FINAL_TEST2/FINAL_TEST2/FINAL_TEST2.srcs/sources_1/imports/codes/forwarding_mux.v" into library xil_defaultlib
INFO: [VRFC 10-311] analyzing module forwarding_mux
INFO: [VRFC 10-2263] Analyzing Verilog file "C:/IIT_Bombay_Academics/Semester_2/EE705_VLSI_Design_Lab/Course_Project/FINAL_TEST2/FINAL_TEST2/FINAL_TEST2.srcs/sources_1/imports/codes/alu_muxes.v" into library xil_defaultlib
INFO: [VRFC 10-311] analyzing module alu_muxes
INFO: [VRFC 10-2263] Analyzing Verilog file "C:/IIT_Bombay_Academics/Semester_2/EE705_VLSI_Design_Lab/Course_Project/FINAL_TEST2/FINAL_TEST2/FINAL_TEST2.srcs/sources_1/imports/codes/branch_fsm.v" into library xil_defaultlib
INFO: [VRFC 10-311] analyzing module branch_fsm
INFO: [VRFC 10-2263] Analyzing Verilog file "C:/IIT_Bombay_Academics/Semester_2/EE705_VLSI_Design_Lab/Course_Project/FINAL_TEST2/FINAL_TEST2/FINAL_TEST2.srcs/sources_1/imports/codes/mul_fsm.v" into library xil_defaultlib
INFO: [VRFC 10-311] analyzing module mul_fsm
INFO: [VRFC 10-2263] Analyzing Verilog file "C:/IIT_Bombay_Academics/Semester_2/EE705_VLSI_Design_Lab/Course_Project/FINAL_TEST2/FINAL_TEST2/FINAL_TEST2.srcs/sources_1/new/EX_MA_PR.v" into library xil_defaultlib
INFO: [VRFC 10-311] analyzing module EX_MA_PR
INFO: [VRFC 10-2263] Analyzing Verilog file "C:/IIT_Bombay_Academics/Semester_2/EE705_VLSI_Design_Lab/Course_Project/FINAL_TEST2/FINAL_TEST2/FINAL_TEST2.srcs/sources_1/new/MA_WB_PR.v" into library xil_defaultlib
INFO: [VRFC 10-311] analyzing module MA_WB_PR
INFO: [VRFC 10-2263] Analyzing Verilog file "C:/IIT_Bombay_Academics/Semester_2/EE705_VLSI_Design_Lab/Course_Project/FINAL_TEST2/FINAL_TEST2/FINAL_TEST2.srcs/sources_1/imports/codes/load_extend.v" into library xil_defaultlib
INFO: [VRFC 10-311] analyzing module load_extend
INFO: [VRFC 10-2263] Analyzing Verilog file "C:/IIT_Bombay_Academics/Semester_2/EE705_VLSI_Design_Lab/Course_Project/FINAL_TEST2/FINAL_TEST2/FINAL_TEST2.srcs/sources_1/new/Write_back_Mux.v" into library xil_defaultlib
INFO: [VRFC 10-311] analyzing module Write_back_Mux
INFO: [VRFC 10-2263] Analyzing Verilog file "C:/IIT_Bombay_Academics/Semester_2/EE705_VLSI_Design_Lab/Course_Project/FINAL_TEST2/FINAL_TEST2/FINAL_TEST2.srcs/sources_1/new/combinational.v" into library xil_defaultlib
INFO: [VRFC 10-311] analyzing module combinational
INFO: [VRFC 10-2263] Analyzing Verilog file "C:/IIT_Bombay_Academics/Semester_2/EE705_VLSI_Design_Lab/Course_Project/FINAL_TEST2/FINAL_TEST2/FINAL_TEST2.srcs/sources_1/imports/codes/inst_retire_mux.v" into library xil_defaultlib
INFO: [VRFC 10-311] analyzing module instr_retire_mux
INFO: [VRFC 10-2263] Analyzing Verilog file "C:/IIT_Bombay_Academics/Semester_2/EE705_VLSI_Design_Lab/Course_Project/FINAL_TEST2/FINAL_TEST2/FINAL_TEST2.srcs/sources_1/new/concat_2to1.v" into library xil_defaultlib
INFO: [VRFC 10-311] analyzing module concat_2to1
INFO: [VRFC 10-2263] Analyzing Verilog file "C:/IIT_Bombay_Academics/Semester_2/EE705_VLSI_Design_Lab/Course_Project/FINAL_TEST2/FINAL_TEST2/FINAL_TEST2.srcs/sources_1/new/hazard_unit.v" into library xil_defaultlib
INFO: [VRFC 10-311] analyzing module hazard_unit
INFO: [VRFC 10-2263] Analyzing Verilog file "C:/IIT_Bombay_Academics/Semester_2/EE705_VLSI_Design_Lab/Course_Project/FINAL_TEST2/FINAL_TEST2/FINAL_TEST2.srcs/sources_1/new/ID_EX_PR.v" into library xil_defaultlib
INFO: [VRFC 10-311] analyzing module ID_EX_PR
INFO: [VRFC 10-2263] Analyzing Verilog file "C:/IIT_Bombay_Academics/Semester_2/EE705_VLSI_Design_Lab/Course_Project/FINAL_TEST2/FINAL_TEST2/FINAL_TEST2.srcs/sources_1/imports/new/Booth_PP.v" into library xil_defaultlib
INFO: [VRFC 10-311] analyzing module Booth_PP
INFO: [VRFC 10-2263] Analyzing Verilog file "C:/IIT_Bombay_Academics/Semester_2/EE705_VLSI_Design_Lab/Course_Project/FINAL_TEST2/FINAL_TEST2/FINAL_TEST2.srcs/sources_1/imports/sources_1/imports/new/Dadda_Stage_1.v" into library xil_defaultlib
INFO: [VRFC 10-311] analyzing module Dadda_stage1
INFO: [VRFC 10-2263] Analyzing Verilog file "C:/IIT_Bombay_Academics/Semester_2/EE705_VLSI_Design_Lab/Course_Project/FINAL_TEST2/FINAL_TEST2/FINAL_TEST2.srcs/sources_1/imports/sources_1/imports/new/Dadda_stage_2.v" into library xil_defaultlib
INFO: [VRFC 10-311] analyzing module Dadda_stage2
INFO: [VRFC 10-2263] Analyzing Verilog file "C:/IIT_Bombay_Academics/Semester_2/EE705_VLSI_Design_Lab/Course_Project/FINAL_TEST2/FINAL_TEST2/FINAL_TEST2.srcs/sources_1/imports/sources_1/imports/new/mul_top.v" into library xil_defaultlib
INFO: [VRFC 10-311] analyzing module mul_top
INFO: [VRFC 10-2263] Analyzing Verilog file "C:/IIT_Bombay_Academics/Semester_2/EE705_VLSI_Design_Lab/Course_Project/FINAL_TEST2/FINAL_TEST2/FINAL_TEST2.srcs/sources_1/imports/sources_1/new/ALU_OPER.v" into library xil_defaultlib
INFO: [VRFC 10-311] analyzing module ALU_OPER
INFO: [VRFC 10-2263] Analyzing Verilog file "C:/IIT_Bombay_Academics/Semester_2/EE705_VLSI_Design_Lab/Course_Project/FINAL_TEST2/FINAL_TEST2/FINAL_TEST2.srcs/sources_1/new/IF_ID_PR.v" into library xil_defaultlib
INFO: [VRFC 10-311] analyzing module IF_ID_PR
INFO: [VRFC 10-2263] Analyzing Verilog file "C:/IIT_Bombay_Academics/Semester_2/EE705_VLSI_Design_Lab/Course_Project/FINAL_TEST2/FINAL_TEST2/FINAL_TEST2.srcs/sources_1/new/OR_gate.v" into library xil_defaultlib
INFO: [VRFC 10-311] analyzing module or_gate
INFO: [VRFC 10-2263] Analyzing Verilog file "C:/IIT_Bombay_Academics/Semester_2/EE705_VLSI_Design_Lab/Course_Project/FINAL_TEST2/FINAL_TEST2/FINAL_TEST2.srcs/sources_1/imports/codes/controller.v" into library xil_defaultlib
INFO: [VRFC 10-311] analyzing module controller
INFO: [VRFC 10-2263] Analyzing Verilog file "C:/IIT_Bombay_Academics/Semester_2/EE705_VLSI_Design_Lab/Course_Project/FINAL_TEST2/FINAL_TEST2/FINAL_TEST2.srcs/sources_1/imports/DESIGN LAB/pc.v" into library xil_defaultlib
INFO: [VRFC 10-311] analyzing module pc
INFO: [VRFC 10-2263] Analyzing Verilog file "C:/IIT_Bombay_Academics/Semester_2/EE705_VLSI_Design_Lab/Course_Project/FINAL_TEST2/FINAL_TEST2/FINAL_TEST2.ip_user_files/bd/RiscV_BD/ip/RiscV_BD_Q16_16_Mult_0_0/sim/RiscV_BD_Q16_16_Mult_0_0.v" into library xil_defaultlib
INFO: [VRFC 10-311] analyzing module RiscV_BD_Q16_16_Mult_0_0
INFO: [VRFC 10-2263] Analyzing Verilog file "C:/IIT_Bombay_Academics/Semester_2/EE705_VLSI_Design_Lab/Course_Project/FINAL_TEST2/FINAL_TEST2/FINAL_TEST2.ip_user_files/bd/RiscV_BD/ip/RiscV_BD_register_file_0_0/sim/RiscV_BD_register_file_0_0.v" into library xil_defaultlib
INFO: [VRFC 10-311] analyzing module RiscV_BD_register_file_0_0
INFO: [VRFC 10-2263] Analyzing Verilog file "C:/IIT_Bombay_Academics/Semester_2/EE705_VLSI_Design_Lab/Course_Project/FINAL_TEST2/FINAL_TEST2/FINAL_TEST2.ip_user_files/bd/RiscV_BD/ip/RiscV_BD_imm_extend_0_0/sim/RiscV_BD_imm_extend_0_0.v" into library xil_defaultlib
INFO: [VRFC 10-311] analyzing module RiscV_BD_imm_extend_0_0
INFO: [VRFC 10-2263] Analyzing Verilog file "C:/IIT_Bombay_Academics/Semester_2/EE705_VLSI_Design_Lab/Course_Project/FINAL_TEST2/FINAL_TEST2/FINAL_TEST2.ip_user_files/bd/RiscV_BD/ip/RiscV_BD_csr_0_0/sim/RiscV_BD_csr_0_0.v" into library xil_defaultlib
INFO: [VRFC 10-311] analyzing module RiscV_BD_csr_0_0
INFO: [VRFC 10-2263] Analyzing Verilog file "C:/IIT_Bombay_Academics/Semester_2/EE705_VLSI_Design_Lab/Course_Project/FINAL_TEST2/FINAL_TEST2/FINAL_TEST2.ip_user_files/bd/RiscV_BD/ip/RiscV_BD_alu_fixed_point_mux_0_0/sim/RiscV_BD_alu_fixed_point_mux_0_0.v" into library xil_defaultlib
INFO: [VRFC 10-311] analyzing module RiscV_BD_alu_fixed_point_mux_0_0
INFO: [VRFC 10-2263] Analyzing Verilog file "C:/IIT_Bombay_Academics/Semester_2/EE705_VLSI_Design_Lab/Course_Project/FINAL_TEST2/FINAL_TEST2/FINAL_TEST2.ip_user_files/bd/RiscV_BD/ip/RiscV_BD_csr_mux_0_0/sim/RiscV_BD_csr_mux_0_0.v" into library xil_defaultlib
INFO: [VRFC 10-311] analyzing module RiscV_BD_csr_mux_0_0
INFO: [VRFC 10-2263] Analyzing Verilog file "C:/IIT_Bombay_Academics/Semester_2/EE705_VLSI_Design_Lab/Course_Project/FINAL_TEST2/FINAL_TEST2/FINAL_TEST2.ip_user_files/bd/RiscV_BD/ip/RiscV_BD_forwarding_mux_0_0/sim/RiscV_BD_forwarding_mux_0_0.v" into library xil_defaultlib
INFO: [VRFC 10-311] analyzing module RiscV_BD_forwarding_mux_0_0
INFO: [VRFC 10-2263] Analyzing Verilog file "C:/IIT_Bombay_Academics/Semester_2/EE705_VLSI_Design_Lab/Course_Project/FINAL_TEST2/FINAL_TEST2/FINAL_TEST2.ip_user_files/bd/RiscV_BD/ip/RiscV_BD_alu_muxes_0_2/sim/RiscV_BD_alu_muxes_0_2.v" into library xil_defaultlib
INFO: [VRFC 10-311] analyzing module RiscV_BD_alu_muxes_0_2
INFO: [VRFC 10-2263] Analyzing Verilog file "C:/IIT_Bombay_Academics/Semester_2/EE705_VLSI_Design_Lab/Course_Project/FINAL_TEST2/FINAL_TEST2/FINAL_TEST2.ip_user_files/bd/RiscV_BD/ip/RiscV_BD_branch_fsm_0_0/sim/RiscV_BD_branch_fsm_0_0.v" into library xil_defaultlib
INFO: [VRFC 10-311] analyzing module RiscV_BD_branch_fsm_0_0
INFO: [VRFC 10-2263] Analyzing Verilog file "C:/IIT_Bombay_Academics/Semester_2/EE705_VLSI_Design_Lab/Course_Project/FINAL_TEST2/FINAL_TEST2/FINAL_TEST2.ip_user_files/bd/RiscV_BD/ip/RiscV_BD_mul_fsm_0_0/sim/RiscV_BD_mul_fsm_0_0.v" into library xil_defaultlib
INFO: [VRFC 10-311] analyzing module RiscV_BD_mul_fsm_0_0
INFO: [VRFC 10-2263] Analyzing Verilog file "C:/IIT_Bombay_Academics/Semester_2/EE705_VLSI_Design_Lab/Course_Project/FINAL_TEST2/FINAL_TEST2/FINAL_TEST2.ip_user_files/bd/RiscV_BD/ip/RiscV_BD_EX_MA_PR_0_0/sim/RiscV_BD_EX_MA_PR_0_0.v" into library xil_defaultlib
INFO: [VRFC 10-311] analyzing module RiscV_BD_EX_MA_PR_0_0
INFO: [VRFC 10-2263] Analyzing Verilog file "C:/IIT_Bombay_Academics/Semester_2/EE705_VLSI_Design_Lab/Course_Project/FINAL_TEST2/FINAL_TEST2/FINAL_TEST2.ip_user_files/bd/RiscV_BD/ip/RiscV_BD_MA_WB_PR_0_0/sim/RiscV_BD_MA_WB_PR_0_0.v" into library xil_defaultlib
INFO: [VRFC 10-311] analyzing module RiscV_BD_MA_WB_PR_0_0
INFO: [VRFC 10-2263] Analyzing Verilog file "C:/IIT_Bombay_Academics/Semester_2/EE705_VLSI_Design_Lab/Course_Project/FINAL_TEST2/FINAL_TEST2/FINAL_TEST2.ip_user_files/bd/RiscV_BD/ip/RiscV_BD_load_extend_0_0/sim/RiscV_BD_load_extend_0_0.v" into library xil_defaultlib
INFO: [VRFC 10-311] analyzing module RiscV_BD_load_extend_0_0
INFO: [VRFC 10-2263] Analyzing Verilog file "C:/IIT_Bombay_Academics/Semester_2/EE705_VLSI_Design_Lab/Course_Project/FINAL_TEST2/FINAL_TEST2/FINAL_TEST2.ip_user_files/bd/RiscV_BD/ip/RiscV_BD_Write_back_Mux_0_0/sim/RiscV_BD_Write_back_Mux_0_0.v" into library xil_defaultlib
INFO: [VRFC 10-311] analyzing module RiscV_BD_Write_back_Mux_0_0
INFO: [VRFC 10-2263] Analyzing Verilog file "C:/IIT_Bombay_Academics/Semester_2/EE705_VLSI_Design_Lab/Course_Project/FINAL_TEST2/FINAL_TEST2/FINAL_TEST2.ip_user_files/bd/RiscV_BD/ip/RiscV_BD_combinational_0_0/sim/RiscV_BD_combinational_0_0.v" into library xil_defaultlib
INFO: [VRFC 10-311] analyzing module RiscV_BD_combinational_0_0
INFO: [VRFC 10-2263] Analyzing Verilog file "C:/IIT_Bombay_Academics/Semester_2/EE705_VLSI_Design_Lab/Course_Project/FINAL_TEST2/FINAL_TEST2/FINAL_TEST2.ip_user_files/bd/RiscV_BD/ip/RiscV_BD_instr_retire_mux_0_0/sim/RiscV_BD_instr_retire_mux_0_0.v" into library xil_defaultlib
INFO: [VRFC 10-311] analyzing module RiscV_BD_instr_retire_mux_0_0
INFO: [VRFC 10-2263] Analyzing Verilog file "C:/IIT_Bombay_Academics/Semester_2/EE705_VLSI_Design_Lab/Course_Project/FINAL_TEST2/FINAL_TEST2/FINAL_TEST2.ip_user_files/bd/RiscV_BD/ip/RiscV_BD_concat_2to1_0_0/sim/RiscV_BD_concat_2to1_0_0.v" into library xil_defaultlib
INFO: [VRFC 10-311] analyzing module RiscV_BD_concat_2to1_0_0
INFO: [VRFC 10-2263] Analyzing Verilog file "C:/IIT_Bombay_Academics/Semester_2/EE705_VLSI_Design_Lab/Course_Project/FINAL_TEST2/FINAL_TEST2/FINAL_TEST2.ip_user_files/bd/RiscV_BD/ip/RiscV_BD_concat_2to1_1_0/sim/RiscV_BD_concat_2to1_1_0.v" into library xil_defaultlib
INFO: [VRFC 10-311] analyzing module RiscV_BD_concat_2to1_1_0
INFO: [VRFC 10-2263] Analyzing Verilog file "C:/IIT_Bombay_Academics/Semester_2/EE705_VLSI_Design_Lab/Course_Project/FINAL_TEST2/FINAL_TEST2/FINAL_TEST2.ip_user_files/bd/RiscV_BD/ip/RiscV_BD_hazard_unit_0_0/sim/RiscV_BD_hazard_unit_0_0.v" into library xil_defaultlib
INFO: [VRFC 10-311] analyzing module RiscV_BD_hazard_unit_0_0
INFO: [VRFC 10-2263] Analyzing Verilog file "C:/IIT_Bombay_Academics/Semester_2/EE705_VLSI_Design_Lab/Course_Project/FINAL_TEST2/FINAL_TEST2/FINAL_TEST2.ip_user_files/bd/RiscV_BD/ip/RiscV_BD_concat_2to1_2_0/sim/RiscV_BD_concat_2to1_2_0.v" into library xil_defaultlib
INFO: [VRFC 10-311] analyzing module RiscV_BD_concat_2to1_2_0
INFO: [VRFC 10-2263] Analyzing Verilog file "C:/IIT_Bombay_Academics/Semester_2/EE705_VLSI_Design_Lab/Course_Project/FINAL_TEST2/FINAL_TEST2/FINAL_TEST2.ip_user_files/bd/RiscV_BD/ip/RiscV_BD_ID_EX_PR_0_0/sim/RiscV_BD_ID_EX_PR_0_0.v" into library xil_defaultlib
INFO: [VRFC 10-311] analyzing module RiscV_BD_ID_EX_PR_0_0
INFO: [VRFC 10-2263] Analyzing Verilog file "C:/IIT_Bombay_Academics/Semester_2/EE705_VLSI_Design_Lab/Course_Project/FINAL_TEST2/FINAL_TEST2/FINAL_TEST2.ip_user_files/bd/RiscV_BD/ip/RiscV_BD_ALU_OPER_0_0/sim/RiscV_BD_ALU_OPER_0_0.v" into library xil_defaultlib
INFO: [VRFC 10-311] analyzing module RiscV_BD_ALU_OPER_0_0
INFO: [VRFC 10-2263] Analyzing Verilog file "C:/IIT_Bombay_Academics/Semester_2/EE705_VLSI_Design_Lab/Course_Project/FINAL_TEST2/FINAL_TEST2/FINAL_TEST2.ip_user_files/bd/RiscV_BD/ip/RiscV_BD_IF_ID_PR_0_0/sim/RiscV_BD_IF_ID_PR_0_0.v" into library xil_defaultlib
INFO: [VRFC 10-311] analyzing module RiscV_BD_IF_ID_PR_0_0
INFO: [VRFC 10-2263] Analyzing Verilog file "C:/IIT_Bombay_Academics/Semester_2/EE705_VLSI_Design_Lab/Course_Project/FINAL_TEST2/FINAL_TEST2/FINAL_TEST2.ip_user_files/bd/RiscV_BD/ip/RiscV_BD_or_gate_1_0/sim/RiscV_BD_or_gate_1_0.v" into library xil_defaultlib
INFO: [VRFC 10-311] analyzing module RiscV_BD_or_gate_1_0
INFO: [VRFC 10-2263] Analyzing Verilog file "C:/IIT_Bombay_Academics/Semester_2/EE705_VLSI_Design_Lab/Course_Project/FINAL_TEST2/FINAL_TEST2/FINAL_TEST2.ip_user_files/bd/RiscV_BD/ip/RiscV_BD_controller_0_0/sim/RiscV_BD_controller_0_0.v" into library xil_defaultlib
INFO: [VRFC 10-311] analyzing module RiscV_BD_controller_0_0
INFO: [VRFC 10-2263] Analyzing Verilog file "C:/IIT_Bombay_Academics/Semester_2/EE705_VLSI_Design_Lab/Course_Project/FINAL_TEST2/FINAL_TEST2/FINAL_TEST2.ip_user_files/bd/RiscV_BD/ip/RiscV_BD_pc_0_0/sim/RiscV_BD_pc_0_0.v" into library xil_defaultlib
INFO: [VRFC 10-311] analyzing module RiscV_BD_pc_0_0
INFO: [VRFC 10-2263] Analyzing Verilog file "C:/IIT_Bombay_Academics/Semester_2/EE705_VLSI_Design_Lab/Course_Project/FINAL_TEST2/FINAL_TEST2/FINAL_TEST2.ip_user_files/bd/RiscV_BD/ip/RiscV_BD_instr_mem_0_0/sim/RiscV_BD_instr_mem_0_0.v" into library xil_defaultlib
INFO: [VRFC 10-311] analyzing module RiscV_BD_instr_mem_0_0
INFO: [VRFC 10-2263] Analyzing Verilog file "C:/IIT_Bombay_Academics/Semester_2/EE705_VLSI_Design_Lab/Course_Project/FINAL_TEST2/FINAL_TEST2/FINAL_TEST2.ip_user_files/bd/RiscV_BD/ip/RiscV_BD_data_mem_0_0/sim/RiscV_BD_data_mem_0_0.v" into library xil_defaultlib
INFO: [VRFC 10-311] analyzing module RiscV_BD_data_mem_0_0
INFO: [VRFC 10-2263] Analyzing Verilog file "C:/IIT_Bombay_Academics/Semester_2/EE705_VLSI_Design_Lab/Course_Project/FINAL_TEST2/FINAL_TEST2/FINAL_TEST2.ip_user_files/bd/RiscV_BD/sim/RiscV_BD.v" into library xil_defaultlib
INFO: [VRFC 10-311] analyzing module RiscV_BD
INFO: [VRFC 10-2263] Analyzing Verilog file "C:/IIT_Bombay_Academics/Semester_2/EE705_VLSI_Design_Lab/Course_Project/FINAL_TEST2/FINAL_TEST2/FINAL_TEST2.gen/sources_1/bd/RiscV_BD/hdl/RiscV_BD_wrapper.v" into library xil_defaultlib
INFO: [VRFC 10-311] analyzing module RiscV_BD_wrapper
INFO: [VRFC 10-2263] Analyzing Verilog file "C:/IIT_Bombay_Academics/Semester_2/EE705_VLSI_Design_Lab/Course_Project/FINAL_TEST2/FINAL_TEST2/FINAL_TEST2.srcs/sim_1/new/RiscV_BD_wrapper_tb.v" into library xil_defaultlib
INFO: [VRFC 10-311] analyzing module RiscV_BD_wrapper_tb
"xvhdl --incr --relax -prj RiscV_BD_wrapper_tb_vhdl.prj"
INFO: [VRFC 10-163] Analyzing VHDL file "C:/IIT_Bombay_Academics/Semester_2/EE705_VLSI_Design_Lab/Course_Project/FINAL_TEST2/FINAL_TEST2/FINAL_TEST2.srcs/sources_1/new/data_mem.vhd" into library xil_defaultlib
INFO: [VRFC 10-3107] analyzing entity 'data_mem'
run_program: Time (s): cpu = 00:00:00 ; elapsed = 00:00:10 . Memory (MB): peak = 1646.910 ; gain = 0.000
INFO: [USF-XSim-69] 'compile' step finished in '11' seconds
launch_simulation: Time (s): cpu = 00:00:01 ; elapsed = 00:00:11 . Memory (MB): peak = 1646.910 ; gain = 0.000
Command: launch_simulation -simset sim_1 -mode behavioral
INFO: [Vivado 12-5682] Launching behavioral simulation in 'C:/IIT_Bombay_Academics/Semester_2/EE705_VLSI_Design_Lab/Course_Project/FINAL_TEST2/FINAL_TEST2/FINAL_TEST2.sim/sim_1/behav/xsim'
INFO: [Vivado 12-4795] Using compiled simulation libraries for IPs
INFO: [USF-XSim-3] XSim::Elaborate design
INFO: [USF-XSim-61] Executing 'ELABORATE' step in 'C:/IIT_Bombay_Academics/Semester_2/EE705_VLSI_Design_Lab/Course_Project/FINAL_TEST2/FINAL_TEST2/FINAL_TEST2.sim/sim_1/behav/xsim'
"xelab -wto 825d914d5bae4902b22375897d789401 --incr --debug typical --relax --mt 2 -L xil_defaultlib -L unisims_ver -L unimacro_ver -L secureip -L xpm --snapshot RiscV_BD_wrapper_tb_behav xil_defaultlib.RiscV_BD_wrapper_tb xil_defaultlib.glbl -log elaborate.log"
Vivado Simulator 2020.2
Copyright 1986-1999, 2001-2020 Xilinx, Inc. All Rights Reserved.
Running: C:/Xilinx/Vivado/2020.2/bin/unwrapped/win64.o/xelab.exe -wto 825d914d5bae4902b22375897d789401 --incr --debug typical --relax --mt 2 -L xil_defaultlib -L unisims_ver -L unimacro_ver -L secureip -L xpm --snapshot RiscV_BD_wrapper_tb_behav xil_defaultlib.RiscV_BD_wrapper_tb xil_defaultlib.glbl -log elaborate.log 
Using 2 slave threads.
Starting static elaboration
Pass Through NonSizing Optimizer
Completed static elaboration
Starting simulation data flow analysis
Completed simulation data flow analysis
Time Resolution for simulation is 1ps
Compiling package std.standard
Compiling package std.textio
Compiling package ieee.std_logic_1164
Compiling package ieee.numeric_std
Compiling module xil_defaultlib.Booth_PP
Compiling module xil_defaultlib.Dadda_stage1
Compiling module xil_defaultlib.Dadda_stage2
Compiling module xil_defaultlib.mul_top
Compiling module xil_defaultlib.ALU_OPER
Compiling module xil_defaultlib.RiscV_BD_ALU_OPER_0_0
Compiling module xil_defaultlib.EX_MA_PR
Compiling module xil_defaultlib.RiscV_BD_EX_MA_PR_0_0
Compiling module xil_defaultlib.ID_EX_PR
Compiling module xil_defaultlib.RiscV_BD_ID_EX_PR_0_0
Compiling module xil_defaultlib.IF_ID_PR
Compiling module xil_defaultlib.RiscV_BD_IF_ID_PR_0_0
Compiling module xil_defaultlib.MA_WB_PR
Compiling module xil_defaultlib.RiscV_BD_MA_WB_PR_0_0
Compiling module xil_defaultlib.Booth_PP_FM
Compiling module xil_defaultlib.Dadda_tree
Compiling module xil_defaultlib.Q16_16_Mult
Compiling module xil_defaultlib.RiscV_BD_Q16_16_Mult_0_0
Compiling module xil_defaultlib.Write_back_Mux
Compiling module xil_defaultlib.RiscV_BD_Write_back_Mux_0_0
Compiling module xil_defaultlib.alu_fixed_point_mux
Compiling module xil_defaultlib.RiscV_BD_alu_fixed_point_mux_0_0
Compiling module xil_defaultlib.alu_muxes
Compiling module xil_defaultlib.RiscV_BD_alu_muxes_0_2
Compiling module xil_defaultlib.branch_fsm
Compiling module xil_defaultlib.RiscV_BD_branch_fsm_0_0
Compiling module xil_defaultlib.combinational
Compiling module xil_defaultlib.RiscV_BD_combinational_0_0
Compiling module xil_defaultlib.concat_2to1
Compiling module xil_defaultlib.RiscV_BD_concat_2to1_0_0
Compiling module xil_defaultlib.RiscV_BD_concat_2to1_1_0
Compiling module xil_defaultlib.RiscV_BD_concat_2to1_2_0
Compiling module xil_defaultlib.controller
Compiling module xil_defaultlib.RiscV_BD_controller_0_0
Compiling module xil_defaultlib.csr
Compiling module xil_defaultlib.RiscV_BD_csr_0_0
Compiling module xil_defaultlib.csr_mux
Compiling module xil_defaultlib.RiscV_BD_csr_mux_0_0
Compiling architecture dmem_arch of entity xil_defaultlib.data_mem [data_mem_default]
Compiling module xil_defaultlib.RiscV_BD_data_mem_0_0
Compiling module xil_defaultlib.forwarding_mux
Compiling module xil_defaultlib.RiscV_BD_forwarding_mux_0_0
Compiling module xil_defaultlib.hazard_unit
Compiling module xil_defaultlib.RiscV_BD_hazard_unit_0_0
Compiling module xil_defaultlib.imm_extend
Compiling module xil_defaultlib.RiscV_BD_imm_extend_0_0
Compiling architecture mem_arch of entity xil_defaultlib.instr_mem [instr_mem_default]
Compiling module xil_defaultlib.RiscV_BD_instr_mem_0_0
Compiling module xil_defaultlib.instr_retire_mux
Compiling module xil_defaultlib.RiscV_BD_instr_retire_mux_0_0
Compiling module xil_defaultlib.load_extend
Compiling module xil_defaultlib.RiscV_BD_load_extend_0_0
Compiling module xil_defaultlib.mul_fsm
Compiling module xil_defaultlib.RiscV_BD_mul_fsm_0_0
Compiling module xil_defaultlib.or_gate
Compiling module xil_defaultlib.RiscV_BD_or_gate_1_0
Compiling module xil_defaultlib.pc
Compiling module xil_defaultlib.RiscV_BD_pc_0_0
Compiling module xil_defaultlib.register_file
Compiling module xil_defaultlib.RiscV_BD_register_file_0_0
Compiling module xil_defaultlib.RiscV_BD
Compiling module xil_defaultlib.RiscV_BD_wrapper
Compiling module xil_defaultlib.RiscV_BD_wrapper_tb
Compiling module xil_defaultlib.glbl
Built simulation snapshot RiscV_BD_wrapper_tb_behav
INFO: [USF-XSim-69] 'elaborate' step finished in '4' seconds
Vivado Simulator 2020.2
INFO: [Wavedata 42-565] Reading protoinst file protoinst_files/RiscV_BD.protoinst
Time resolution is 1 ps
Simulation complete.
$finish called at time : 2007 ps : File "C:/IIT_Bombay_Academics/Semester_2/EE705_VLSI_Design_Lab/Course_Project/FINAL_TEST2/FINAL_TEST2/FINAL_TEST2.srcs/sim_1/new/RiscV_BD_wrapper_tb.v" Line 34
relaunch_sim: Time (s): cpu = 00:00:03 ; elapsed = 00:00:21 . Memory (MB): peak = 1647.023 ; gain = 0.113
relaunch_sim
Command: launch_simulation -simset sim_1 -mode behavioral
INFO: [Vivado 12-5682] Launching behavioral simulation in 'C:/IIT_Bombay_Academics/Semester_2/EE705_VLSI_Design_Lab/Course_Project/FINAL_TEST2/FINAL_TEST2/FINAL_TEST2.sim/sim_1/behav/xsim'
INFO: [Vivado 12-4795] Using compiled simulation libraries for IPs
INFO: [SIM-utils-51] Simulation object is 'sim_1'
INFO: [USF-XSim-7] Finding pre-compiled libraries...
INFO: [USF-XSim-11] File 'C:/Xilinx/Vivado/2020.2/data/xsim/xsim.ini' copied to run dir:'C:/IIT_Bombay_Academics/Semester_2/EE705_VLSI_Design_Lab/Course_Project/FINAL_TEST2/FINAL_TEST2/FINAL_TEST2.sim/sim_1/behav/xsim'
INFO: [SIM-utils-54] Inspecting design source files for 'RiscV_BD_wrapper_tb' in fileset 'sim_1'...
INFO: [SIM-utils-43] Exported 'C:/IIT_Bombay_Academics/Semester_2/EE705_VLSI_Design_Lab/Course_Project/FINAL_TEST2/FINAL_TEST2/FINAL_TEST2.sim/sim_1/behav/xsim/instruction_memory.coe'
INFO: [SIM-utils-43] Exported 'C:/IIT_Bombay_Academics/Semester_2/EE705_VLSI_Design_Lab/Course_Project/FINAL_TEST2/FINAL_TEST2/FINAL_TEST2.sim/sim_1/behav/xsim/data_memory.coe'
INFO: [SIM-utils-43] Exported 'C:/IIT_Bombay_Academics/Semester_2/EE705_VLSI_Design_Lab/Course_Project/FINAL_TEST2/FINAL_TEST2/FINAL_TEST2.sim/sim_1/behav/xsim/instruction_memory.coe'
INFO: [SIM-utils-43] Exported 'C:/IIT_Bombay_Academics/Semester_2/EE705_VLSI_Design_Lab/Course_Project/FINAL_TEST2/FINAL_TEST2/FINAL_TEST2.sim/sim_1/behav/xsim/instruction_memory.coe'
INFO: [SIM-utils-43] Exported 'C:/IIT_Bombay_Academics/Semester_2/EE705_VLSI_Design_Lab/Course_Project/FINAL_TEST2/FINAL_TEST2/FINAL_TEST2.sim/sim_1/behav/xsim/data_memory.coe'
INFO: [USF-XSim-97] Finding global include files...
INFO: [USF-XSim-98] Fetching design files from 'sim_1'...
INFO: [USF-XSim-2] XSim::Compile design
INFO: [USF-XSim-61] Executing 'COMPILE and ANALYZE' step in 'C:/IIT_Bombay_Academics/Semester_2/EE705_VLSI_Design_Lab/Course_Project/FINAL_TEST2/FINAL_TEST2/FINAL_TEST2.sim/sim_1/behav/xsim'
"xvlog --incr --relax -prj RiscV_BD_wrapper_tb_vlog.prj"
INFO: [VRFC 10-2263] Analyzing Verilog file "C:/IIT_Bombay_Academics/Semester_2/EE705_VLSI_Design_Lab/Course_Project/FINAL_TEST2/FINAL_TEST2/FINAL_TEST2.srcs/sources_1/imports/sources_1/imports/new/Booth_PP.v" into library xil_defaultlib
INFO: [VRFC 10-311] analyzing module Booth_PP_FM
INFO: [VRFC 10-2263] Analyzing Verilog file "C:/IIT_Bombay_Academics/Semester_2/EE705_VLSI_Design_Lab/Course_Project/FINAL_TEST2/FINAL_TEST2/FINAL_TEST2.srcs/sources_1/imports/new/Dadda_tree.v" into library xil_defaultlib
INFO: [VRFC 10-311] analyzing module Dadda_tree
INFO: [VRFC 10-2263] Analyzing Verilog file "C:/IIT_Bombay_Academics/Semester_2/EE705_VLSI_Design_Lab/Course_Project/FINAL_TEST2/FINAL_TEST2/FINAL_TEST2.srcs/sources_1/imports/new/Q16_16.v" into library xil_defaultlib
INFO: [VRFC 10-311] analyzing module Q16_16_Mult
INFO: [VRFC 10-2263] Analyzing Verilog file "C:/IIT_Bombay_Academics/Semester_2/EE705_VLSI_Design_Lab/Course_Project/FINAL_TEST2/FINAL_TEST2/FINAL_TEST2.srcs/sources_1/imports/COURSE PRPJECT/Decode/reg_file.v" into library xil_defaultlib
INFO: [VRFC 10-311] analyzing module register_file
INFO: [VRFC 10-2263] Analyzing Verilog file "C:/IIT_Bombay_Academics/Semester_2/EE705_VLSI_Design_Lab/Course_Project/FINAL_TEST2/FINAL_TEST2/FINAL_TEST2.srcs/sources_1/imports/COURSE PRPJECT/Decode/imm_extend.v" into library xil_defaultlib
INFO: [VRFC 10-311] analyzing module imm_extend
INFO: [VRFC 10-2263] Analyzing Verilog file "C:/IIT_Bombay_Academics/Semester_2/EE705_VLSI_Design_Lab/Course_Project/FINAL_TEST2/FINAL_TEST2/FINAL_TEST2.srcs/sources_1/imports/codes/min_csr.v" into library xil_defaultlib
INFO: [VRFC 10-311] analyzing module csr
INFO: [VRFC 10-2263] Analyzing Verilog file "C:/IIT_Bombay_Academics/Semester_2/EE705_VLSI_Design_Lab/Course_Project/FINAL_TEST2/FINAL_TEST2/FINAL_TEST2.srcs/sources_1/imports/codes/alu_fixed_point_mux.v" into library xil_defaultlib
INFO: [VRFC 10-311] analyzing module alu_fixed_point_mux
INFO: [VRFC 10-2263] Analyzing Verilog file "C:/IIT_Bombay_Academics/Semester_2/EE705_VLSI_Design_Lab/Course_Project/FINAL_TEST2/FINAL_TEST2/FINAL_TEST2.srcs/sources_1/imports/codes/csr_mux.v" into library xil_defaultlib
INFO: [VRFC 10-311] analyzing module csr_mux
INFO: [VRFC 10-2263] Analyzing Verilog file "C:/IIT_Bombay_Academics/Semester_2/EE705_VLSI_Design_Lab/Course_Project/FINAL_TEST2/FINAL_TEST2/FINAL_TEST2.srcs/sources_1/imports/codes/forwarding_mux.v" into library xil_defaultlib
INFO: [VRFC 10-311] analyzing module forwarding_mux
INFO: [VRFC 10-2263] Analyzing Verilog file "C:/IIT_Bombay_Academics/Semester_2/EE705_VLSI_Design_Lab/Course_Project/FINAL_TEST2/FINAL_TEST2/FINAL_TEST2.srcs/sources_1/imports/codes/alu_muxes.v" into library xil_defaultlib
INFO: [VRFC 10-311] analyzing module alu_muxes
INFO: [VRFC 10-2263] Analyzing Verilog file "C:/IIT_Bombay_Academics/Semester_2/EE705_VLSI_Design_Lab/Course_Project/FINAL_TEST2/FINAL_TEST2/FINAL_TEST2.srcs/sources_1/imports/codes/branch_fsm.v" into library xil_defaultlib
INFO: [VRFC 10-311] analyzing module branch_fsm
INFO: [VRFC 10-2263] Analyzing Verilog file "C:/IIT_Bombay_Academics/Semester_2/EE705_VLSI_Design_Lab/Course_Project/FINAL_TEST2/FINAL_TEST2/FINAL_TEST2.srcs/sources_1/imports/codes/mul_fsm.v" into library xil_defaultlib
INFO: [VRFC 10-311] analyzing module mul_fsm
INFO: [VRFC 10-2263] Analyzing Verilog file "C:/IIT_Bombay_Academics/Semester_2/EE705_VLSI_Design_Lab/Course_Project/FINAL_TEST2/FINAL_TEST2/FINAL_TEST2.srcs/sources_1/new/EX_MA_PR.v" into library xil_defaultlib
INFO: [VRFC 10-311] analyzing module EX_MA_PR
INFO: [VRFC 10-2263] Analyzing Verilog file "C:/IIT_Bombay_Academics/Semester_2/EE705_VLSI_Design_Lab/Course_Project/FINAL_TEST2/FINAL_TEST2/FINAL_TEST2.srcs/sources_1/new/MA_WB_PR.v" into library xil_defaultlib
INFO: [VRFC 10-311] analyzing module MA_WB_PR
INFO: [VRFC 10-2263] Analyzing Verilog file "C:/IIT_Bombay_Academics/Semester_2/EE705_VLSI_Design_Lab/Course_Project/FINAL_TEST2/FINAL_TEST2/FINAL_TEST2.srcs/sources_1/imports/codes/load_extend.v" into library xil_defaultlib
INFO: [VRFC 10-311] analyzing module load_extend
INFO: [VRFC 10-2263] Analyzing Verilog file "C:/IIT_Bombay_Academics/Semester_2/EE705_VLSI_Design_Lab/Course_Project/FINAL_TEST2/FINAL_TEST2/FINAL_TEST2.srcs/sources_1/new/Write_back_Mux.v" into library xil_defaultlib
INFO: [VRFC 10-311] analyzing module Write_back_Mux
INFO: [VRFC 10-2263] Analyzing Verilog file "C:/IIT_Bombay_Academics/Semester_2/EE705_VLSI_Design_Lab/Course_Project/FINAL_TEST2/FINAL_TEST2/FINAL_TEST2.srcs/sources_1/new/combinational.v" into library xil_defaultlib
INFO: [VRFC 10-311] analyzing module combinational
INFO: [VRFC 10-2263] Analyzing Verilog file "C:/IIT_Bombay_Academics/Semester_2/EE705_VLSI_Design_Lab/Course_Project/FINAL_TEST2/FINAL_TEST2/FINAL_TEST2.srcs/sources_1/imports/codes/inst_retire_mux.v" into library xil_defaultlib
INFO: [VRFC 10-311] analyzing module instr_retire_mux
INFO: [VRFC 10-2263] Analyzing Verilog file "C:/IIT_Bombay_Academics/Semester_2/EE705_VLSI_Design_Lab/Course_Project/FINAL_TEST2/FINAL_TEST2/FINAL_TEST2.srcs/sources_1/new/concat_2to1.v" into library xil_defaultlib
INFO: [VRFC 10-311] analyzing module concat_2to1
INFO: [VRFC 10-2263] Analyzing Verilog file "C:/IIT_Bombay_Academics/Semester_2/EE705_VLSI_Design_Lab/Course_Project/FINAL_TEST2/FINAL_TEST2/FINAL_TEST2.srcs/sources_1/new/hazard_unit.v" into library xil_defaultlib
INFO: [VRFC 10-311] analyzing module hazard_unit
INFO: [VRFC 10-2263] Analyzing Verilog file "C:/IIT_Bombay_Academics/Semester_2/EE705_VLSI_Design_Lab/Course_Project/FINAL_TEST2/FINAL_TEST2/FINAL_TEST2.srcs/sources_1/new/ID_EX_PR.v" into library xil_defaultlib
INFO: [VRFC 10-311] analyzing module ID_EX_PR
INFO: [VRFC 10-2263] Analyzing Verilog file "C:/IIT_Bombay_Academics/Semester_2/EE705_VLSI_Design_Lab/Course_Project/FINAL_TEST2/FINAL_TEST2/FINAL_TEST2.srcs/sources_1/imports/new/Booth_PP.v" into library xil_defaultlib
INFO: [VRFC 10-311] analyzing module Booth_PP
INFO: [VRFC 10-2263] Analyzing Verilog file "C:/IIT_Bombay_Academics/Semester_2/EE705_VLSI_Design_Lab/Course_Project/FINAL_TEST2/FINAL_TEST2/FINAL_TEST2.srcs/sources_1/imports/sources_1/imports/new/Dadda_Stage_1.v" into library xil_defaultlib
INFO: [VRFC 10-311] analyzing module Dadda_stage1
INFO: [VRFC 10-2263] Analyzing Verilog file "C:/IIT_Bombay_Academics/Semester_2/EE705_VLSI_Design_Lab/Course_Project/FINAL_TEST2/FINAL_TEST2/FINAL_TEST2.srcs/sources_1/imports/sources_1/imports/new/Dadda_stage_2.v" into library xil_defaultlib
INFO: [VRFC 10-311] analyzing module Dadda_stage2
INFO: [VRFC 10-2263] Analyzing Verilog file "C:/IIT_Bombay_Academics/Semester_2/EE705_VLSI_Design_Lab/Course_Project/FINAL_TEST2/FINAL_TEST2/FINAL_TEST2.srcs/sources_1/imports/sources_1/imports/new/mul_top.v" into library xil_defaultlib
INFO: [VRFC 10-311] analyzing module mul_top
INFO: [VRFC 10-2263] Analyzing Verilog file "C:/IIT_Bombay_Academics/Semester_2/EE705_VLSI_Design_Lab/Course_Project/FINAL_TEST2/FINAL_TEST2/FINAL_TEST2.srcs/sources_1/imports/sources_1/new/ALU_OPER.v" into library xil_defaultlib
INFO: [VRFC 10-311] analyzing module ALU_OPER
INFO: [VRFC 10-2263] Analyzing Verilog file "C:/IIT_Bombay_Academics/Semester_2/EE705_VLSI_Design_Lab/Course_Project/FINAL_TEST2/FINAL_TEST2/FINAL_TEST2.srcs/sources_1/new/IF_ID_PR.v" into library xil_defaultlib
INFO: [VRFC 10-311] analyzing module IF_ID_PR
INFO: [VRFC 10-2263] Analyzing Verilog file "C:/IIT_Bombay_Academics/Semester_2/EE705_VLSI_Design_Lab/Course_Project/FINAL_TEST2/FINAL_TEST2/FINAL_TEST2.srcs/sources_1/new/OR_gate.v" into library xil_defaultlib
INFO: [VRFC 10-311] analyzing module or_gate
INFO: [VRFC 10-2263] Analyzing Verilog file "C:/IIT_Bombay_Academics/Semester_2/EE705_VLSI_Design_Lab/Course_Project/FINAL_TEST2/FINAL_TEST2/FINAL_TEST2.srcs/sources_1/imports/codes/controller.v" into library xil_defaultlib
INFO: [VRFC 10-311] analyzing module controller
INFO: [VRFC 10-2263] Analyzing Verilog file "C:/IIT_Bombay_Academics/Semester_2/EE705_VLSI_Design_Lab/Course_Project/FINAL_TEST2/FINAL_TEST2/FINAL_TEST2.srcs/sources_1/imports/DESIGN LAB/pc.v" into library xil_defaultlib
INFO: [VRFC 10-311] analyzing module pc
INFO: [VRFC 10-2263] Analyzing Verilog file "C:/IIT_Bombay_Academics/Semester_2/EE705_VLSI_Design_Lab/Course_Project/FINAL_TEST2/FINAL_TEST2/FINAL_TEST2.ip_user_files/bd/RiscV_BD/ip/RiscV_BD_Q16_16_Mult_0_0/sim/RiscV_BD_Q16_16_Mult_0_0.v" into library xil_defaultlib
INFO: [VRFC 10-311] analyzing module RiscV_BD_Q16_16_Mult_0_0
INFO: [VRFC 10-2263] Analyzing Verilog file "C:/IIT_Bombay_Academics/Semester_2/EE705_VLSI_Design_Lab/Course_Project/FINAL_TEST2/FINAL_TEST2/FINAL_TEST2.ip_user_files/bd/RiscV_BD/ip/RiscV_BD_register_file_0_0/sim/RiscV_BD_register_file_0_0.v" into library xil_defaultlib
INFO: [VRFC 10-311] analyzing module RiscV_BD_register_file_0_0
INFO: [VRFC 10-2263] Analyzing Verilog file "C:/IIT_Bombay_Academics/Semester_2/EE705_VLSI_Design_Lab/Course_Project/FINAL_TEST2/FINAL_TEST2/FINAL_TEST2.ip_user_files/bd/RiscV_BD/ip/RiscV_BD_imm_extend_0_0/sim/RiscV_BD_imm_extend_0_0.v" into library xil_defaultlib
INFO: [VRFC 10-311] analyzing module RiscV_BD_imm_extend_0_0
INFO: [VRFC 10-2263] Analyzing Verilog file "C:/IIT_Bombay_Academics/Semester_2/EE705_VLSI_Design_Lab/Course_Project/FINAL_TEST2/FINAL_TEST2/FINAL_TEST2.ip_user_files/bd/RiscV_BD/ip/RiscV_BD_csr_0_0/sim/RiscV_BD_csr_0_0.v" into library xil_defaultlib
INFO: [VRFC 10-311] analyzing module RiscV_BD_csr_0_0
INFO: [VRFC 10-2263] Analyzing Verilog file "C:/IIT_Bombay_Academics/Semester_2/EE705_VLSI_Design_Lab/Course_Project/FINAL_TEST2/FINAL_TEST2/FINAL_TEST2.ip_user_files/bd/RiscV_BD/ip/RiscV_BD_alu_fixed_point_mux_0_0/sim/RiscV_BD_alu_fixed_point_mux_0_0.v" into library xil_defaultlib
INFO: [VRFC 10-311] analyzing module RiscV_BD_alu_fixed_point_mux_0_0
INFO: [VRFC 10-2263] Analyzing Verilog file "C:/IIT_Bombay_Academics/Semester_2/EE705_VLSI_Design_Lab/Course_Project/FINAL_TEST2/FINAL_TEST2/FINAL_TEST2.ip_user_files/bd/RiscV_BD/ip/RiscV_BD_csr_mux_0_0/sim/RiscV_BD_csr_mux_0_0.v" into library xil_defaultlib
INFO: [VRFC 10-311] analyzing module RiscV_BD_csr_mux_0_0
INFO: [VRFC 10-2263] Analyzing Verilog file "C:/IIT_Bombay_Academics/Semester_2/EE705_VLSI_Design_Lab/Course_Project/FINAL_TEST2/FINAL_TEST2/FINAL_TEST2.ip_user_files/bd/RiscV_BD/ip/RiscV_BD_forwarding_mux_0_0/sim/RiscV_BD_forwarding_mux_0_0.v" into library xil_defaultlib
INFO: [VRFC 10-311] analyzing module RiscV_BD_forwarding_mux_0_0
INFO: [VRFC 10-2263] Analyzing Verilog file "C:/IIT_Bombay_Academics/Semester_2/EE705_VLSI_Design_Lab/Course_Project/FINAL_TEST2/FINAL_TEST2/FINAL_TEST2.ip_user_files/bd/RiscV_BD/ip/RiscV_BD_alu_muxes_0_2/sim/RiscV_BD_alu_muxes_0_2.v" into library xil_defaultlib
INFO: [VRFC 10-311] analyzing module RiscV_BD_alu_muxes_0_2
INFO: [VRFC 10-2263] Analyzing Verilog file "C:/IIT_Bombay_Academics/Semester_2/EE705_VLSI_Design_Lab/Course_Project/FINAL_TEST2/FINAL_TEST2/FINAL_TEST2.ip_user_files/bd/RiscV_BD/ip/RiscV_BD_branch_fsm_0_0/sim/RiscV_BD_branch_fsm_0_0.v" into library xil_defaultlib
INFO: [VRFC 10-311] analyzing module RiscV_BD_branch_fsm_0_0
INFO: [VRFC 10-2263] Analyzing Verilog file "C:/IIT_Bombay_Academics/Semester_2/EE705_VLSI_Design_Lab/Course_Project/FINAL_TEST2/FINAL_TEST2/FINAL_TEST2.ip_user_files/bd/RiscV_BD/ip/RiscV_BD_mul_fsm_0_0/sim/RiscV_BD_mul_fsm_0_0.v" into library xil_defaultlib
INFO: [VRFC 10-311] analyzing module RiscV_BD_mul_fsm_0_0
INFO: [VRFC 10-2263] Analyzing Verilog file "C:/IIT_Bombay_Academics/Semester_2/EE705_VLSI_Design_Lab/Course_Project/FINAL_TEST2/FINAL_TEST2/FINAL_TEST2.ip_user_files/bd/RiscV_BD/ip/RiscV_BD_EX_MA_PR_0_0/sim/RiscV_BD_EX_MA_PR_0_0.v" into library xil_defaultlib
INFO: [VRFC 10-311] analyzing module RiscV_BD_EX_MA_PR_0_0
INFO: [VRFC 10-2263] Analyzing Verilog file "C:/IIT_Bombay_Academics/Semester_2/EE705_VLSI_Design_Lab/Course_Project/FINAL_TEST2/FINAL_TEST2/FINAL_TEST2.ip_user_files/bd/RiscV_BD/ip/RiscV_BD_MA_WB_PR_0_0/sim/RiscV_BD_MA_WB_PR_0_0.v" into library xil_defaultlib
INFO: [VRFC 10-311] analyzing module RiscV_BD_MA_WB_PR_0_0
INFO: [VRFC 10-2263] Analyzing Verilog file "C:/IIT_Bombay_Academics/Semester_2/EE705_VLSI_Design_Lab/Course_Project/FINAL_TEST2/FINAL_TEST2/FINAL_TEST2.ip_user_files/bd/RiscV_BD/ip/RiscV_BD_load_extend_0_0/sim/RiscV_BD_load_extend_0_0.v" into library xil_defaultlib
INFO: [VRFC 10-311] analyzing module RiscV_BD_load_extend_0_0
INFO: [VRFC 10-2263] Analyzing Verilog file "C:/IIT_Bombay_Academics/Semester_2/EE705_VLSI_Design_Lab/Course_Project/FINAL_TEST2/FINAL_TEST2/FINAL_TEST2.ip_user_files/bd/RiscV_BD/ip/RiscV_BD_Write_back_Mux_0_0/sim/RiscV_BD_Write_back_Mux_0_0.v" into library xil_defaultlib
INFO: [VRFC 10-311] analyzing module RiscV_BD_Write_back_Mux_0_0
INFO: [VRFC 10-2263] Analyzing Verilog file "C:/IIT_Bombay_Academics/Semester_2/EE705_VLSI_Design_Lab/Course_Project/FINAL_TEST2/FINAL_TEST2/FINAL_TEST2.ip_user_files/bd/RiscV_BD/ip/RiscV_BD_combinational_0_0/sim/RiscV_BD_combinational_0_0.v" into library xil_defaultlib
INFO: [VRFC 10-311] analyzing module RiscV_BD_combinational_0_0
INFO: [VRFC 10-2263] Analyzing Verilog file "C:/IIT_Bombay_Academics/Semester_2/EE705_VLSI_Design_Lab/Course_Project/FINAL_TEST2/FINAL_TEST2/FINAL_TEST2.ip_user_files/bd/RiscV_BD/ip/RiscV_BD_instr_retire_mux_0_0/sim/RiscV_BD_instr_retire_mux_0_0.v" into library xil_defaultlib
INFO: [VRFC 10-311] analyzing module RiscV_BD_instr_retire_mux_0_0
INFO: [VRFC 10-2263] Analyzing Verilog file "C:/IIT_Bombay_Academics/Semester_2/EE705_VLSI_Design_Lab/Course_Project/FINAL_TEST2/FINAL_TEST2/FINAL_TEST2.ip_user_files/bd/RiscV_BD/ip/RiscV_BD_concat_2to1_0_0/sim/RiscV_BD_concat_2to1_0_0.v" into library xil_defaultlib
INFO: [VRFC 10-311] analyzing module RiscV_BD_concat_2to1_0_0
INFO: [VRFC 10-2263] Analyzing Verilog file "C:/IIT_Bombay_Academics/Semester_2/EE705_VLSI_Design_Lab/Course_Project/FINAL_TEST2/FINAL_TEST2/FINAL_TEST2.ip_user_files/bd/RiscV_BD/ip/RiscV_BD_concat_2to1_1_0/sim/RiscV_BD_concat_2to1_1_0.v" into library xil_defaultlib
INFO: [VRFC 10-311] analyzing module RiscV_BD_concat_2to1_1_0
INFO: [VRFC 10-2263] Analyzing Verilog file "C:/IIT_Bombay_Academics/Semester_2/EE705_VLSI_Design_Lab/Course_Project/FINAL_TEST2/FINAL_TEST2/FINAL_TEST2.ip_user_files/bd/RiscV_BD/ip/RiscV_BD_hazard_unit_0_0/sim/RiscV_BD_hazard_unit_0_0.v" into library xil_defaultlib
INFO: [VRFC 10-311] analyzing module RiscV_BD_hazard_unit_0_0
INFO: [VRFC 10-2263] Analyzing Verilog file "C:/IIT_Bombay_Academics/Semester_2/EE705_VLSI_Design_Lab/Course_Project/FINAL_TEST2/FINAL_TEST2/FINAL_TEST2.ip_user_files/bd/RiscV_BD/ip/RiscV_BD_concat_2to1_2_0/sim/RiscV_BD_concat_2to1_2_0.v" into library xil_defaultlib
INFO: [VRFC 10-311] analyzing module RiscV_BD_concat_2to1_2_0
INFO: [VRFC 10-2263] Analyzing Verilog file "C:/IIT_Bombay_Academics/Semester_2/EE705_VLSI_Design_Lab/Course_Project/FINAL_TEST2/FINAL_TEST2/FINAL_TEST2.ip_user_files/bd/RiscV_BD/ip/RiscV_BD_ID_EX_PR_0_0/sim/RiscV_BD_ID_EX_PR_0_0.v" into library xil_defaultlib
INFO: [VRFC 10-311] analyzing module RiscV_BD_ID_EX_PR_0_0
INFO: [VRFC 10-2263] Analyzing Verilog file "C:/IIT_Bombay_Academics/Semester_2/EE705_VLSI_Design_Lab/Course_Project/FINAL_TEST2/FINAL_TEST2/FINAL_TEST2.ip_user_files/bd/RiscV_BD/ip/RiscV_BD_ALU_OPER_0_0/sim/RiscV_BD_ALU_OPER_0_0.v" into library xil_defaultlib
INFO: [VRFC 10-311] analyzing module RiscV_BD_ALU_OPER_0_0
INFO: [VRFC 10-2263] Analyzing Verilog file "C:/IIT_Bombay_Academics/Semester_2/EE705_VLSI_Design_Lab/Course_Project/FINAL_TEST2/FINAL_TEST2/FINAL_TEST2.ip_user_files/bd/RiscV_BD/ip/RiscV_BD_IF_ID_PR_0_0/sim/RiscV_BD_IF_ID_PR_0_0.v" into library xil_defaultlib
INFO: [VRFC 10-311] analyzing module RiscV_BD_IF_ID_PR_0_0
INFO: [VRFC 10-2263] Analyzing Verilog file "C:/IIT_Bombay_Academics/Semester_2/EE705_VLSI_Design_Lab/Course_Project/FINAL_TEST2/FINAL_TEST2/FINAL_TEST2.ip_user_files/bd/RiscV_BD/ip/RiscV_BD_or_gate_1_0/sim/RiscV_BD_or_gate_1_0.v" into library xil_defaultlib
INFO: [VRFC 10-311] analyzing module RiscV_BD_or_gate_1_0
INFO: [VRFC 10-2263] Analyzing Verilog file "C:/IIT_Bombay_Academics/Semester_2/EE705_VLSI_Design_Lab/Course_Project/FINAL_TEST2/FINAL_TEST2/FINAL_TEST2.ip_user_files/bd/RiscV_BD/ip/RiscV_BD_controller_0_0/sim/RiscV_BD_controller_0_0.v" into library xil_defaultlib
INFO: [VRFC 10-311] analyzing module RiscV_BD_controller_0_0
INFO: [VRFC 10-2263] Analyzing Verilog file "C:/IIT_Bombay_Academics/Semester_2/EE705_VLSI_Design_Lab/Course_Project/FINAL_TEST2/FINAL_TEST2/FINAL_TEST2.ip_user_files/bd/RiscV_BD/ip/RiscV_BD_pc_0_0/sim/RiscV_BD_pc_0_0.v" into library xil_defaultlib
INFO: [VRFC 10-311] analyzing module RiscV_BD_pc_0_0
INFO: [VRFC 10-2263] Analyzing Verilog file "C:/IIT_Bombay_Academics/Semester_2/EE705_VLSI_Design_Lab/Course_Project/FINAL_TEST2/FINAL_TEST2/FINAL_TEST2.ip_user_files/bd/RiscV_BD/ip/RiscV_BD_instr_mem_0_0/sim/RiscV_BD_instr_mem_0_0.v" into library xil_defaultlib
INFO: [VRFC 10-311] analyzing module RiscV_BD_instr_mem_0_0
INFO: [VRFC 10-2263] Analyzing Verilog file "C:/IIT_Bombay_Academics/Semester_2/EE705_VLSI_Design_Lab/Course_Project/FINAL_TEST2/FINAL_TEST2/FINAL_TEST2.ip_user_files/bd/RiscV_BD/ip/RiscV_BD_data_mem_0_0/sim/RiscV_BD_data_mem_0_0.v" into library xil_defaultlib
INFO: [VRFC 10-311] analyzing module RiscV_BD_data_mem_0_0
INFO: [VRFC 10-2263] Analyzing Verilog file "C:/IIT_Bombay_Academics/Semester_2/EE705_VLSI_Design_Lab/Course_Project/FINAL_TEST2/FINAL_TEST2/FINAL_TEST2.ip_user_files/bd/RiscV_BD/sim/RiscV_BD.v" into library xil_defaultlib
INFO: [VRFC 10-311] analyzing module RiscV_BD
INFO: [VRFC 10-2263] Analyzing Verilog file "C:/IIT_Bombay_Academics/Semester_2/EE705_VLSI_Design_Lab/Course_Project/FINAL_TEST2/FINAL_TEST2/FINAL_TEST2.gen/sources_1/bd/RiscV_BD/hdl/RiscV_BD_wrapper.v" into library xil_defaultlib
INFO: [VRFC 10-311] analyzing module RiscV_BD_wrapper
INFO: [VRFC 10-2263] Analyzing Verilog file "C:/IIT_Bombay_Academics/Semester_2/EE705_VLSI_Design_Lab/Course_Project/FINAL_TEST2/FINAL_TEST2/FINAL_TEST2.srcs/sim_1/new/RiscV_BD_wrapper_tb.v" into library xil_defaultlib
INFO: [VRFC 10-311] analyzing module RiscV_BD_wrapper_tb
"xvhdl --incr --relax -prj RiscV_BD_wrapper_tb_vhdl.prj"
run_program: Time (s): cpu = 00:00:01 ; elapsed = 00:00:11 . Memory (MB): peak = 1647.086 ; gain = 0.000
INFO: [USF-XSim-69] 'compile' step finished in '11' seconds
launch_simulation: Time (s): cpu = 00:00:01 ; elapsed = 00:00:12 . Memory (MB): peak = 1647.086 ; gain = 0.000
Command: launch_simulation -simset sim_1 -mode behavioral
INFO: [Vivado 12-5682] Launching behavioral simulation in 'C:/IIT_Bombay_Academics/Semester_2/EE705_VLSI_Design_Lab/Course_Project/FINAL_TEST2/FINAL_TEST2/FINAL_TEST2.sim/sim_1/behav/xsim'
INFO: [Vivado 12-4795] Using compiled simulation libraries for IPs
INFO: [USF-XSim-3] XSim::Elaborate design
INFO: [USF-XSim-61] Executing 'ELABORATE' step in 'C:/IIT_Bombay_Academics/Semester_2/EE705_VLSI_Design_Lab/Course_Project/FINAL_TEST2/FINAL_TEST2/FINAL_TEST2.sim/sim_1/behav/xsim'
"xelab -wto 825d914d5bae4902b22375897d789401 --incr --debug typical --relax --mt 2 -L xil_defaultlib -L unisims_ver -L unimacro_ver -L secureip -L xpm --snapshot RiscV_BD_wrapper_tb_behav xil_defaultlib.RiscV_BD_wrapper_tb xil_defaultlib.glbl -log elaborate.log"
Vivado Simulator 2020.2
Copyright 1986-1999, 2001-2020 Xilinx, Inc. All Rights Reserved.
Running: C:/Xilinx/Vivado/2020.2/bin/unwrapped/win64.o/xelab.exe -wto 825d914d5bae4902b22375897d789401 --incr --debug typical --relax --mt 2 -L xil_defaultlib -L unisims_ver -L unimacro_ver -L secureip -L xpm --snapshot RiscV_BD_wrapper_tb_behav xil_defaultlib.RiscV_BD_wrapper_tb xil_defaultlib.glbl -log elaborate.log 
Using 2 slave threads.
Starting static elaboration
Pass Through NonSizing Optimizer
Completed static elaboration
Starting simulation data flow analysis
Completed simulation data flow analysis
Time Resolution for simulation is 1ps
Compiling package std.standard
Compiling package std.textio
Compiling package ieee.std_logic_1164
Compiling package ieee.numeric_std
Compiling module xil_defaultlib.Booth_PP
Compiling module xil_defaultlib.Dadda_stage1
Compiling module xil_defaultlib.Dadda_stage2
Compiling module xil_defaultlib.mul_top
Compiling module xil_defaultlib.ALU_OPER
Compiling module xil_defaultlib.RiscV_BD_ALU_OPER_0_0
Compiling module xil_defaultlib.EX_MA_PR
Compiling module xil_defaultlib.RiscV_BD_EX_MA_PR_0_0
Compiling module xil_defaultlib.ID_EX_PR
Compiling module xil_defaultlib.RiscV_BD_ID_EX_PR_0_0
Compiling module xil_defaultlib.IF_ID_PR
Compiling module xil_defaultlib.RiscV_BD_IF_ID_PR_0_0
Compiling module xil_defaultlib.MA_WB_PR
Compiling module xil_defaultlib.RiscV_BD_MA_WB_PR_0_0
Compiling module xil_defaultlib.Booth_PP_FM
Compiling module xil_defaultlib.Dadda_tree
Compiling module xil_defaultlib.Q16_16_Mult
Compiling module xil_defaultlib.RiscV_BD_Q16_16_Mult_0_0
Compiling module xil_defaultlib.Write_back_Mux
Compiling module xil_defaultlib.RiscV_BD_Write_back_Mux_0_0
Compiling module xil_defaultlib.alu_fixed_point_mux
Compiling module xil_defaultlib.RiscV_BD_alu_fixed_point_mux_0_0
Compiling module xil_defaultlib.alu_muxes
Compiling module xil_defaultlib.RiscV_BD_alu_muxes_0_2
Compiling module xil_defaultlib.branch_fsm
Compiling module xil_defaultlib.RiscV_BD_branch_fsm_0_0
Compiling module xil_defaultlib.combinational
Compiling module xil_defaultlib.RiscV_BD_combinational_0_0
Compiling module xil_defaultlib.concat_2to1
Compiling module xil_defaultlib.RiscV_BD_concat_2to1_0_0
Compiling module xil_defaultlib.RiscV_BD_concat_2to1_1_0
Compiling module xil_defaultlib.RiscV_BD_concat_2to1_2_0
Compiling module xil_defaultlib.controller
Compiling module xil_defaultlib.RiscV_BD_controller_0_0
Compiling module xil_defaultlib.csr
Compiling module xil_defaultlib.RiscV_BD_csr_0_0
Compiling module xil_defaultlib.csr_mux
Compiling module xil_defaultlib.RiscV_BD_csr_mux_0_0
Compiling architecture dmem_arch of entity xil_defaultlib.data_mem [data_mem_default]
Compiling module xil_defaultlib.RiscV_BD_data_mem_0_0
Compiling module xil_defaultlib.forwarding_mux
Compiling module xil_defaultlib.RiscV_BD_forwarding_mux_0_0
Compiling module xil_defaultlib.hazard_unit
Compiling module xil_defaultlib.RiscV_BD_hazard_unit_0_0
Compiling module xil_defaultlib.imm_extend
Compiling module xil_defaultlib.RiscV_BD_imm_extend_0_0
Compiling architecture mem_arch of entity xil_defaultlib.instr_mem [instr_mem_default]
Compiling module xil_defaultlib.RiscV_BD_instr_mem_0_0
Compiling module xil_defaultlib.instr_retire_mux
Compiling module xil_defaultlib.RiscV_BD_instr_retire_mux_0_0
Compiling module xil_defaultlib.load_extend
Compiling module xil_defaultlib.RiscV_BD_load_extend_0_0
Compiling module xil_defaultlib.mul_fsm
Compiling module xil_defaultlib.RiscV_BD_mul_fsm_0_0
Compiling module xil_defaultlib.or_gate
Compiling module xil_defaultlib.RiscV_BD_or_gate_1_0
Compiling module xil_defaultlib.pc
Compiling module xil_defaultlib.RiscV_BD_pc_0_0
Compiling module xil_defaultlib.register_file
Compiling module xil_defaultlib.RiscV_BD_register_file_0_0
Compiling module xil_defaultlib.RiscV_BD
Compiling module xil_defaultlib.RiscV_BD_wrapper
Compiling module xil_defaultlib.RiscV_BD_wrapper_tb
Compiling module xil_defaultlib.glbl
Built simulation snapshot RiscV_BD_wrapper_tb_behav
run_program: Time (s): cpu = 00:00:00 ; elapsed = 00:00:05 . Memory (MB): peak = 1647.086 ; gain = 0.000
INFO: [USF-XSim-69] 'elaborate' step finished in '5' seconds
launch_simulation: Time (s): cpu = 00:00:00 ; elapsed = 00:00:05 . Memory (MB): peak = 1647.086 ; gain = 0.000
Vivado Simulator 2020.2
INFO: [Wavedata 42-565] Reading protoinst file protoinst_files/RiscV_BD.protoinst
Time resolution is 1 ps
Simulation complete.
$finish called at time : 2007 ps : File "C:/IIT_Bombay_Academics/Semester_2/EE705_VLSI_Design_Lab/Course_Project/FINAL_TEST2/FINAL_TEST2/FINAL_TEST2.srcs/sim_1/new/RiscV_BD_wrapper_tb.v" Line 34
relaunch_sim: Time (s): cpu = 00:00:03 ; elapsed = 00:00:22 . Memory (MB): peak = 1647.086 ; gain = 0.000
relaunch_sim
Command: launch_simulation -simset sim_1 -mode behavioral
INFO: [Vivado 12-5682] Launching behavioral simulation in 'C:/IIT_Bombay_Academics/Semester_2/EE705_VLSI_Design_Lab/Course_Project/FINAL_TEST2/FINAL_TEST2/FINAL_TEST2.sim/sim_1/behav/xsim'
INFO: [Vivado 12-4795] Using compiled simulation libraries for IPs
INFO: [SIM-utils-51] Simulation object is 'sim_1'
INFO: [USF-XSim-7] Finding pre-compiled libraries...
INFO: [USF-XSim-11] File 'C:/Xilinx/Vivado/2020.2/data/xsim/xsim.ini' copied to run dir:'C:/IIT_Bombay_Academics/Semester_2/EE705_VLSI_Design_Lab/Course_Project/FINAL_TEST2/FINAL_TEST2/FINAL_TEST2.sim/sim_1/behav/xsim'
INFO: [SIM-utils-54] Inspecting design source files for 'RiscV_BD_wrapper_tb' in fileset 'sim_1'...
INFO: [SIM-utils-43] Exported 'C:/IIT_Bombay_Academics/Semester_2/EE705_VLSI_Design_Lab/Course_Project/FINAL_TEST2/FINAL_TEST2/FINAL_TEST2.sim/sim_1/behav/xsim/instruction_memory.coe'
INFO: [SIM-utils-43] Exported 'C:/IIT_Bombay_Academics/Semester_2/EE705_VLSI_Design_Lab/Course_Project/FINAL_TEST2/FINAL_TEST2/FINAL_TEST2.sim/sim_1/behav/xsim/data_memory.coe'
INFO: [SIM-utils-43] Exported 'C:/IIT_Bombay_Academics/Semester_2/EE705_VLSI_Design_Lab/Course_Project/FINAL_TEST2/FINAL_TEST2/FINAL_TEST2.sim/sim_1/behav/xsim/instruction_memory.coe'
INFO: [SIM-utils-43] Exported 'C:/IIT_Bombay_Academics/Semester_2/EE705_VLSI_Design_Lab/Course_Project/FINAL_TEST2/FINAL_TEST2/FINAL_TEST2.sim/sim_1/behav/xsim/instruction_memory.coe'
INFO: [SIM-utils-43] Exported 'C:/IIT_Bombay_Academics/Semester_2/EE705_VLSI_Design_Lab/Course_Project/FINAL_TEST2/FINAL_TEST2/FINAL_TEST2.sim/sim_1/behav/xsim/data_memory.coe'
INFO: [USF-XSim-97] Finding global include files...
INFO: [USF-XSim-98] Fetching design files from 'sim_1'...
INFO: [USF-XSim-2] XSim::Compile design
INFO: [USF-XSim-61] Executing 'COMPILE and ANALYZE' step in 'C:/IIT_Bombay_Academics/Semester_2/EE705_VLSI_Design_Lab/Course_Project/FINAL_TEST2/FINAL_TEST2/FINAL_TEST2.sim/sim_1/behav/xsim'
"xvlog --incr --relax -prj RiscV_BD_wrapper_tb_vlog.prj"
"xvhdl --incr --relax -prj RiscV_BD_wrapper_tb_vhdl.prj"
INFO: [VRFC 10-163] Analyzing VHDL file "C:/IIT_Bombay_Academics/Semester_2/EE705_VLSI_Design_Lab/Course_Project/FINAL_TEST2/FINAL_TEST2/FINAL_TEST2.srcs/sources_1/new/data_mem.vhd" into library xil_defaultlib
INFO: [VRFC 10-3107] analyzing entity 'data_mem'
INFO: [USF-XSim-69] 'compile' step finished in '2' seconds
Command: launch_simulation -simset sim_1 -mode behavioral
INFO: [Vivado 12-5682] Launching behavioral simulation in 'C:/IIT_Bombay_Academics/Semester_2/EE705_VLSI_Design_Lab/Course_Project/FINAL_TEST2/FINAL_TEST2/FINAL_TEST2.sim/sim_1/behav/xsim'
INFO: [Vivado 12-4795] Using compiled simulation libraries for IPs
INFO: [USF-XSim-3] XSim::Elaborate design
INFO: [USF-XSim-61] Executing 'ELABORATE' step in 'C:/IIT_Bombay_Academics/Semester_2/EE705_VLSI_Design_Lab/Course_Project/FINAL_TEST2/FINAL_TEST2/FINAL_TEST2.sim/sim_1/behav/xsim'
"xelab -wto 825d914d5bae4902b22375897d789401 --incr --debug typical --relax --mt 2 -L xil_defaultlib -L unisims_ver -L unimacro_ver -L secureip -L xpm --snapshot RiscV_BD_wrapper_tb_behav xil_defaultlib.RiscV_BD_wrapper_tb xil_defaultlib.glbl -log elaborate.log"
Vivado Simulator 2020.2
Copyright 1986-1999, 2001-2020 Xilinx, Inc. All Rights Reserved.
Running: C:/Xilinx/Vivado/2020.2/bin/unwrapped/win64.o/xelab.exe -wto 825d914d5bae4902b22375897d789401 --incr --debug typical --relax --mt 2 -L xil_defaultlib -L unisims_ver -L unimacro_ver -L secureip -L xpm --snapshot RiscV_BD_wrapper_tb_behav xil_defaultlib.RiscV_BD_wrapper_tb xil_defaultlib.glbl -log elaborate.log 
Using 2 slave threads.
Starting static elaboration
Pass Through NonSizing Optimizer
Completed static elaboration
Starting simulation data flow analysis
Completed simulation data flow analysis
Time Resolution for simulation is 1ps
Compiling package std.standard
Compiling package std.textio
Compiling package ieee.std_logic_1164
Compiling package ieee.numeric_std
Compiling module xil_defaultlib.Booth_PP
Compiling module xil_defaultlib.Dadda_stage1
Compiling module xil_defaultlib.Dadda_stage2
Compiling module xil_defaultlib.mul_top
Compiling module xil_defaultlib.ALU_OPER
Compiling module xil_defaultlib.RiscV_BD_ALU_OPER_0_0
Compiling module xil_defaultlib.EX_MA_PR
Compiling module xil_defaultlib.RiscV_BD_EX_MA_PR_0_0
Compiling module xil_defaultlib.ID_EX_PR
Compiling module xil_defaultlib.RiscV_BD_ID_EX_PR_0_0
Compiling module xil_defaultlib.IF_ID_PR
Compiling module xil_defaultlib.RiscV_BD_IF_ID_PR_0_0
Compiling module xil_defaultlib.MA_WB_PR
Compiling module xil_defaultlib.RiscV_BD_MA_WB_PR_0_0
Compiling module xil_defaultlib.Booth_PP_FM
Compiling module xil_defaultlib.Dadda_tree
Compiling module xil_defaultlib.Q16_16_Mult
Compiling module xil_defaultlib.RiscV_BD_Q16_16_Mult_0_0
Compiling module xil_defaultlib.Write_back_Mux
Compiling module xil_defaultlib.RiscV_BD_Write_back_Mux_0_0
Compiling module xil_defaultlib.alu_fixed_point_mux
Compiling module xil_defaultlib.RiscV_BD_alu_fixed_point_mux_0_0
Compiling module xil_defaultlib.alu_muxes
Compiling module xil_defaultlib.RiscV_BD_alu_muxes_0_2
Compiling module xil_defaultlib.branch_fsm
Compiling module xil_defaultlib.RiscV_BD_branch_fsm_0_0
Compiling module xil_defaultlib.combinational
Compiling module xil_defaultlib.RiscV_BD_combinational_0_0
Compiling module xil_defaultlib.concat_2to1
Compiling module xil_defaultlib.RiscV_BD_concat_2to1_0_0
Compiling module xil_defaultlib.RiscV_BD_concat_2to1_1_0
Compiling module xil_defaultlib.RiscV_BD_concat_2to1_2_0
Compiling module xil_defaultlib.controller
Compiling module xil_defaultlib.RiscV_BD_controller_0_0
Compiling module xil_defaultlib.csr
Compiling module xil_defaultlib.RiscV_BD_csr_0_0
Compiling module xil_defaultlib.csr_mux
Compiling module xil_defaultlib.RiscV_BD_csr_mux_0_0
Compiling architecture dmem_arch of entity xil_defaultlib.data_mem [data_mem_default]
Compiling module xil_defaultlib.RiscV_BD_data_mem_0_0
Compiling module xil_defaultlib.forwarding_mux
Compiling module xil_defaultlib.RiscV_BD_forwarding_mux_0_0
Compiling module xil_defaultlib.hazard_unit
Compiling module xil_defaultlib.RiscV_BD_hazard_unit_0_0
Compiling module xil_defaultlib.imm_extend
Compiling module xil_defaultlib.RiscV_BD_imm_extend_0_0
Compiling architecture mem_arch of entity xil_defaultlib.instr_mem [instr_mem_default]
Compiling module xil_defaultlib.RiscV_BD_instr_mem_0_0
Compiling module xil_defaultlib.instr_retire_mux
Compiling module xil_defaultlib.RiscV_BD_instr_retire_mux_0_0
Compiling module xil_defaultlib.load_extend
Compiling module xil_defaultlib.RiscV_BD_load_extend_0_0
Compiling module xil_defaultlib.mul_fsm
Compiling module xil_defaultlib.RiscV_BD_mul_fsm_0_0
Compiling module xil_defaultlib.or_gate
Compiling module xil_defaultlib.RiscV_BD_or_gate_1_0
Compiling module xil_defaultlib.pc
Compiling module xil_defaultlib.RiscV_BD_pc_0_0
Compiling module xil_defaultlib.register_file
Compiling module xil_defaultlib.RiscV_BD_register_file_0_0
Compiling module xil_defaultlib.RiscV_BD
Compiling module xil_defaultlib.RiscV_BD_wrapper
Compiling module xil_defaultlib.RiscV_BD_wrapper_tb
Compiling module xil_defaultlib.glbl
Built simulation snapshot RiscV_BD_wrapper_tb_behav
INFO: [USF-XSim-69] 'elaborate' step finished in '4' seconds
Vivado Simulator 2020.2
INFO: [Wavedata 42-565] Reading protoinst file protoinst_files/RiscV_BD.protoinst
Time resolution is 1 ps
Simulation complete.
$finish called at time : 2007 ps : File "C:/IIT_Bombay_Academics/Semester_2/EE705_VLSI_Design_Lab/Course_Project/FINAL_TEST2/FINAL_TEST2/FINAL_TEST2.srcs/sim_1/new/RiscV_BD_wrapper_tb.v" Line 34
relaunch_sim: Time (s): cpu = 00:00:03 ; elapsed = 00:00:13 . Memory (MB): peak = 1647.305 ; gain = 0.211
relaunch_sim
Command: launch_simulation -simset sim_1 -mode behavioral
INFO: [Vivado 12-5682] Launching behavioral simulation in 'C:/IIT_Bombay_Academics/Semester_2/EE705_VLSI_Design_Lab/Course_Project/FINAL_TEST2/FINAL_TEST2/FINAL_TEST2.sim/sim_1/behav/xsim'
INFO: [Vivado 12-4795] Using compiled simulation libraries for IPs
INFO: [SIM-utils-51] Simulation object is 'sim_1'
INFO: [USF-XSim-7] Finding pre-compiled libraries...
INFO: [USF-XSim-11] File 'C:/Xilinx/Vivado/2020.2/data/xsim/xsim.ini' copied to run dir:'C:/IIT_Bombay_Academics/Semester_2/EE705_VLSI_Design_Lab/Course_Project/FINAL_TEST2/FINAL_TEST2/FINAL_TEST2.sim/sim_1/behav/xsim'
INFO: [SIM-utils-54] Inspecting design source files for 'RiscV_BD_wrapper_tb' in fileset 'sim_1'...
INFO: [SIM-utils-43] Exported 'C:/IIT_Bombay_Academics/Semester_2/EE705_VLSI_Design_Lab/Course_Project/FINAL_TEST2/FINAL_TEST2/FINAL_TEST2.sim/sim_1/behav/xsim/instruction_memory.coe'
INFO: [SIM-utils-43] Exported 'C:/IIT_Bombay_Academics/Semester_2/EE705_VLSI_Design_Lab/Course_Project/FINAL_TEST2/FINAL_TEST2/FINAL_TEST2.sim/sim_1/behav/xsim/data_memory.coe'
INFO: [SIM-utils-43] Exported 'C:/IIT_Bombay_Academics/Semester_2/EE705_VLSI_Design_Lab/Course_Project/FINAL_TEST2/FINAL_TEST2/FINAL_TEST2.sim/sim_1/behav/xsim/instruction_memory.coe'
INFO: [SIM-utils-43] Exported 'C:/IIT_Bombay_Academics/Semester_2/EE705_VLSI_Design_Lab/Course_Project/FINAL_TEST2/FINAL_TEST2/FINAL_TEST2.sim/sim_1/behav/xsim/instruction_memory.coe'
INFO: [SIM-utils-43] Exported 'C:/IIT_Bombay_Academics/Semester_2/EE705_VLSI_Design_Lab/Course_Project/FINAL_TEST2/FINAL_TEST2/FINAL_TEST2.sim/sim_1/behav/xsim/data_memory.coe'
INFO: [USF-XSim-97] Finding global include files...
INFO: [USF-XSim-98] Fetching design files from 'sim_1'...
INFO: [USF-XSim-2] XSim::Compile design
INFO: [USF-XSim-61] Executing 'COMPILE and ANALYZE' step in 'C:/IIT_Bombay_Academics/Semester_2/EE705_VLSI_Design_Lab/Course_Project/FINAL_TEST2/FINAL_TEST2/FINAL_TEST2.sim/sim_1/behav/xsim'
"xvlog --incr --relax -prj RiscV_BD_wrapper_tb_vlog.prj"
"xvhdl --incr --relax -prj RiscV_BD_wrapper_tb_vhdl.prj"
INFO: [USF-XSim-69] 'compile' step finished in '2' seconds
Command: launch_simulation -simset sim_1 -mode behavioral
INFO: [Vivado 12-5682] Launching behavioral simulation in 'C:/IIT_Bombay_Academics/Semester_2/EE705_VLSI_Design_Lab/Course_Project/FINAL_TEST2/FINAL_TEST2/FINAL_TEST2.sim/sim_1/behav/xsim'
INFO: [Vivado 12-4795] Using compiled simulation libraries for IPs
INFO: [USF-XSim-3] XSim::Elaborate design
INFO: [USF-XSim-61] Executing 'ELABORATE' step in 'C:/IIT_Bombay_Academics/Semester_2/EE705_VLSI_Design_Lab/Course_Project/FINAL_TEST2/FINAL_TEST2/FINAL_TEST2.sim/sim_1/behav/xsim'
"xelab -wto 825d914d5bae4902b22375897d789401 --incr --debug typical --relax --mt 2 -L xil_defaultlib -L unisims_ver -L unimacro_ver -L secureip -L xpm --snapshot RiscV_BD_wrapper_tb_behav xil_defaultlib.RiscV_BD_wrapper_tb xil_defaultlib.glbl -log elaborate.log"
Vivado Simulator 2020.2
Copyright 1986-1999, 2001-2020 Xilinx, Inc. All Rights Reserved.
Running: C:/Xilinx/Vivado/2020.2/bin/unwrapped/win64.o/xelab.exe -wto 825d914d5bae4902b22375897d789401 --incr --debug typical --relax --mt 2 -L xil_defaultlib -L unisims_ver -L unimacro_ver -L secureip -L xpm --snapshot RiscV_BD_wrapper_tb_behav xil_defaultlib.RiscV_BD_wrapper_tb xil_defaultlib.glbl -log elaborate.log 
Using 2 slave threads.
Starting static elaboration
Pass Through NonSizing Optimizer
Completed static elaboration
INFO: [XSIM 43-4323] No Change in HDL. Linking previously generated obj files to create kernel
INFO: [USF-XSim-69] 'elaborate' step finished in '1' seconds
Vivado Simulator 2020.2
INFO: [Wavedata 42-565] Reading protoinst file protoinst_files/RiscV_BD.protoinst
Time resolution is 1 ps
Simulation complete.
$finish called at time : 2007 ps : File "C:/IIT_Bombay_Academics/Semester_2/EE705_VLSI_Design_Lab/Course_Project/FINAL_TEST2/FINAL_TEST2/FINAL_TEST2.srcs/sim_1/new/RiscV_BD_wrapper_tb.v" Line 34
relaunch_xsim_kernel: Time (s): cpu = 00:00:03 ; elapsed = 00:00:06 . Memory (MB): peak = 2686.691 ; gain = 0.000
relaunch_sim: Time (s): cpu = 00:00:04 ; elapsed = 00:00:12 . Memory (MB): peak = 2686.691 ; gain = 0.000
relaunch_sim
Command: launch_simulation -simset sim_1 -mode behavioral
INFO: [Vivado 12-5682] Launching behavioral simulation in 'C:/IIT_Bombay_Academics/Semester_2/EE705_VLSI_Design_Lab/Course_Project/FINAL_TEST2/FINAL_TEST2/FINAL_TEST2.sim/sim_1/behav/xsim'
INFO: [Vivado 12-4795] Using compiled simulation libraries for IPs
INFO: [SIM-utils-51] Simulation object is 'sim_1'
INFO: [USF-XSim-7] Finding pre-compiled libraries...
INFO: [USF-XSim-11] File 'C:/Xilinx/Vivado/2020.2/data/xsim/xsim.ini' copied to run dir:'C:/IIT_Bombay_Academics/Semester_2/EE705_VLSI_Design_Lab/Course_Project/FINAL_TEST2/FINAL_TEST2/FINAL_TEST2.sim/sim_1/behav/xsim'
INFO: [SIM-utils-54] Inspecting design source files for 'RiscV_BD_wrapper_tb' in fileset 'sim_1'...
INFO: [SIM-utils-43] Exported 'C:/IIT_Bombay_Academics/Semester_2/EE705_VLSI_Design_Lab/Course_Project/FINAL_TEST2/FINAL_TEST2/FINAL_TEST2.sim/sim_1/behav/xsim/instruction_memory.coe'
INFO: [SIM-utils-43] Exported 'C:/IIT_Bombay_Academics/Semester_2/EE705_VLSI_Design_Lab/Course_Project/FINAL_TEST2/FINAL_TEST2/FINAL_TEST2.sim/sim_1/behav/xsim/data_memory.coe'
INFO: [SIM-utils-43] Exported 'C:/IIT_Bombay_Academics/Semester_2/EE705_VLSI_Design_Lab/Course_Project/FINAL_TEST2/FINAL_TEST2/FINAL_TEST2.sim/sim_1/behav/xsim/instruction_memory.coe'
INFO: [SIM-utils-43] Exported 'C:/IIT_Bombay_Academics/Semester_2/EE705_VLSI_Design_Lab/Course_Project/FINAL_TEST2/FINAL_TEST2/FINAL_TEST2.sim/sim_1/behav/xsim/instruction_memory.coe'
INFO: [SIM-utils-43] Exported 'C:/IIT_Bombay_Academics/Semester_2/EE705_VLSI_Design_Lab/Course_Project/FINAL_TEST2/FINAL_TEST2/FINAL_TEST2.sim/sim_1/behav/xsim/data_memory.coe'
INFO: [USF-XSim-97] Finding global include files...
INFO: [USF-XSim-98] Fetching design files from 'sim_1'...
INFO: [USF-XSim-2] XSim::Compile design
INFO: [USF-XSim-61] Executing 'COMPILE and ANALYZE' step in 'C:/IIT_Bombay_Academics/Semester_2/EE705_VLSI_Design_Lab/Course_Project/FINAL_TEST2/FINAL_TEST2/FINAL_TEST2.sim/sim_1/behav/xsim'
"xvlog --incr --relax -prj RiscV_BD_wrapper_tb_vlog.prj"
"xvhdl --incr --relax -prj RiscV_BD_wrapper_tb_vhdl.prj"
INFO: [USF-XSim-69] 'compile' step finished in '2' seconds
Command: launch_simulation -simset sim_1 -mode behavioral
INFO: [Vivado 12-5682] Launching behavioral simulation in 'C:/IIT_Bombay_Academics/Semester_2/EE705_VLSI_Design_Lab/Course_Project/FINAL_TEST2/FINAL_TEST2/FINAL_TEST2.sim/sim_1/behav/xsim'
INFO: [Vivado 12-4795] Using compiled simulation libraries for IPs
INFO: [USF-XSim-3] XSim::Elaborate design
INFO: [USF-XSim-61] Executing 'ELABORATE' step in 'C:/IIT_Bombay_Academics/Semester_2/EE705_VLSI_Design_Lab/Course_Project/FINAL_TEST2/FINAL_TEST2/FINAL_TEST2.sim/sim_1/behav/xsim'
"xelab -wto 825d914d5bae4902b22375897d789401 --incr --debug typical --relax --mt 2 -L xil_defaultlib -L unisims_ver -L unimacro_ver -L secureip -L xpm --snapshot RiscV_BD_wrapper_tb_behav xil_defaultlib.RiscV_BD_wrapper_tb xil_defaultlib.glbl -log elaborate.log"
Vivado Simulator 2020.2
Copyright 1986-1999, 2001-2020 Xilinx, Inc. All Rights Reserved.
Running: C:/Xilinx/Vivado/2020.2/bin/unwrapped/win64.o/xelab.exe -wto 825d914d5bae4902b22375897d789401 --incr --debug typical --relax --mt 2 -L xil_defaultlib -L unisims_ver -L unimacro_ver -L secureip -L xpm --snapshot RiscV_BD_wrapper_tb_behav xil_defaultlib.RiscV_BD_wrapper_tb xil_defaultlib.glbl -log elaborate.log 
Using 2 slave threads.
Starting static elaboration
Pass Through NonSizing Optimizer
Completed static elaboration
INFO: [XSIM 43-4323] No Change in HDL. Linking previously generated obj files to create kernel
INFO: [USF-XSim-69] 'elaborate' step finished in '2' seconds
Vivado Simulator 2020.2
INFO: [Wavedata 42-565] Reading protoinst file protoinst_files/RiscV_BD.protoinst
Time resolution is 1 ps
Simulation complete.
$finish called at time : 2007 ps : File "C:/IIT_Bombay_Academics/Semester_2/EE705_VLSI_Design_Lab/Course_Project/FINAL_TEST2/FINAL_TEST2/FINAL_TEST2.srcs/sim_1/new/RiscV_BD_wrapper_tb.v" Line 34
relaunch_sim: Time (s): cpu = 00:00:03 ; elapsed = 00:00:10 . Memory (MB): peak = 2686.691 ; gain = 0.000
open_bd_design {C:/IIT_Bombay_Academics/Semester_2/EE705_VLSI_Design_Lab/Course_Project/FINAL_TEST2/FINAL_TEST2/FINAL_TEST2.srcs/sources_1/bd/RiscV_BD/RiscV_BD.bd}
update_module_reference RiscV_BD_instr_mem_0_0
INFO: [IP_Flow 19-234] Refreshing IP repositories
INFO: [IP_Flow 19-1704] No user IP repositories specified
Upgrading 'C:/IIT_Bombay_Academics/Semester_2/EE705_VLSI_Design_Lab/Course_Project/FINAL_TEST2/FINAL_TEST2/FINAL_TEST2.srcs/sources_1/bd/RiscV_BD/RiscV_BD.bd'
INFO: [IP_Flow 19-1972] Upgraded RiscV_BD_instr_mem_0_0 from instr_mem_v1_0 1.0 to instr_mem_v1_0 1.0
Wrote  : <C:\IIT_Bombay_Academics\Semester_2\EE705_VLSI_Design_Lab\Course_Project\FINAL_TEST2\FINAL_TEST2\FINAL_TEST2.srcs\sources_1\bd\RiscV_BD\RiscV_BD.bd> 
Wrote  : <C:/IIT_Bombay_Academics/Semester_2/EE705_VLSI_Design_Lab/Course_Project/FINAL_TEST2/FINAL_TEST2/FINAL_TEST2.srcs/sources_1/bd/RiscV_BD/ui/bd_3ef32312.ui> 
update_module_reference RiscV_BD_data_mem_0_0
INFO: [IP_Flow 19-5107] Inferred bus interface 'clk' of definition 'xilinx.com:signal:clock:1.0' (from Xilinx Repository).
WARNING: [IP_Flow 19-5661] Bus Interface 'clk' does not have any bus interfaces associated with it.
INFO: [IP_Flow 19-234] Refreshing IP repositories
INFO: [IP_Flow 19-1704] No user IP repositories specified
Upgrading 'C:/IIT_Bombay_Academics/Semester_2/EE705_VLSI_Design_Lab/Course_Project/FINAL_TEST2/FINAL_TEST2/FINAL_TEST2.srcs/sources_1/bd/RiscV_BD/RiscV_BD.bd'
INFO: [IP_Flow 19-1972] Upgraded RiscV_BD_data_mem_0_0 from data_mem_v1_0 1.0 to data_mem_v1_0 1.0
Wrote  : <C:\IIT_Bombay_Academics\Semester_2\EE705_VLSI_Design_Lab\Course_Project\FINAL_TEST2\FINAL_TEST2\FINAL_TEST2.srcs\sources_1\bd\RiscV_BD\RiscV_BD.bd> 
Wrote  : <C:/IIT_Bombay_Academics/Semester_2/EE705_VLSI_Design_Lab/Course_Project/FINAL_TEST2/FINAL_TEST2/FINAL_TEST2.srcs/sources_1/bd/RiscV_BD/ui/bd_3ef32312.ui> 
update_module_reference: Time (s): cpu = 00:00:01 ; elapsed = 00:00:07 . Memory (MB): peak = 2686.691 ; gain = 0.000
disconnect_bd_net /controller_0_Branch [get_bd_pins ID_EX_PR_0/alu_op_ctrl_D]
set_property location {5 -55 -1034} [get_bd_cells controller_0]
connect_bd_net [get_bd_pins ID_EX_PR_0/alu_op_ctrl_D] [get_bd_pins controller_0/ALUOpCtrl]
save_bd_design
Wrote  : <C:\IIT_Bombay_Academics\Semester_2\EE705_VLSI_Design_Lab\Course_Project\FINAL_TEST2\FINAL_TEST2\FINAL_TEST2.srcs\sources_1\bd\RiscV_BD\RiscV_BD.bd> 
Wrote  : <C:/IIT_Bombay_Academics/Semester_2/EE705_VLSI_Design_Lab/Course_Project/FINAL_TEST2/FINAL_TEST2/FINAL_TEST2.srcs/sources_1/bd/RiscV_BD/ui/bd_3ef32312.ui> 
save_wave_config {C:/IIT_Bombay_Academics/Semester_2/EE705_VLSI_Design_Lab/Course_Project/FINAL_TEST2/FINAL_TEST2/FINAL_TEST2.srcs/sim_1/imports/VLSI_RISC_V_IM/RiscV_BD_wrapper_tb_behav.wcfg}
close_sim
INFO: [Simtcl 6-16] Simulation closed
generate_target Simulation [get_files C:/IIT_Bombay_Academics/Semester_2/EE705_VLSI_Design_Lab/Course_Project/FINAL_TEST2/FINAL_TEST2/FINAL_TEST2.srcs/sources_1/bd/RiscV_BD/RiscV_BD.bd]
CRITICAL WARNING: [BD 41-759] The input pins (listed below) are either not connected or do not have a source port, and they don't have a tie-off specified. These pins are tied-off to all 0's to avoid error in Implementation flow.
Please check your design and connect them as needed: 
/instr_retire_mux_0/instr_stalled
/hazard_unit_0/memtoreg

Wrote  : <C:\IIT_Bombay_Academics\Semester_2\EE705_VLSI_Design_Lab\Course_Project\FINAL_TEST2\FINAL_TEST2\FINAL_TEST2.srcs\sources_1\bd\RiscV_BD\RiscV_BD.bd> 
VHDL Output written to : c:/IIT_Bombay_Academics/Semester_2/EE705_VLSI_Design_Lab/Course_Project/FINAL_TEST2/FINAL_TEST2/FINAL_TEST2.gen/sources_1/bd/RiscV_BD/synth/RiscV_BD.v
VHDL Output written to : c:/IIT_Bombay_Academics/Semester_2/EE705_VLSI_Design_Lab/Course_Project/FINAL_TEST2/FINAL_TEST2/FINAL_TEST2.gen/sources_1/bd/RiscV_BD/sim/RiscV_BD.v
VHDL Output written to : c:/IIT_Bombay_Academics/Semester_2/EE705_VLSI_Design_Lab/Course_Project/FINAL_TEST2/FINAL_TEST2/FINAL_TEST2.gen/sources_1/bd/RiscV_BD/hdl/RiscV_BD_wrapper.v
INFO: [BD 41-1029] Generation completed for the IP Integrator block instr_mem_0 .
INFO: [BD 41-1029] Generation completed for the IP Integrator block data_mem_0 .
Exporting to file c:/IIT_Bombay_Academics/Semester_2/EE705_VLSI_Design_Lab/Course_Project/FINAL_TEST2/FINAL_TEST2/FINAL_TEST2.gen/sources_1/bd/RiscV_BD/hw_handoff/RiscV_BD.hwh
Generated Block Design Tcl file c:/IIT_Bombay_Academics/Semester_2/EE705_VLSI_Design_Lab/Course_Project/FINAL_TEST2/FINAL_TEST2/FINAL_TEST2.gen/sources_1/bd/RiscV_BD/hw_handoff/RiscV_BD_bd.tcl
Generated Hardware Definition File c:/IIT_Bombay_Academics/Semester_2/EE705_VLSI_Design_Lab/Course_Project/FINAL_TEST2/FINAL_TEST2/FINAL_TEST2.gen/sources_1/bd/RiscV_BD/synth/RiscV_BD.hwdef
export_ip_user_files -of_objects [get_files C:/IIT_Bombay_Academics/Semester_2/EE705_VLSI_Design_Lab/Course_Project/FINAL_TEST2/FINAL_TEST2/FINAL_TEST2.srcs/sources_1/bd/RiscV_BD/RiscV_BD.bd] -no_script -sync -force -quiet
export_simulation -of_objects [get_files C:/IIT_Bombay_Academics/Semester_2/EE705_VLSI_Design_Lab/Course_Project/FINAL_TEST2/FINAL_TEST2/FINAL_TEST2.srcs/sources_1/bd/RiscV_BD/RiscV_BD.bd] -directory C:/IIT_Bombay_Academics/Semester_2/EE705_VLSI_Design_Lab/Course_Project/FINAL_TEST2/FINAL_TEST2/FINAL_TEST2.ip_user_files/sim_scripts -ip_user_files_dir C:/IIT_Bombay_Academics/Semester_2/EE705_VLSI_Design_Lab/Course_Project/FINAL_TEST2/FINAL_TEST2/FINAL_TEST2.ip_user_files -ipstatic_source_dir C:/IIT_Bombay_Academics/Semester_2/EE705_VLSI_Design_Lab/Course_Project/FINAL_TEST2/FINAL_TEST2/FINAL_TEST2.ip_user_files/ipstatic -lib_map_path [list {modelsim=C:/IIT_Bombay_Academics/Semester_2/EE705_VLSI_Design_Lab/Course_Project/FINAL_TEST2/FINAL_TEST2/FINAL_TEST2.cache/compile_simlib/modelsim} {questa=C:/IIT_Bombay_Academics/Semester_2/EE705_VLSI_Design_Lab/Course_Project/FINAL_TEST2/FINAL_TEST2/FINAL_TEST2.cache/compile_simlib/questa} {riviera=C:/IIT_Bombay_Academics/Semester_2/EE705_VLSI_Design_Lab/Course_Project/FINAL_TEST2/FINAL_TEST2/FINAL_TEST2.cache/compile_simlib/riviera} {activehdl=C:/IIT_Bombay_Academics/Semester_2/EE705_VLSI_Design_Lab/Course_Project/FINAL_TEST2/FINAL_TEST2/FINAL_TEST2.cache/compile_simlib/activehdl}] -use_ip_compiled_libs -force -quiet
launch_simulation
Command: launch_simulation 
INFO: [Vivado 12-5682] Launching behavioral simulation in 'C:/IIT_Bombay_Academics/Semester_2/EE705_VLSI_Design_Lab/Course_Project/FINAL_TEST2/FINAL_TEST2/FINAL_TEST2.sim/sim_1/behav/xsim'
INFO: [Vivado 12-4795] Using compiled simulation libraries for IPs
INFO: [SIM-utils-51] Simulation object is 'sim_1'
INFO: [USF-XSim-7] Finding pre-compiled libraries...
INFO: [USF-XSim-11] File 'C:/Xilinx/Vivado/2020.2/data/xsim/xsim.ini' copied to run dir:'C:/IIT_Bombay_Academics/Semester_2/EE705_VLSI_Design_Lab/Course_Project/FINAL_TEST2/FINAL_TEST2/FINAL_TEST2.sim/sim_1/behav/xsim'
INFO: [SIM-utils-54] Inspecting design source files for 'RiscV_BD_wrapper_tb' in fileset 'sim_1'...
INFO: [SIM-utils-43] Exported 'C:/IIT_Bombay_Academics/Semester_2/EE705_VLSI_Design_Lab/Course_Project/FINAL_TEST2/FINAL_TEST2/FINAL_TEST2.sim/sim_1/behav/xsim/instruction_memory.coe'
INFO: [SIM-utils-43] Exported 'C:/IIT_Bombay_Academics/Semester_2/EE705_VLSI_Design_Lab/Course_Project/FINAL_TEST2/FINAL_TEST2/FINAL_TEST2.sim/sim_1/behav/xsim/data_memory.coe'
INFO: [SIM-utils-43] Exported 'C:/IIT_Bombay_Academics/Semester_2/EE705_VLSI_Design_Lab/Course_Project/FINAL_TEST2/FINAL_TEST2/FINAL_TEST2.sim/sim_1/behav/xsim/instruction_memory.coe'
INFO: [SIM-utils-43] Exported 'C:/IIT_Bombay_Academics/Semester_2/EE705_VLSI_Design_Lab/Course_Project/FINAL_TEST2/FINAL_TEST2/FINAL_TEST2.sim/sim_1/behav/xsim/instruction_memory.coe'
INFO: [SIM-utils-43] Exported 'C:/IIT_Bombay_Academics/Semester_2/EE705_VLSI_Design_Lab/Course_Project/FINAL_TEST2/FINAL_TEST2/FINAL_TEST2.sim/sim_1/behav/xsim/data_memory.coe'
INFO: [USF-XSim-97] Finding global include files...
INFO: [USF-XSim-98] Fetching design files from 'sim_1'...
INFO: [USF-XSim-2] XSim::Compile design
INFO: [USF-XSim-61] Executing 'COMPILE and ANALYZE' step in 'C:/IIT_Bombay_Academics/Semester_2/EE705_VLSI_Design_Lab/Course_Project/FINAL_TEST2/FINAL_TEST2/FINAL_TEST2.sim/sim_1/behav/xsim'
"xvlog --incr --relax -prj RiscV_BD_wrapper_tb_vlog.prj"
INFO: [VRFC 10-2263] Analyzing Verilog file "C:/IIT_Bombay_Academics/Semester_2/EE705_VLSI_Design_Lab/Course_Project/FINAL_TEST2/FINAL_TEST2/FINAL_TEST2.srcs/sources_1/imports/sources_1/imports/new/Booth_PP.v" into library xil_defaultlib
INFO: [VRFC 10-311] analyzing module Booth_PP_FM
INFO: [VRFC 10-2263] Analyzing Verilog file "C:/IIT_Bombay_Academics/Semester_2/EE705_VLSI_Design_Lab/Course_Project/FINAL_TEST2/FINAL_TEST2/FINAL_TEST2.srcs/sources_1/imports/new/Dadda_tree.v" into library xil_defaultlib
INFO: [VRFC 10-311] analyzing module Dadda_tree
INFO: [VRFC 10-2263] Analyzing Verilog file "C:/IIT_Bombay_Academics/Semester_2/EE705_VLSI_Design_Lab/Course_Project/FINAL_TEST2/FINAL_TEST2/FINAL_TEST2.srcs/sources_1/imports/new/Q16_16.v" into library xil_defaultlib
INFO: [VRFC 10-311] analyzing module Q16_16_Mult
INFO: [VRFC 10-2263] Analyzing Verilog file "C:/IIT_Bombay_Academics/Semester_2/EE705_VLSI_Design_Lab/Course_Project/FINAL_TEST2/FINAL_TEST2/FINAL_TEST2.srcs/sources_1/imports/COURSE PRPJECT/Decode/reg_file.v" into library xil_defaultlib
INFO: [VRFC 10-311] analyzing module register_file
INFO: [VRFC 10-2263] Analyzing Verilog file "C:/IIT_Bombay_Academics/Semester_2/EE705_VLSI_Design_Lab/Course_Project/FINAL_TEST2/FINAL_TEST2/FINAL_TEST2.srcs/sources_1/imports/COURSE PRPJECT/Decode/imm_extend.v" into library xil_defaultlib
INFO: [VRFC 10-311] analyzing module imm_extend
INFO: [VRFC 10-2263] Analyzing Verilog file "C:/IIT_Bombay_Academics/Semester_2/EE705_VLSI_Design_Lab/Course_Project/FINAL_TEST2/FINAL_TEST2/FINAL_TEST2.srcs/sources_1/imports/codes/min_csr.v" into library xil_defaultlib
INFO: [VRFC 10-311] analyzing module csr
INFO: [VRFC 10-2263] Analyzing Verilog file "C:/IIT_Bombay_Academics/Semester_2/EE705_VLSI_Design_Lab/Course_Project/FINAL_TEST2/FINAL_TEST2/FINAL_TEST2.srcs/sources_1/imports/codes/alu_fixed_point_mux.v" into library xil_defaultlib
INFO: [VRFC 10-311] analyzing module alu_fixed_point_mux
INFO: [VRFC 10-2263] Analyzing Verilog file "C:/IIT_Bombay_Academics/Semester_2/EE705_VLSI_Design_Lab/Course_Project/FINAL_TEST2/FINAL_TEST2/FINAL_TEST2.srcs/sources_1/imports/codes/csr_mux.v" into library xil_defaultlib
INFO: [VRFC 10-311] analyzing module csr_mux
INFO: [VRFC 10-2263] Analyzing Verilog file "C:/IIT_Bombay_Academics/Semester_2/EE705_VLSI_Design_Lab/Course_Project/FINAL_TEST2/FINAL_TEST2/FINAL_TEST2.srcs/sources_1/imports/codes/forwarding_mux.v" into library xil_defaultlib
INFO: [VRFC 10-311] analyzing module forwarding_mux
INFO: [VRFC 10-2263] Analyzing Verilog file "C:/IIT_Bombay_Academics/Semester_2/EE705_VLSI_Design_Lab/Course_Project/FINAL_TEST2/FINAL_TEST2/FINAL_TEST2.srcs/sources_1/imports/codes/alu_muxes.v" into library xil_defaultlib
INFO: [VRFC 10-311] analyzing module alu_muxes
INFO: [VRFC 10-2263] Analyzing Verilog file "C:/IIT_Bombay_Academics/Semester_2/EE705_VLSI_Design_Lab/Course_Project/FINAL_TEST2/FINAL_TEST2/FINAL_TEST2.srcs/sources_1/imports/codes/branch_fsm.v" into library xil_defaultlib
INFO: [VRFC 10-311] analyzing module branch_fsm
INFO: [VRFC 10-2263] Analyzing Verilog file "C:/IIT_Bombay_Academics/Semester_2/EE705_VLSI_Design_Lab/Course_Project/FINAL_TEST2/FINAL_TEST2/FINAL_TEST2.srcs/sources_1/imports/codes/mul_fsm.v" into library xil_defaultlib
INFO: [VRFC 10-311] analyzing module mul_fsm
INFO: [VRFC 10-2263] Analyzing Verilog file "C:/IIT_Bombay_Academics/Semester_2/EE705_VLSI_Design_Lab/Course_Project/FINAL_TEST2/FINAL_TEST2/FINAL_TEST2.srcs/sources_1/new/EX_MA_PR.v" into library xil_defaultlib
INFO: [VRFC 10-311] analyzing module EX_MA_PR
INFO: [VRFC 10-2263] Analyzing Verilog file "C:/IIT_Bombay_Academics/Semester_2/EE705_VLSI_Design_Lab/Course_Project/FINAL_TEST2/FINAL_TEST2/FINAL_TEST2.srcs/sources_1/new/MA_WB_PR.v" into library xil_defaultlib
INFO: [VRFC 10-311] analyzing module MA_WB_PR
INFO: [VRFC 10-2263] Analyzing Verilog file "C:/IIT_Bombay_Academics/Semester_2/EE705_VLSI_Design_Lab/Course_Project/FINAL_TEST2/FINAL_TEST2/FINAL_TEST2.srcs/sources_1/imports/codes/load_extend.v" into library xil_defaultlib
INFO: [VRFC 10-311] analyzing module load_extend
INFO: [VRFC 10-2263] Analyzing Verilog file "C:/IIT_Bombay_Academics/Semester_2/EE705_VLSI_Design_Lab/Course_Project/FINAL_TEST2/FINAL_TEST2/FINAL_TEST2.srcs/sources_1/new/Write_back_Mux.v" into library xil_defaultlib
INFO: [VRFC 10-311] analyzing module Write_back_Mux
INFO: [VRFC 10-2263] Analyzing Verilog file "C:/IIT_Bombay_Academics/Semester_2/EE705_VLSI_Design_Lab/Course_Project/FINAL_TEST2/FINAL_TEST2/FINAL_TEST2.srcs/sources_1/new/combinational.v" into library xil_defaultlib
INFO: [VRFC 10-311] analyzing module combinational
INFO: [VRFC 10-2263] Analyzing Verilog file "C:/IIT_Bombay_Academics/Semester_2/EE705_VLSI_Design_Lab/Course_Project/FINAL_TEST2/FINAL_TEST2/FINAL_TEST2.srcs/sources_1/imports/codes/inst_retire_mux.v" into library xil_defaultlib
INFO: [VRFC 10-311] analyzing module instr_retire_mux
INFO: [VRFC 10-2263] Analyzing Verilog file "C:/IIT_Bombay_Academics/Semester_2/EE705_VLSI_Design_Lab/Course_Project/FINAL_TEST2/FINAL_TEST2/FINAL_TEST2.srcs/sources_1/new/concat_2to1.v" into library xil_defaultlib
INFO: [VRFC 10-311] analyzing module concat_2to1
INFO: [VRFC 10-2263] Analyzing Verilog file "C:/IIT_Bombay_Academics/Semester_2/EE705_VLSI_Design_Lab/Course_Project/FINAL_TEST2/FINAL_TEST2/FINAL_TEST2.srcs/sources_1/new/hazard_unit.v" into library xil_defaultlib
INFO: [VRFC 10-311] analyzing module hazard_unit
INFO: [VRFC 10-2263] Analyzing Verilog file "C:/IIT_Bombay_Academics/Semester_2/EE705_VLSI_Design_Lab/Course_Project/FINAL_TEST2/FINAL_TEST2/FINAL_TEST2.srcs/sources_1/new/ID_EX_PR.v" into library xil_defaultlib
INFO: [VRFC 10-311] analyzing module ID_EX_PR
INFO: [VRFC 10-2263] Analyzing Verilog file "C:/IIT_Bombay_Academics/Semester_2/EE705_VLSI_Design_Lab/Course_Project/FINAL_TEST2/FINAL_TEST2/FINAL_TEST2.srcs/sources_1/imports/new/Booth_PP.v" into library xil_defaultlib
INFO: [VRFC 10-311] analyzing module Booth_PP
INFO: [VRFC 10-2263] Analyzing Verilog file "C:/IIT_Bombay_Academics/Semester_2/EE705_VLSI_Design_Lab/Course_Project/FINAL_TEST2/FINAL_TEST2/FINAL_TEST2.srcs/sources_1/imports/sources_1/imports/new/Dadda_Stage_1.v" into library xil_defaultlib
INFO: [VRFC 10-311] analyzing module Dadda_stage1
INFO: [VRFC 10-2263] Analyzing Verilog file "C:/IIT_Bombay_Academics/Semester_2/EE705_VLSI_Design_Lab/Course_Project/FINAL_TEST2/FINAL_TEST2/FINAL_TEST2.srcs/sources_1/imports/sources_1/imports/new/Dadda_stage_2.v" into library xil_defaultlib
INFO: [VRFC 10-311] analyzing module Dadda_stage2
INFO: [VRFC 10-2263] Analyzing Verilog file "C:/IIT_Bombay_Academics/Semester_2/EE705_VLSI_Design_Lab/Course_Project/FINAL_TEST2/FINAL_TEST2/FINAL_TEST2.srcs/sources_1/imports/sources_1/imports/new/mul_top.v" into library xil_defaultlib
INFO: [VRFC 10-311] analyzing module mul_top
INFO: [VRFC 10-2263] Analyzing Verilog file "C:/IIT_Bombay_Academics/Semester_2/EE705_VLSI_Design_Lab/Course_Project/FINAL_TEST2/FINAL_TEST2/FINAL_TEST2.srcs/sources_1/imports/sources_1/new/ALU_OPER.v" into library xil_defaultlib
INFO: [VRFC 10-311] analyzing module ALU_OPER
INFO: [VRFC 10-2263] Analyzing Verilog file "C:/IIT_Bombay_Academics/Semester_2/EE705_VLSI_Design_Lab/Course_Project/FINAL_TEST2/FINAL_TEST2/FINAL_TEST2.srcs/sources_1/new/IF_ID_PR.v" into library xil_defaultlib
INFO: [VRFC 10-311] analyzing module IF_ID_PR
INFO: [VRFC 10-2263] Analyzing Verilog file "C:/IIT_Bombay_Academics/Semester_2/EE705_VLSI_Design_Lab/Course_Project/FINAL_TEST2/FINAL_TEST2/FINAL_TEST2.srcs/sources_1/new/OR_gate.v" into library xil_defaultlib
INFO: [VRFC 10-311] analyzing module or_gate
INFO: [VRFC 10-2263] Analyzing Verilog file "C:/IIT_Bombay_Academics/Semester_2/EE705_VLSI_Design_Lab/Course_Project/FINAL_TEST2/FINAL_TEST2/FINAL_TEST2.srcs/sources_1/imports/codes/controller.v" into library xil_defaultlib
INFO: [VRFC 10-311] analyzing module controller
INFO: [VRFC 10-2263] Analyzing Verilog file "C:/IIT_Bombay_Academics/Semester_2/EE705_VLSI_Design_Lab/Course_Project/FINAL_TEST2/FINAL_TEST2/FINAL_TEST2.srcs/sources_1/imports/DESIGN LAB/pc.v" into library xil_defaultlib
INFO: [VRFC 10-311] analyzing module pc
INFO: [VRFC 10-2263] Analyzing Verilog file "C:/IIT_Bombay_Academics/Semester_2/EE705_VLSI_Design_Lab/Course_Project/FINAL_TEST2/FINAL_TEST2/FINAL_TEST2.ip_user_files/bd/RiscV_BD/ip/RiscV_BD_Q16_16_Mult_0_0/sim/RiscV_BD_Q16_16_Mult_0_0.v" into library xil_defaultlib
INFO: [VRFC 10-311] analyzing module RiscV_BD_Q16_16_Mult_0_0
INFO: [VRFC 10-2263] Analyzing Verilog file "C:/IIT_Bombay_Academics/Semester_2/EE705_VLSI_Design_Lab/Course_Project/FINAL_TEST2/FINAL_TEST2/FINAL_TEST2.ip_user_files/bd/RiscV_BD/ip/RiscV_BD_register_file_0_0/sim/RiscV_BD_register_file_0_0.v" into library xil_defaultlib
INFO: [VRFC 10-311] analyzing module RiscV_BD_register_file_0_0
INFO: [VRFC 10-2263] Analyzing Verilog file "C:/IIT_Bombay_Academics/Semester_2/EE705_VLSI_Design_Lab/Course_Project/FINAL_TEST2/FINAL_TEST2/FINAL_TEST2.ip_user_files/bd/RiscV_BD/ip/RiscV_BD_imm_extend_0_0/sim/RiscV_BD_imm_extend_0_0.v" into library xil_defaultlib
INFO: [VRFC 10-311] analyzing module RiscV_BD_imm_extend_0_0
INFO: [VRFC 10-2263] Analyzing Verilog file "C:/IIT_Bombay_Academics/Semester_2/EE705_VLSI_Design_Lab/Course_Project/FINAL_TEST2/FINAL_TEST2/FINAL_TEST2.ip_user_files/bd/RiscV_BD/ip/RiscV_BD_csr_0_0/sim/RiscV_BD_csr_0_0.v" into library xil_defaultlib
INFO: [VRFC 10-311] analyzing module RiscV_BD_csr_0_0
INFO: [VRFC 10-2263] Analyzing Verilog file "C:/IIT_Bombay_Academics/Semester_2/EE705_VLSI_Design_Lab/Course_Project/FINAL_TEST2/FINAL_TEST2/FINAL_TEST2.ip_user_files/bd/RiscV_BD/ip/RiscV_BD_alu_fixed_point_mux_0_0/sim/RiscV_BD_alu_fixed_point_mux_0_0.v" into library xil_defaultlib
INFO: [VRFC 10-311] analyzing module RiscV_BD_alu_fixed_point_mux_0_0
INFO: [VRFC 10-2263] Analyzing Verilog file "C:/IIT_Bombay_Academics/Semester_2/EE705_VLSI_Design_Lab/Course_Project/FINAL_TEST2/FINAL_TEST2/FINAL_TEST2.ip_user_files/bd/RiscV_BD/ip/RiscV_BD_csr_mux_0_0/sim/RiscV_BD_csr_mux_0_0.v" into library xil_defaultlib
INFO: [VRFC 10-311] analyzing module RiscV_BD_csr_mux_0_0
INFO: [VRFC 10-2263] Analyzing Verilog file "C:/IIT_Bombay_Academics/Semester_2/EE705_VLSI_Design_Lab/Course_Project/FINAL_TEST2/FINAL_TEST2/FINAL_TEST2.ip_user_files/bd/RiscV_BD/ip/RiscV_BD_forwarding_mux_0_0/sim/RiscV_BD_forwarding_mux_0_0.v" into library xil_defaultlib
INFO: [VRFC 10-311] analyzing module RiscV_BD_forwarding_mux_0_0
INFO: [VRFC 10-2263] Analyzing Verilog file "C:/IIT_Bombay_Academics/Semester_2/EE705_VLSI_Design_Lab/Course_Project/FINAL_TEST2/FINAL_TEST2/FINAL_TEST2.ip_user_files/bd/RiscV_BD/ip/RiscV_BD_alu_muxes_0_2/sim/RiscV_BD_alu_muxes_0_2.v" into library xil_defaultlib
INFO: [VRFC 10-311] analyzing module RiscV_BD_alu_muxes_0_2
INFO: [VRFC 10-2263] Analyzing Verilog file "C:/IIT_Bombay_Academics/Semester_2/EE705_VLSI_Design_Lab/Course_Project/FINAL_TEST2/FINAL_TEST2/FINAL_TEST2.ip_user_files/bd/RiscV_BD/ip/RiscV_BD_branch_fsm_0_0/sim/RiscV_BD_branch_fsm_0_0.v" into library xil_defaultlib
INFO: [VRFC 10-311] analyzing module RiscV_BD_branch_fsm_0_0
INFO: [VRFC 10-2263] Analyzing Verilog file "C:/IIT_Bombay_Academics/Semester_2/EE705_VLSI_Design_Lab/Course_Project/FINAL_TEST2/FINAL_TEST2/FINAL_TEST2.ip_user_files/bd/RiscV_BD/ip/RiscV_BD_mul_fsm_0_0/sim/RiscV_BD_mul_fsm_0_0.v" into library xil_defaultlib
INFO: [VRFC 10-311] analyzing module RiscV_BD_mul_fsm_0_0
INFO: [VRFC 10-2263] Analyzing Verilog file "C:/IIT_Bombay_Academics/Semester_2/EE705_VLSI_Design_Lab/Course_Project/FINAL_TEST2/FINAL_TEST2/FINAL_TEST2.ip_user_files/bd/RiscV_BD/ip/RiscV_BD_EX_MA_PR_0_0/sim/RiscV_BD_EX_MA_PR_0_0.v" into library xil_defaultlib
INFO: [VRFC 10-311] analyzing module RiscV_BD_EX_MA_PR_0_0
INFO: [VRFC 10-2263] Analyzing Verilog file "C:/IIT_Bombay_Academics/Semester_2/EE705_VLSI_Design_Lab/Course_Project/FINAL_TEST2/FINAL_TEST2/FINAL_TEST2.ip_user_files/bd/RiscV_BD/ip/RiscV_BD_MA_WB_PR_0_0/sim/RiscV_BD_MA_WB_PR_0_0.v" into library xil_defaultlib
INFO: [VRFC 10-311] analyzing module RiscV_BD_MA_WB_PR_0_0
INFO: [VRFC 10-2263] Analyzing Verilog file "C:/IIT_Bombay_Academics/Semester_2/EE705_VLSI_Design_Lab/Course_Project/FINAL_TEST2/FINAL_TEST2/FINAL_TEST2.ip_user_files/bd/RiscV_BD/ip/RiscV_BD_load_extend_0_0/sim/RiscV_BD_load_extend_0_0.v" into library xil_defaultlib
INFO: [VRFC 10-311] analyzing module RiscV_BD_load_extend_0_0
INFO: [VRFC 10-2263] Analyzing Verilog file "C:/IIT_Bombay_Academics/Semester_2/EE705_VLSI_Design_Lab/Course_Project/FINAL_TEST2/FINAL_TEST2/FINAL_TEST2.ip_user_files/bd/RiscV_BD/ip/RiscV_BD_Write_back_Mux_0_0/sim/RiscV_BD_Write_back_Mux_0_0.v" into library xil_defaultlib
INFO: [VRFC 10-311] analyzing module RiscV_BD_Write_back_Mux_0_0
INFO: [VRFC 10-2263] Analyzing Verilog file "C:/IIT_Bombay_Academics/Semester_2/EE705_VLSI_Design_Lab/Course_Project/FINAL_TEST2/FINAL_TEST2/FINAL_TEST2.ip_user_files/bd/RiscV_BD/ip/RiscV_BD_combinational_0_0/sim/RiscV_BD_combinational_0_0.v" into library xil_defaultlib
INFO: [VRFC 10-311] analyzing module RiscV_BD_combinational_0_0
INFO: [VRFC 10-2263] Analyzing Verilog file "C:/IIT_Bombay_Academics/Semester_2/EE705_VLSI_Design_Lab/Course_Project/FINAL_TEST2/FINAL_TEST2/FINAL_TEST2.ip_user_files/bd/RiscV_BD/ip/RiscV_BD_instr_retire_mux_0_0/sim/RiscV_BD_instr_retire_mux_0_0.v" into library xil_defaultlib
INFO: [VRFC 10-311] analyzing module RiscV_BD_instr_retire_mux_0_0
INFO: [VRFC 10-2263] Analyzing Verilog file "C:/IIT_Bombay_Academics/Semester_2/EE705_VLSI_Design_Lab/Course_Project/FINAL_TEST2/FINAL_TEST2/FINAL_TEST2.ip_user_files/bd/RiscV_BD/ip/RiscV_BD_concat_2to1_0_0/sim/RiscV_BD_concat_2to1_0_0.v" into library xil_defaultlib
INFO: [VRFC 10-311] analyzing module RiscV_BD_concat_2to1_0_0
INFO: [VRFC 10-2263] Analyzing Verilog file "C:/IIT_Bombay_Academics/Semester_2/EE705_VLSI_Design_Lab/Course_Project/FINAL_TEST2/FINAL_TEST2/FINAL_TEST2.ip_user_files/bd/RiscV_BD/ip/RiscV_BD_concat_2to1_1_0/sim/RiscV_BD_concat_2to1_1_0.v" into library xil_defaultlib
INFO: [VRFC 10-311] analyzing module RiscV_BD_concat_2to1_1_0
INFO: [VRFC 10-2263] Analyzing Verilog file "C:/IIT_Bombay_Academics/Semester_2/EE705_VLSI_Design_Lab/Course_Project/FINAL_TEST2/FINAL_TEST2/FINAL_TEST2.ip_user_files/bd/RiscV_BD/ip/RiscV_BD_hazard_unit_0_0/sim/RiscV_BD_hazard_unit_0_0.v" into library xil_defaultlib
INFO: [VRFC 10-311] analyzing module RiscV_BD_hazard_unit_0_0
INFO: [VRFC 10-2263] Analyzing Verilog file "C:/IIT_Bombay_Academics/Semester_2/EE705_VLSI_Design_Lab/Course_Project/FINAL_TEST2/FINAL_TEST2/FINAL_TEST2.ip_user_files/bd/RiscV_BD/ip/RiscV_BD_concat_2to1_2_0/sim/RiscV_BD_concat_2to1_2_0.v" into library xil_defaultlib
INFO: [VRFC 10-311] analyzing module RiscV_BD_concat_2to1_2_0
INFO: [VRFC 10-2263] Analyzing Verilog file "C:/IIT_Bombay_Academics/Semester_2/EE705_VLSI_Design_Lab/Course_Project/FINAL_TEST2/FINAL_TEST2/FINAL_TEST2.ip_user_files/bd/RiscV_BD/ip/RiscV_BD_ID_EX_PR_0_0/sim/RiscV_BD_ID_EX_PR_0_0.v" into library xil_defaultlib
INFO: [VRFC 10-311] analyzing module RiscV_BD_ID_EX_PR_0_0
INFO: [VRFC 10-2263] Analyzing Verilog file "C:/IIT_Bombay_Academics/Semester_2/EE705_VLSI_Design_Lab/Course_Project/FINAL_TEST2/FINAL_TEST2/FINAL_TEST2.ip_user_files/bd/RiscV_BD/ip/RiscV_BD_ALU_OPER_0_0/sim/RiscV_BD_ALU_OPER_0_0.v" into library xil_defaultlib
INFO: [VRFC 10-311] analyzing module RiscV_BD_ALU_OPER_0_0
INFO: [VRFC 10-2263] Analyzing Verilog file "C:/IIT_Bombay_Academics/Semester_2/EE705_VLSI_Design_Lab/Course_Project/FINAL_TEST2/FINAL_TEST2/FINAL_TEST2.ip_user_files/bd/RiscV_BD/ip/RiscV_BD_IF_ID_PR_0_0/sim/RiscV_BD_IF_ID_PR_0_0.v" into library xil_defaultlib
INFO: [VRFC 10-311] analyzing module RiscV_BD_IF_ID_PR_0_0
INFO: [VRFC 10-2263] Analyzing Verilog file "C:/IIT_Bombay_Academics/Semester_2/EE705_VLSI_Design_Lab/Course_Project/FINAL_TEST2/FINAL_TEST2/FINAL_TEST2.ip_user_files/bd/RiscV_BD/ip/RiscV_BD_or_gate_1_0/sim/RiscV_BD_or_gate_1_0.v" into library xil_defaultlib
INFO: [VRFC 10-311] analyzing module RiscV_BD_or_gate_1_0
INFO: [VRFC 10-2263] Analyzing Verilog file "C:/IIT_Bombay_Academics/Semester_2/EE705_VLSI_Design_Lab/Course_Project/FINAL_TEST2/FINAL_TEST2/FINAL_TEST2.ip_user_files/bd/RiscV_BD/ip/RiscV_BD_controller_0_0/sim/RiscV_BD_controller_0_0.v" into library xil_defaultlib
INFO: [VRFC 10-311] analyzing module RiscV_BD_controller_0_0
INFO: [VRFC 10-2263] Analyzing Verilog file "C:/IIT_Bombay_Academics/Semester_2/EE705_VLSI_Design_Lab/Course_Project/FINAL_TEST2/FINAL_TEST2/FINAL_TEST2.ip_user_files/bd/RiscV_BD/ip/RiscV_BD_pc_0_0/sim/RiscV_BD_pc_0_0.v" into library xil_defaultlib
INFO: [VRFC 10-311] analyzing module RiscV_BD_pc_0_0
INFO: [VRFC 10-2263] Analyzing Verilog file "C:/IIT_Bombay_Academics/Semester_2/EE705_VLSI_Design_Lab/Course_Project/FINAL_TEST2/FINAL_TEST2/FINAL_TEST2.ip_user_files/bd/RiscV_BD/ip/RiscV_BD_instr_mem_0_0/sim/RiscV_BD_instr_mem_0_0.v" into library xil_defaultlib
INFO: [VRFC 10-311] analyzing module RiscV_BD_instr_mem_0_0
INFO: [VRFC 10-2263] Analyzing Verilog file "C:/IIT_Bombay_Academics/Semester_2/EE705_VLSI_Design_Lab/Course_Project/FINAL_TEST2/FINAL_TEST2/FINAL_TEST2.ip_user_files/bd/RiscV_BD/ip/RiscV_BD_data_mem_0_0/sim/RiscV_BD_data_mem_0_0.v" into library xil_defaultlib
INFO: [VRFC 10-311] analyzing module RiscV_BD_data_mem_0_0
INFO: [VRFC 10-2263] Analyzing Verilog file "C:/IIT_Bombay_Academics/Semester_2/EE705_VLSI_Design_Lab/Course_Project/FINAL_TEST2/FINAL_TEST2/FINAL_TEST2.ip_user_files/bd/RiscV_BD/sim/RiscV_BD.v" into library xil_defaultlib
INFO: [VRFC 10-311] analyzing module RiscV_BD
INFO: [VRFC 10-2263] Analyzing Verilog file "C:/IIT_Bombay_Academics/Semester_2/EE705_VLSI_Design_Lab/Course_Project/FINAL_TEST2/FINAL_TEST2/FINAL_TEST2.gen/sources_1/bd/RiscV_BD/hdl/RiscV_BD_wrapper.v" into library xil_defaultlib
INFO: [VRFC 10-311] analyzing module RiscV_BD_wrapper
INFO: [VRFC 10-2263] Analyzing Verilog file "C:/IIT_Bombay_Academics/Semester_2/EE705_VLSI_Design_Lab/Course_Project/FINAL_TEST2/FINAL_TEST2/FINAL_TEST2.srcs/sim_1/new/RiscV_BD_wrapper_tb.v" into library xil_defaultlib
INFO: [VRFC 10-311] analyzing module RiscV_BD_wrapper_tb
"xvhdl --incr --relax -prj RiscV_BD_wrapper_tb_vhdl.prj"
run_program: Time (s): cpu = 00:00:01 ; elapsed = 00:00:11 . Memory (MB): peak = 2686.691 ; gain = 0.000
INFO: [USF-XSim-69] 'compile' step finished in '11' seconds
INFO: [USF-XSim-3] XSim::Elaborate design
INFO: [USF-XSim-61] Executing 'ELABORATE' step in 'C:/IIT_Bombay_Academics/Semester_2/EE705_VLSI_Design_Lab/Course_Project/FINAL_TEST2/FINAL_TEST2/FINAL_TEST2.sim/sim_1/behav/xsim'
"xelab -wto 825d914d5bae4902b22375897d789401 --incr --debug typical --relax --mt 2 -L xil_defaultlib -L unisims_ver -L unimacro_ver -L secureip -L xpm --snapshot RiscV_BD_wrapper_tb_behav xil_defaultlib.RiscV_BD_wrapper_tb xil_defaultlib.glbl -log elaborate.log"
Vivado Simulator 2020.2
Copyright 1986-1999, 2001-2020 Xilinx, Inc. All Rights Reserved.
Running: C:/Xilinx/Vivado/2020.2/bin/unwrapped/win64.o/xelab.exe -wto 825d914d5bae4902b22375897d789401 --incr --debug typical --relax --mt 2 -L xil_defaultlib -L unisims_ver -L unimacro_ver -L secureip -L xpm --snapshot RiscV_BD_wrapper_tb_behav xil_defaultlib.RiscV_BD_wrapper_tb xil_defaultlib.glbl -log elaborate.log 
Using 2 slave threads.
Starting static elaboration
Pass Through NonSizing Optimizer
Completed static elaboration
Starting simulation data flow analysis
Completed simulation data flow analysis
Time Resolution for simulation is 1ps
Compiling package std.standard
Compiling package std.textio
Compiling package ieee.std_logic_1164
Compiling package ieee.numeric_std
Compiling module xil_defaultlib.Booth_PP
Compiling module xil_defaultlib.Dadda_stage1
Compiling module xil_defaultlib.Dadda_stage2
Compiling module xil_defaultlib.mul_top
Compiling module xil_defaultlib.ALU_OPER
Compiling module xil_defaultlib.RiscV_BD_ALU_OPER_0_0
Compiling module xil_defaultlib.EX_MA_PR
Compiling module xil_defaultlib.RiscV_BD_EX_MA_PR_0_0
Compiling module xil_defaultlib.ID_EX_PR
Compiling module xil_defaultlib.RiscV_BD_ID_EX_PR_0_0
Compiling module xil_defaultlib.IF_ID_PR
Compiling module xil_defaultlib.RiscV_BD_IF_ID_PR_0_0
Compiling module xil_defaultlib.MA_WB_PR
Compiling module xil_defaultlib.RiscV_BD_MA_WB_PR_0_0
Compiling module xil_defaultlib.Booth_PP_FM
Compiling module xil_defaultlib.Dadda_tree
Compiling module xil_defaultlib.Q16_16_Mult
Compiling module xil_defaultlib.RiscV_BD_Q16_16_Mult_0_0
Compiling module xil_defaultlib.Write_back_Mux
Compiling module xil_defaultlib.RiscV_BD_Write_back_Mux_0_0
Compiling module xil_defaultlib.alu_fixed_point_mux
Compiling module xil_defaultlib.RiscV_BD_alu_fixed_point_mux_0_0
Compiling module xil_defaultlib.alu_muxes
Compiling module xil_defaultlib.RiscV_BD_alu_muxes_0_2
Compiling module xil_defaultlib.branch_fsm
Compiling module xil_defaultlib.RiscV_BD_branch_fsm_0_0
Compiling module xil_defaultlib.combinational
Compiling module xil_defaultlib.RiscV_BD_combinational_0_0
Compiling module xil_defaultlib.concat_2to1
Compiling module xil_defaultlib.RiscV_BD_concat_2to1_0_0
Compiling module xil_defaultlib.RiscV_BD_concat_2to1_1_0
Compiling module xil_defaultlib.RiscV_BD_concat_2to1_2_0
Compiling module xil_defaultlib.controller
Compiling module xil_defaultlib.RiscV_BD_controller_0_0
Compiling module xil_defaultlib.csr
Compiling module xil_defaultlib.RiscV_BD_csr_0_0
Compiling module xil_defaultlib.csr_mux
Compiling module xil_defaultlib.RiscV_BD_csr_mux_0_0
Compiling architecture dmem_arch of entity xil_defaultlib.data_mem [data_mem_default]
Compiling module xil_defaultlib.RiscV_BD_data_mem_0_0
Compiling module xil_defaultlib.forwarding_mux
Compiling module xil_defaultlib.RiscV_BD_forwarding_mux_0_0
Compiling module xil_defaultlib.hazard_unit
Compiling module xil_defaultlib.RiscV_BD_hazard_unit_0_0
Compiling module xil_defaultlib.imm_extend
Compiling module xil_defaultlib.RiscV_BD_imm_extend_0_0
Compiling architecture mem_arch of entity xil_defaultlib.instr_mem [instr_mem_default]
Compiling module xil_defaultlib.RiscV_BD_instr_mem_0_0
Compiling module xil_defaultlib.instr_retire_mux
Compiling module xil_defaultlib.RiscV_BD_instr_retire_mux_0_0
Compiling module xil_defaultlib.load_extend
Compiling module xil_defaultlib.RiscV_BD_load_extend_0_0
Compiling module xil_defaultlib.mul_fsm
Compiling module xil_defaultlib.RiscV_BD_mul_fsm_0_0
Compiling module xil_defaultlib.or_gate
Compiling module xil_defaultlib.RiscV_BD_or_gate_1_0
Compiling module xil_defaultlib.pc
Compiling module xil_defaultlib.RiscV_BD_pc_0_0
Compiling module xil_defaultlib.register_file
Compiling module xil_defaultlib.RiscV_BD_register_file_0_0
Compiling module xil_defaultlib.RiscV_BD
Compiling module xil_defaultlib.RiscV_BD_wrapper
Compiling module xil_defaultlib.RiscV_BD_wrapper_tb
Compiling module xil_defaultlib.glbl
Built simulation snapshot RiscV_BD_wrapper_tb_behav
run_program: Time (s): cpu = 00:00:00 ; elapsed = 00:00:08 . Memory (MB): peak = 2686.691 ; gain = 0.000
INFO: [USF-XSim-69] 'elaborate' step finished in '8' seconds
INFO: [USF-XSim-4] XSim::Simulate design
INFO: [USF-XSim-61] Executing 'SIMULATE' step in 'C:/IIT_Bombay_Academics/Semester_2/EE705_VLSI_Design_Lab/Course_Project/FINAL_TEST2/FINAL_TEST2/FINAL_TEST2.sim/sim_1/behav/xsim'
INFO: [USF-XSim-98] *** Running xsim
   with args "RiscV_BD_wrapper_tb_behav -key {Behavioral:sim_1:Functional:RiscV_BD_wrapper_tb} -tclbatch {RiscV_BD_wrapper_tb.tcl} -protoinst "protoinst_files/RiscV_BD.protoinst" -view {C:/IIT_Bombay_Academics/Semester_2/EE705_VLSI_Design_Lab/Course_Project/FINAL_TEST2/FINAL_TEST2/FINAL_TEST2.srcs/sim_1/imports/VLSI_RISC_V_IM/RiscV_BD_wrapper_tb_behav.wcfg} -log {simulate.log}"
INFO: [USF-XSim-8] Loading simulator feature
Vivado Simulator 2020.2
INFO: [Wavedata 42-565] Reading protoinst file protoinst_files/RiscV_BD.protoinst
Time resolution is 1 ps
open_wave_config C:/IIT_Bombay_Academics/Semester_2/EE705_VLSI_Design_Lab/Course_Project/FINAL_TEST2/FINAL_TEST2/FINAL_TEST2.srcs/sim_1/imports/VLSI_RISC_V_IM/RiscV_BD_wrapper_tb_behav.wcfg
source RiscV_BD_wrapper_tb.tcl
# set curr_wave [current_wave_config]
# if { [string length $curr_wave] == 0 } {
#   if { [llength [get_objects]] > 0} {
#     add_wave /
#     set_property needs_save false [current_wave_config]
#   } else {
#      send_msg_id Add_Wave-1 WARNING "No top level signals found. Simulator will start without a wave window. If you want to open a wave window go to 'File->New Waveform Configuration' or type 'create_wave_config' in the TCL console."
#   }
# }
# run 1000ns
Simulation complete.
$finish called at time : 2007 ps : File "C:/IIT_Bombay_Academics/Semester_2/EE705_VLSI_Design_Lab/Course_Project/FINAL_TEST2/FINAL_TEST2/FINAL_TEST2.srcs/sim_1/new/RiscV_BD_wrapper_tb.v" Line 34
xsim: Time (s): cpu = 00:00:04 ; elapsed = 00:00:06 . Memory (MB): peak = 2686.691 ; gain = 0.000
INFO: [USF-XSim-96] XSim completed. Design snapshot 'RiscV_BD_wrapper_tb_behav' loaded.
INFO: [USF-XSim-97] XSim simulation ran for 1000ns
launch_simulation: Time (s): cpu = 00:00:07 ; elapsed = 00:00:34 . Memory (MB): peak = 2686.691 ; gain = 0.000
open_bd_design {C:/IIT_Bombay_Academics/Semester_2/EE705_VLSI_Design_Lab/Course_Project/FINAL_TEST2/FINAL_TEST2/FINAL_TEST2.srcs/sources_1/bd/RiscV_BD/RiscV_BD.bd}
relaunch_sim
Command: launch_simulation -simset sim_1 -mode behavioral
INFO: [Vivado 12-5682] Launching behavioral simulation in 'C:/IIT_Bombay_Academics/Semester_2/EE705_VLSI_Design_Lab/Course_Project/FINAL_TEST2/FINAL_TEST2/FINAL_TEST2.sim/sim_1/behav/xsim'
INFO: [Vivado 12-4795] Using compiled simulation libraries for IPs
INFO: [SIM-utils-51] Simulation object is 'sim_1'
INFO: [USF-XSim-7] Finding pre-compiled libraries...
INFO: [USF-XSim-11] File 'C:/Xilinx/Vivado/2020.2/data/xsim/xsim.ini' copied to run dir:'C:/IIT_Bombay_Academics/Semester_2/EE705_VLSI_Design_Lab/Course_Project/FINAL_TEST2/FINAL_TEST2/FINAL_TEST2.sim/sim_1/behav/xsim'
INFO: [SIM-utils-54] Inspecting design source files for 'RiscV_BD_wrapper_tb' in fileset 'sim_1'...
INFO: [SIM-utils-43] Exported 'C:/IIT_Bombay_Academics/Semester_2/EE705_VLSI_Design_Lab/Course_Project/FINAL_TEST2/FINAL_TEST2/FINAL_TEST2.sim/sim_1/behav/xsim/instruction_memory.coe'
INFO: [SIM-utils-43] Exported 'C:/IIT_Bombay_Academics/Semester_2/EE705_VLSI_Design_Lab/Course_Project/FINAL_TEST2/FINAL_TEST2/FINAL_TEST2.sim/sim_1/behav/xsim/data_memory.coe'
INFO: [SIM-utils-43] Exported 'C:/IIT_Bombay_Academics/Semester_2/EE705_VLSI_Design_Lab/Course_Project/FINAL_TEST2/FINAL_TEST2/FINAL_TEST2.sim/sim_1/behav/xsim/instruction_memory.coe'
INFO: [SIM-utils-43] Exported 'C:/IIT_Bombay_Academics/Semester_2/EE705_VLSI_Design_Lab/Course_Project/FINAL_TEST2/FINAL_TEST2/FINAL_TEST2.sim/sim_1/behav/xsim/instruction_memory.coe'
INFO: [SIM-utils-43] Exported 'C:/IIT_Bombay_Academics/Semester_2/EE705_VLSI_Design_Lab/Course_Project/FINAL_TEST2/FINAL_TEST2/FINAL_TEST2.sim/sim_1/behav/xsim/data_memory.coe'
INFO: [USF-XSim-97] Finding global include files...
INFO: [USF-XSim-98] Fetching design files from 'sim_1'...
INFO: [USF-XSim-2] XSim::Compile design
INFO: [USF-XSim-61] Executing 'COMPILE and ANALYZE' step in 'C:/IIT_Bombay_Academics/Semester_2/EE705_VLSI_Design_Lab/Course_Project/FINAL_TEST2/FINAL_TEST2/FINAL_TEST2.sim/sim_1/behav/xsim'
"xvlog --incr --relax -prj RiscV_BD_wrapper_tb_vlog.prj"
INFO: [VRFC 10-2263] Analyzing Verilog file "C:/IIT_Bombay_Academics/Semester_2/EE705_VLSI_Design_Lab/Course_Project/FINAL_TEST2/FINAL_TEST2/FINAL_TEST2.srcs/sources_1/imports/sources_1/imports/new/Booth_PP.v" into library xil_defaultlib
INFO: [VRFC 10-311] analyzing module Booth_PP_FM
INFO: [VRFC 10-2263] Analyzing Verilog file "C:/IIT_Bombay_Academics/Semester_2/EE705_VLSI_Design_Lab/Course_Project/FINAL_TEST2/FINAL_TEST2/FINAL_TEST2.srcs/sources_1/imports/new/Dadda_tree.v" into library xil_defaultlib
INFO: [VRFC 10-311] analyzing module Dadda_tree
INFO: [VRFC 10-2263] Analyzing Verilog file "C:/IIT_Bombay_Academics/Semester_2/EE705_VLSI_Design_Lab/Course_Project/FINAL_TEST2/FINAL_TEST2/FINAL_TEST2.srcs/sources_1/imports/new/Q16_16.v" into library xil_defaultlib
INFO: [VRFC 10-311] analyzing module Q16_16_Mult
INFO: [VRFC 10-2263] Analyzing Verilog file "C:/IIT_Bombay_Academics/Semester_2/EE705_VLSI_Design_Lab/Course_Project/FINAL_TEST2/FINAL_TEST2/FINAL_TEST2.srcs/sources_1/imports/COURSE PRPJECT/Decode/reg_file.v" into library xil_defaultlib
INFO: [VRFC 10-311] analyzing module register_file
INFO: [VRFC 10-2263] Analyzing Verilog file "C:/IIT_Bombay_Academics/Semester_2/EE705_VLSI_Design_Lab/Course_Project/FINAL_TEST2/FINAL_TEST2/FINAL_TEST2.srcs/sources_1/imports/COURSE PRPJECT/Decode/imm_extend.v" into library xil_defaultlib
INFO: [VRFC 10-311] analyzing module imm_extend
INFO: [VRFC 10-2263] Analyzing Verilog file "C:/IIT_Bombay_Academics/Semester_2/EE705_VLSI_Design_Lab/Course_Project/FINAL_TEST2/FINAL_TEST2/FINAL_TEST2.srcs/sources_1/imports/codes/min_csr.v" into library xil_defaultlib
INFO: [VRFC 10-311] analyzing module csr
INFO: [VRFC 10-2263] Analyzing Verilog file "C:/IIT_Bombay_Academics/Semester_2/EE705_VLSI_Design_Lab/Course_Project/FINAL_TEST2/FINAL_TEST2/FINAL_TEST2.srcs/sources_1/imports/codes/alu_fixed_point_mux.v" into library xil_defaultlib
INFO: [VRFC 10-311] analyzing module alu_fixed_point_mux
INFO: [VRFC 10-2263] Analyzing Verilog file "C:/IIT_Bombay_Academics/Semester_2/EE705_VLSI_Design_Lab/Course_Project/FINAL_TEST2/FINAL_TEST2/FINAL_TEST2.srcs/sources_1/imports/codes/csr_mux.v" into library xil_defaultlib
INFO: [VRFC 10-311] analyzing module csr_mux
INFO: [VRFC 10-2263] Analyzing Verilog file "C:/IIT_Bombay_Academics/Semester_2/EE705_VLSI_Design_Lab/Course_Project/FINAL_TEST2/FINAL_TEST2/FINAL_TEST2.srcs/sources_1/imports/codes/forwarding_mux.v" into library xil_defaultlib
INFO: [VRFC 10-311] analyzing module forwarding_mux
INFO: [VRFC 10-2263] Analyzing Verilog file "C:/IIT_Bombay_Academics/Semester_2/EE705_VLSI_Design_Lab/Course_Project/FINAL_TEST2/FINAL_TEST2/FINAL_TEST2.srcs/sources_1/imports/codes/alu_muxes.v" into library xil_defaultlib
INFO: [VRFC 10-311] analyzing module alu_muxes
INFO: [VRFC 10-2263] Analyzing Verilog file "C:/IIT_Bombay_Academics/Semester_2/EE705_VLSI_Design_Lab/Course_Project/FINAL_TEST2/FINAL_TEST2/FINAL_TEST2.srcs/sources_1/imports/codes/branch_fsm.v" into library xil_defaultlib
INFO: [VRFC 10-311] analyzing module branch_fsm
INFO: [VRFC 10-2263] Analyzing Verilog file "C:/IIT_Bombay_Academics/Semester_2/EE705_VLSI_Design_Lab/Course_Project/FINAL_TEST2/FINAL_TEST2/FINAL_TEST2.srcs/sources_1/imports/codes/mul_fsm.v" into library xil_defaultlib
INFO: [VRFC 10-311] analyzing module mul_fsm
INFO: [VRFC 10-2263] Analyzing Verilog file "C:/IIT_Bombay_Academics/Semester_2/EE705_VLSI_Design_Lab/Course_Project/FINAL_TEST2/FINAL_TEST2/FINAL_TEST2.srcs/sources_1/new/EX_MA_PR.v" into library xil_defaultlib
INFO: [VRFC 10-311] analyzing module EX_MA_PR
INFO: [VRFC 10-2263] Analyzing Verilog file "C:/IIT_Bombay_Academics/Semester_2/EE705_VLSI_Design_Lab/Course_Project/FINAL_TEST2/FINAL_TEST2/FINAL_TEST2.srcs/sources_1/new/MA_WB_PR.v" into library xil_defaultlib
INFO: [VRFC 10-311] analyzing module MA_WB_PR
INFO: [VRFC 10-2263] Analyzing Verilog file "C:/IIT_Bombay_Academics/Semester_2/EE705_VLSI_Design_Lab/Course_Project/FINAL_TEST2/FINAL_TEST2/FINAL_TEST2.srcs/sources_1/imports/codes/load_extend.v" into library xil_defaultlib
INFO: [VRFC 10-311] analyzing module load_extend
INFO: [VRFC 10-2263] Analyzing Verilog file "C:/IIT_Bombay_Academics/Semester_2/EE705_VLSI_Design_Lab/Course_Project/FINAL_TEST2/FINAL_TEST2/FINAL_TEST2.srcs/sources_1/new/Write_back_Mux.v" into library xil_defaultlib
INFO: [VRFC 10-311] analyzing module Write_back_Mux
INFO: [VRFC 10-2263] Analyzing Verilog file "C:/IIT_Bombay_Academics/Semester_2/EE705_VLSI_Design_Lab/Course_Project/FINAL_TEST2/FINAL_TEST2/FINAL_TEST2.srcs/sources_1/new/combinational.v" into library xil_defaultlib
INFO: [VRFC 10-311] analyzing module combinational
INFO: [VRFC 10-2263] Analyzing Verilog file "C:/IIT_Bombay_Academics/Semester_2/EE705_VLSI_Design_Lab/Course_Project/FINAL_TEST2/FINAL_TEST2/FINAL_TEST2.srcs/sources_1/imports/codes/inst_retire_mux.v" into library xil_defaultlib
INFO: [VRFC 10-311] analyzing module instr_retire_mux
INFO: [VRFC 10-2263] Analyzing Verilog file "C:/IIT_Bombay_Academics/Semester_2/EE705_VLSI_Design_Lab/Course_Project/FINAL_TEST2/FINAL_TEST2/FINAL_TEST2.srcs/sources_1/new/concat_2to1.v" into library xil_defaultlib
INFO: [VRFC 10-311] analyzing module concat_2to1
INFO: [VRFC 10-2263] Analyzing Verilog file "C:/IIT_Bombay_Academics/Semester_2/EE705_VLSI_Design_Lab/Course_Project/FINAL_TEST2/FINAL_TEST2/FINAL_TEST2.srcs/sources_1/new/hazard_unit.v" into library xil_defaultlib
INFO: [VRFC 10-311] analyzing module hazard_unit
INFO: [VRFC 10-2263] Analyzing Verilog file "C:/IIT_Bombay_Academics/Semester_2/EE705_VLSI_Design_Lab/Course_Project/FINAL_TEST2/FINAL_TEST2/FINAL_TEST2.srcs/sources_1/new/ID_EX_PR.v" into library xil_defaultlib
INFO: [VRFC 10-311] analyzing module ID_EX_PR
INFO: [VRFC 10-2263] Analyzing Verilog file "C:/IIT_Bombay_Academics/Semester_2/EE705_VLSI_Design_Lab/Course_Project/FINAL_TEST2/FINAL_TEST2/FINAL_TEST2.srcs/sources_1/imports/new/Booth_PP.v" into library xil_defaultlib
INFO: [VRFC 10-311] analyzing module Booth_PP
INFO: [VRFC 10-2263] Analyzing Verilog file "C:/IIT_Bombay_Academics/Semester_2/EE705_VLSI_Design_Lab/Course_Project/FINAL_TEST2/FINAL_TEST2/FINAL_TEST2.srcs/sources_1/imports/sources_1/imports/new/Dadda_Stage_1.v" into library xil_defaultlib
INFO: [VRFC 10-311] analyzing module Dadda_stage1
INFO: [VRFC 10-2263] Analyzing Verilog file "C:/IIT_Bombay_Academics/Semester_2/EE705_VLSI_Design_Lab/Course_Project/FINAL_TEST2/FINAL_TEST2/FINAL_TEST2.srcs/sources_1/imports/sources_1/imports/new/Dadda_stage_2.v" into library xil_defaultlib
INFO: [VRFC 10-311] analyzing module Dadda_stage2
INFO: [VRFC 10-2263] Analyzing Verilog file "C:/IIT_Bombay_Academics/Semester_2/EE705_VLSI_Design_Lab/Course_Project/FINAL_TEST2/FINAL_TEST2/FINAL_TEST2.srcs/sources_1/imports/sources_1/imports/new/mul_top.v" into library xil_defaultlib
INFO: [VRFC 10-311] analyzing module mul_top
INFO: [VRFC 10-2263] Analyzing Verilog file "C:/IIT_Bombay_Academics/Semester_2/EE705_VLSI_Design_Lab/Course_Project/FINAL_TEST2/FINAL_TEST2/FINAL_TEST2.srcs/sources_1/imports/sources_1/new/ALU_OPER.v" into library xil_defaultlib
INFO: [VRFC 10-311] analyzing module ALU_OPER
INFO: [VRFC 10-2263] Analyzing Verilog file "C:/IIT_Bombay_Academics/Semester_2/EE705_VLSI_Design_Lab/Course_Project/FINAL_TEST2/FINAL_TEST2/FINAL_TEST2.srcs/sources_1/new/IF_ID_PR.v" into library xil_defaultlib
INFO: [VRFC 10-311] analyzing module IF_ID_PR
INFO: [VRFC 10-2263] Analyzing Verilog file "C:/IIT_Bombay_Academics/Semester_2/EE705_VLSI_Design_Lab/Course_Project/FINAL_TEST2/FINAL_TEST2/FINAL_TEST2.srcs/sources_1/new/OR_gate.v" into library xil_defaultlib
INFO: [VRFC 10-311] analyzing module or_gate
INFO: [VRFC 10-2263] Analyzing Verilog file "C:/IIT_Bombay_Academics/Semester_2/EE705_VLSI_Design_Lab/Course_Project/FINAL_TEST2/FINAL_TEST2/FINAL_TEST2.srcs/sources_1/imports/codes/controller.v" into library xil_defaultlib
INFO: [VRFC 10-311] analyzing module controller
INFO: [VRFC 10-2263] Analyzing Verilog file "C:/IIT_Bombay_Academics/Semester_2/EE705_VLSI_Design_Lab/Course_Project/FINAL_TEST2/FINAL_TEST2/FINAL_TEST2.srcs/sources_1/imports/DESIGN LAB/pc.v" into library xil_defaultlib
INFO: [VRFC 10-311] analyzing module pc
INFO: [VRFC 10-2263] Analyzing Verilog file "C:/IIT_Bombay_Academics/Semester_2/EE705_VLSI_Design_Lab/Course_Project/FINAL_TEST2/FINAL_TEST2/FINAL_TEST2.ip_user_files/bd/RiscV_BD/ip/RiscV_BD_Q16_16_Mult_0_0/sim/RiscV_BD_Q16_16_Mult_0_0.v" into library xil_defaultlib
INFO: [VRFC 10-311] analyzing module RiscV_BD_Q16_16_Mult_0_0
INFO: [VRFC 10-2263] Analyzing Verilog file "C:/IIT_Bombay_Academics/Semester_2/EE705_VLSI_Design_Lab/Course_Project/FINAL_TEST2/FINAL_TEST2/FINAL_TEST2.ip_user_files/bd/RiscV_BD/ip/RiscV_BD_register_file_0_0/sim/RiscV_BD_register_file_0_0.v" into library xil_defaultlib
INFO: [VRFC 10-311] analyzing module RiscV_BD_register_file_0_0
INFO: [VRFC 10-2263] Analyzing Verilog file "C:/IIT_Bombay_Academics/Semester_2/EE705_VLSI_Design_Lab/Course_Project/FINAL_TEST2/FINAL_TEST2/FINAL_TEST2.ip_user_files/bd/RiscV_BD/ip/RiscV_BD_imm_extend_0_0/sim/RiscV_BD_imm_extend_0_0.v" into library xil_defaultlib
INFO: [VRFC 10-311] analyzing module RiscV_BD_imm_extend_0_0
INFO: [VRFC 10-2263] Analyzing Verilog file "C:/IIT_Bombay_Academics/Semester_2/EE705_VLSI_Design_Lab/Course_Project/FINAL_TEST2/FINAL_TEST2/FINAL_TEST2.ip_user_files/bd/RiscV_BD/ip/RiscV_BD_csr_0_0/sim/RiscV_BD_csr_0_0.v" into library xil_defaultlib
INFO: [VRFC 10-311] analyzing module RiscV_BD_csr_0_0
INFO: [VRFC 10-2263] Analyzing Verilog file "C:/IIT_Bombay_Academics/Semester_2/EE705_VLSI_Design_Lab/Course_Project/FINAL_TEST2/FINAL_TEST2/FINAL_TEST2.ip_user_files/bd/RiscV_BD/ip/RiscV_BD_alu_fixed_point_mux_0_0/sim/RiscV_BD_alu_fixed_point_mux_0_0.v" into library xil_defaultlib
INFO: [VRFC 10-311] analyzing module RiscV_BD_alu_fixed_point_mux_0_0
INFO: [VRFC 10-2263] Analyzing Verilog file "C:/IIT_Bombay_Academics/Semester_2/EE705_VLSI_Design_Lab/Course_Project/FINAL_TEST2/FINAL_TEST2/FINAL_TEST2.ip_user_files/bd/RiscV_BD/ip/RiscV_BD_csr_mux_0_0/sim/RiscV_BD_csr_mux_0_0.v" into library xil_defaultlib
INFO: [VRFC 10-311] analyzing module RiscV_BD_csr_mux_0_0
INFO: [VRFC 10-2263] Analyzing Verilog file "C:/IIT_Bombay_Academics/Semester_2/EE705_VLSI_Design_Lab/Course_Project/FINAL_TEST2/FINAL_TEST2/FINAL_TEST2.ip_user_files/bd/RiscV_BD/ip/RiscV_BD_forwarding_mux_0_0/sim/RiscV_BD_forwarding_mux_0_0.v" into library xil_defaultlib
INFO: [VRFC 10-311] analyzing module RiscV_BD_forwarding_mux_0_0
INFO: [VRFC 10-2263] Analyzing Verilog file "C:/IIT_Bombay_Academics/Semester_2/EE705_VLSI_Design_Lab/Course_Project/FINAL_TEST2/FINAL_TEST2/FINAL_TEST2.ip_user_files/bd/RiscV_BD/ip/RiscV_BD_alu_muxes_0_2/sim/RiscV_BD_alu_muxes_0_2.v" into library xil_defaultlib
INFO: [VRFC 10-311] analyzing module RiscV_BD_alu_muxes_0_2
INFO: [VRFC 10-2263] Analyzing Verilog file "C:/IIT_Bombay_Academics/Semester_2/EE705_VLSI_Design_Lab/Course_Project/FINAL_TEST2/FINAL_TEST2/FINAL_TEST2.ip_user_files/bd/RiscV_BD/ip/RiscV_BD_branch_fsm_0_0/sim/RiscV_BD_branch_fsm_0_0.v" into library xil_defaultlib
INFO: [VRFC 10-311] analyzing module RiscV_BD_branch_fsm_0_0
INFO: [VRFC 10-2263] Analyzing Verilog file "C:/IIT_Bombay_Academics/Semester_2/EE705_VLSI_Design_Lab/Course_Project/FINAL_TEST2/FINAL_TEST2/FINAL_TEST2.ip_user_files/bd/RiscV_BD/ip/RiscV_BD_mul_fsm_0_0/sim/RiscV_BD_mul_fsm_0_0.v" into library xil_defaultlib
INFO: [VRFC 10-311] analyzing module RiscV_BD_mul_fsm_0_0
INFO: [VRFC 10-2263] Analyzing Verilog file "C:/IIT_Bombay_Academics/Semester_2/EE705_VLSI_Design_Lab/Course_Project/FINAL_TEST2/FINAL_TEST2/FINAL_TEST2.ip_user_files/bd/RiscV_BD/ip/RiscV_BD_EX_MA_PR_0_0/sim/RiscV_BD_EX_MA_PR_0_0.v" into library xil_defaultlib
INFO: [VRFC 10-311] analyzing module RiscV_BD_EX_MA_PR_0_0
INFO: [VRFC 10-2263] Analyzing Verilog file "C:/IIT_Bombay_Academics/Semester_2/EE705_VLSI_Design_Lab/Course_Project/FINAL_TEST2/FINAL_TEST2/FINAL_TEST2.ip_user_files/bd/RiscV_BD/ip/RiscV_BD_MA_WB_PR_0_0/sim/RiscV_BD_MA_WB_PR_0_0.v" into library xil_defaultlib
INFO: [VRFC 10-311] analyzing module RiscV_BD_MA_WB_PR_0_0
INFO: [VRFC 10-2263] Analyzing Verilog file "C:/IIT_Bombay_Academics/Semester_2/EE705_VLSI_Design_Lab/Course_Project/FINAL_TEST2/FINAL_TEST2/FINAL_TEST2.ip_user_files/bd/RiscV_BD/ip/RiscV_BD_load_extend_0_0/sim/RiscV_BD_load_extend_0_0.v" into library xil_defaultlib
INFO: [VRFC 10-311] analyzing module RiscV_BD_load_extend_0_0
INFO: [VRFC 10-2263] Analyzing Verilog file "C:/IIT_Bombay_Academics/Semester_2/EE705_VLSI_Design_Lab/Course_Project/FINAL_TEST2/FINAL_TEST2/FINAL_TEST2.ip_user_files/bd/RiscV_BD/ip/RiscV_BD_Write_back_Mux_0_0/sim/RiscV_BD_Write_back_Mux_0_0.v" into library xil_defaultlib
INFO: [VRFC 10-311] analyzing module RiscV_BD_Write_back_Mux_0_0
INFO: [VRFC 10-2263] Analyzing Verilog file "C:/IIT_Bombay_Academics/Semester_2/EE705_VLSI_Design_Lab/Course_Project/FINAL_TEST2/FINAL_TEST2/FINAL_TEST2.ip_user_files/bd/RiscV_BD/ip/RiscV_BD_combinational_0_0/sim/RiscV_BD_combinational_0_0.v" into library xil_defaultlib
INFO: [VRFC 10-311] analyzing module RiscV_BD_combinational_0_0
INFO: [VRFC 10-2263] Analyzing Verilog file "C:/IIT_Bombay_Academics/Semester_2/EE705_VLSI_Design_Lab/Course_Project/FINAL_TEST2/FINAL_TEST2/FINAL_TEST2.ip_user_files/bd/RiscV_BD/ip/RiscV_BD_instr_retire_mux_0_0/sim/RiscV_BD_instr_retire_mux_0_0.v" into library xil_defaultlib
INFO: [VRFC 10-311] analyzing module RiscV_BD_instr_retire_mux_0_0
INFO: [VRFC 10-2263] Analyzing Verilog file "C:/IIT_Bombay_Academics/Semester_2/EE705_VLSI_Design_Lab/Course_Project/FINAL_TEST2/FINAL_TEST2/FINAL_TEST2.ip_user_files/bd/RiscV_BD/ip/RiscV_BD_concat_2to1_0_0/sim/RiscV_BD_concat_2to1_0_0.v" into library xil_defaultlib
INFO: [VRFC 10-311] analyzing module RiscV_BD_concat_2to1_0_0
INFO: [VRFC 10-2263] Analyzing Verilog file "C:/IIT_Bombay_Academics/Semester_2/EE705_VLSI_Design_Lab/Course_Project/FINAL_TEST2/FINAL_TEST2/FINAL_TEST2.ip_user_files/bd/RiscV_BD/ip/RiscV_BD_concat_2to1_1_0/sim/RiscV_BD_concat_2to1_1_0.v" into library xil_defaultlib
INFO: [VRFC 10-311] analyzing module RiscV_BD_concat_2to1_1_0
INFO: [VRFC 10-2263] Analyzing Verilog file "C:/IIT_Bombay_Academics/Semester_2/EE705_VLSI_Design_Lab/Course_Project/FINAL_TEST2/FINAL_TEST2/FINAL_TEST2.ip_user_files/bd/RiscV_BD/ip/RiscV_BD_hazard_unit_0_0/sim/RiscV_BD_hazard_unit_0_0.v" into library xil_defaultlib
INFO: [VRFC 10-311] analyzing module RiscV_BD_hazard_unit_0_0
INFO: [VRFC 10-2263] Analyzing Verilog file "C:/IIT_Bombay_Academics/Semester_2/EE705_VLSI_Design_Lab/Course_Project/FINAL_TEST2/FINAL_TEST2/FINAL_TEST2.ip_user_files/bd/RiscV_BD/ip/RiscV_BD_concat_2to1_2_0/sim/RiscV_BD_concat_2to1_2_0.v" into library xil_defaultlib
INFO: [VRFC 10-311] analyzing module RiscV_BD_concat_2to1_2_0
INFO: [VRFC 10-2263] Analyzing Verilog file "C:/IIT_Bombay_Academics/Semester_2/EE705_VLSI_Design_Lab/Course_Project/FINAL_TEST2/FINAL_TEST2/FINAL_TEST2.ip_user_files/bd/RiscV_BD/ip/RiscV_BD_ID_EX_PR_0_0/sim/RiscV_BD_ID_EX_PR_0_0.v" into library xil_defaultlib
INFO: [VRFC 10-311] analyzing module RiscV_BD_ID_EX_PR_0_0
INFO: [VRFC 10-2263] Analyzing Verilog file "C:/IIT_Bombay_Academics/Semester_2/EE705_VLSI_Design_Lab/Course_Project/FINAL_TEST2/FINAL_TEST2/FINAL_TEST2.ip_user_files/bd/RiscV_BD/ip/RiscV_BD_ALU_OPER_0_0/sim/RiscV_BD_ALU_OPER_0_0.v" into library xil_defaultlib
INFO: [VRFC 10-311] analyzing module RiscV_BD_ALU_OPER_0_0
INFO: [VRFC 10-2263] Analyzing Verilog file "C:/IIT_Bombay_Academics/Semester_2/EE705_VLSI_Design_Lab/Course_Project/FINAL_TEST2/FINAL_TEST2/FINAL_TEST2.ip_user_files/bd/RiscV_BD/ip/RiscV_BD_IF_ID_PR_0_0/sim/RiscV_BD_IF_ID_PR_0_0.v" into library xil_defaultlib
INFO: [VRFC 10-311] analyzing module RiscV_BD_IF_ID_PR_0_0
INFO: [VRFC 10-2263] Analyzing Verilog file "C:/IIT_Bombay_Academics/Semester_2/EE705_VLSI_Design_Lab/Course_Project/FINAL_TEST2/FINAL_TEST2/FINAL_TEST2.ip_user_files/bd/RiscV_BD/ip/RiscV_BD_or_gate_1_0/sim/RiscV_BD_or_gate_1_0.v" into library xil_defaultlib
INFO: [VRFC 10-311] analyzing module RiscV_BD_or_gate_1_0
INFO: [VRFC 10-2263] Analyzing Verilog file "C:/IIT_Bombay_Academics/Semester_2/EE705_VLSI_Design_Lab/Course_Project/FINAL_TEST2/FINAL_TEST2/FINAL_TEST2.ip_user_files/bd/RiscV_BD/ip/RiscV_BD_controller_0_0/sim/RiscV_BD_controller_0_0.v" into library xil_defaultlib
INFO: [VRFC 10-311] analyzing module RiscV_BD_controller_0_0
INFO: [VRFC 10-2263] Analyzing Verilog file "C:/IIT_Bombay_Academics/Semester_2/EE705_VLSI_Design_Lab/Course_Project/FINAL_TEST2/FINAL_TEST2/FINAL_TEST2.ip_user_files/bd/RiscV_BD/ip/RiscV_BD_pc_0_0/sim/RiscV_BD_pc_0_0.v" into library xil_defaultlib
INFO: [VRFC 10-311] analyzing module RiscV_BD_pc_0_0
INFO: [VRFC 10-2263] Analyzing Verilog file "C:/IIT_Bombay_Academics/Semester_2/EE705_VLSI_Design_Lab/Course_Project/FINAL_TEST2/FINAL_TEST2/FINAL_TEST2.ip_user_files/bd/RiscV_BD/ip/RiscV_BD_instr_mem_0_0/sim/RiscV_BD_instr_mem_0_0.v" into library xil_defaultlib
INFO: [VRFC 10-311] analyzing module RiscV_BD_instr_mem_0_0
INFO: [VRFC 10-2263] Analyzing Verilog file "C:/IIT_Bombay_Academics/Semester_2/EE705_VLSI_Design_Lab/Course_Project/FINAL_TEST2/FINAL_TEST2/FINAL_TEST2.ip_user_files/bd/RiscV_BD/ip/RiscV_BD_data_mem_0_0/sim/RiscV_BD_data_mem_0_0.v" into library xil_defaultlib
INFO: [VRFC 10-311] analyzing module RiscV_BD_data_mem_0_0
INFO: [VRFC 10-2263] Analyzing Verilog file "C:/IIT_Bombay_Academics/Semester_2/EE705_VLSI_Design_Lab/Course_Project/FINAL_TEST2/FINAL_TEST2/FINAL_TEST2.ip_user_files/bd/RiscV_BD/sim/RiscV_BD.v" into library xil_defaultlib
INFO: [VRFC 10-311] analyzing module RiscV_BD
INFO: [VRFC 10-2263] Analyzing Verilog file "C:/IIT_Bombay_Academics/Semester_2/EE705_VLSI_Design_Lab/Course_Project/FINAL_TEST2/FINAL_TEST2/FINAL_TEST2.gen/sources_1/bd/RiscV_BD/hdl/RiscV_BD_wrapper.v" into library xil_defaultlib
INFO: [VRFC 10-311] analyzing module RiscV_BD_wrapper
INFO: [VRFC 10-2263] Analyzing Verilog file "C:/IIT_Bombay_Academics/Semester_2/EE705_VLSI_Design_Lab/Course_Project/FINAL_TEST2/FINAL_TEST2/FINAL_TEST2.srcs/sim_1/new/RiscV_BD_wrapper_tb.v" into library xil_defaultlib
INFO: [VRFC 10-311] analyzing module RiscV_BD_wrapper_tb
"xvhdl --incr --relax -prj RiscV_BD_wrapper_tb_vhdl.prj"
run_program: Time (s): cpu = 00:00:01 ; elapsed = 00:00:11 . Memory (MB): peak = 2686.691 ; gain = 0.000
INFO: [USF-XSim-69] 'compile' step finished in '11' seconds
launch_simulation: Time (s): cpu = 00:00:01 ; elapsed = 00:00:12 . Memory (MB): peak = 2686.691 ; gain = 0.000
Command: launch_simulation -simset sim_1 -mode behavioral
INFO: [Vivado 12-5682] Launching behavioral simulation in 'C:/IIT_Bombay_Academics/Semester_2/EE705_VLSI_Design_Lab/Course_Project/FINAL_TEST2/FINAL_TEST2/FINAL_TEST2.sim/sim_1/behav/xsim'
INFO: [Vivado 12-4795] Using compiled simulation libraries for IPs
INFO: [USF-XSim-3] XSim::Elaborate design
INFO: [USF-XSim-61] Executing 'ELABORATE' step in 'C:/IIT_Bombay_Academics/Semester_2/EE705_VLSI_Design_Lab/Course_Project/FINAL_TEST2/FINAL_TEST2/FINAL_TEST2.sim/sim_1/behav/xsim'
"xelab -wto 825d914d5bae4902b22375897d789401 --incr --debug typical --relax --mt 2 -L xil_defaultlib -L unisims_ver -L unimacro_ver -L secureip -L xpm --snapshot RiscV_BD_wrapper_tb_behav xil_defaultlib.RiscV_BD_wrapper_tb xil_defaultlib.glbl -log elaborate.log"
Vivado Simulator 2020.2
Copyright 1986-1999, 2001-2020 Xilinx, Inc. All Rights Reserved.
Running: C:/Xilinx/Vivado/2020.2/bin/unwrapped/win64.o/xelab.exe -wto 825d914d5bae4902b22375897d789401 --incr --debug typical --relax --mt 2 -L xil_defaultlib -L unisims_ver -L unimacro_ver -L secureip -L xpm --snapshot RiscV_BD_wrapper_tb_behav xil_defaultlib.RiscV_BD_wrapper_tb xil_defaultlib.glbl -log elaborate.log 
Using 2 slave threads.
Starting static elaboration
Pass Through NonSizing Optimizer
Completed static elaboration
Starting simulation data flow analysis
Completed simulation data flow analysis
Time Resolution for simulation is 1ps
Compiling package std.standard
Compiling package std.textio
Compiling package ieee.std_logic_1164
Compiling package ieee.numeric_std
Compiling module xil_defaultlib.Booth_PP
Compiling module xil_defaultlib.Dadda_stage1
Compiling module xil_defaultlib.Dadda_stage2
Compiling module xil_defaultlib.mul_top
Compiling module xil_defaultlib.ALU_OPER
Compiling module xil_defaultlib.RiscV_BD_ALU_OPER_0_0
Compiling module xil_defaultlib.EX_MA_PR
Compiling module xil_defaultlib.RiscV_BD_EX_MA_PR_0_0
Compiling module xil_defaultlib.ID_EX_PR
Compiling module xil_defaultlib.RiscV_BD_ID_EX_PR_0_0
Compiling module xil_defaultlib.IF_ID_PR
Compiling module xil_defaultlib.RiscV_BD_IF_ID_PR_0_0
Compiling module xil_defaultlib.MA_WB_PR
Compiling module xil_defaultlib.RiscV_BD_MA_WB_PR_0_0
Compiling module xil_defaultlib.Booth_PP_FM
Compiling module xil_defaultlib.Dadda_tree
Compiling module xil_defaultlib.Q16_16_Mult
Compiling module xil_defaultlib.RiscV_BD_Q16_16_Mult_0_0
Compiling module xil_defaultlib.Write_back_Mux
Compiling module xil_defaultlib.RiscV_BD_Write_back_Mux_0_0
Compiling module xil_defaultlib.alu_fixed_point_mux
Compiling module xil_defaultlib.RiscV_BD_alu_fixed_point_mux_0_0
Compiling module xil_defaultlib.alu_muxes
Compiling module xil_defaultlib.RiscV_BD_alu_muxes_0_2
Compiling module xil_defaultlib.branch_fsm
Compiling module xil_defaultlib.RiscV_BD_branch_fsm_0_0
Compiling module xil_defaultlib.combinational
Compiling module xil_defaultlib.RiscV_BD_combinational_0_0
Compiling module xil_defaultlib.concat_2to1
Compiling module xil_defaultlib.RiscV_BD_concat_2to1_0_0
Compiling module xil_defaultlib.RiscV_BD_concat_2to1_1_0
Compiling module xil_defaultlib.RiscV_BD_concat_2to1_2_0
Compiling module xil_defaultlib.controller
Compiling module xil_defaultlib.RiscV_BD_controller_0_0
Compiling module xil_defaultlib.csr
Compiling module xil_defaultlib.RiscV_BD_csr_0_0
Compiling module xil_defaultlib.csr_mux
Compiling module xil_defaultlib.RiscV_BD_csr_mux_0_0
Compiling architecture dmem_arch of entity xil_defaultlib.data_mem [data_mem_default]
Compiling module xil_defaultlib.RiscV_BD_data_mem_0_0
Compiling module xil_defaultlib.forwarding_mux
Compiling module xil_defaultlib.RiscV_BD_forwarding_mux_0_0
Compiling module xil_defaultlib.hazard_unit
Compiling module xil_defaultlib.RiscV_BD_hazard_unit_0_0
Compiling module xil_defaultlib.imm_extend
Compiling module xil_defaultlib.RiscV_BD_imm_extend_0_0
Compiling architecture mem_arch of entity xil_defaultlib.instr_mem [instr_mem_default]
Compiling module xil_defaultlib.RiscV_BD_instr_mem_0_0
Compiling module xil_defaultlib.instr_retire_mux
Compiling module xil_defaultlib.RiscV_BD_instr_retire_mux_0_0
Compiling module xil_defaultlib.load_extend
Compiling module xil_defaultlib.RiscV_BD_load_extend_0_0
Compiling module xil_defaultlib.mul_fsm
Compiling module xil_defaultlib.RiscV_BD_mul_fsm_0_0
Compiling module xil_defaultlib.or_gate
Compiling module xil_defaultlib.RiscV_BD_or_gate_1_0
Compiling module xil_defaultlib.pc
Compiling module xil_defaultlib.RiscV_BD_pc_0_0
Compiling module xil_defaultlib.register_file
Compiling module xil_defaultlib.RiscV_BD_register_file_0_0
Compiling module xil_defaultlib.RiscV_BD
Compiling module xil_defaultlib.RiscV_BD_wrapper
Compiling module xil_defaultlib.RiscV_BD_wrapper_tb
Compiling module xil_defaultlib.glbl
Built simulation snapshot RiscV_BD_wrapper_tb_behav
run_program: Time (s): cpu = 00:00:00 ; elapsed = 00:00:08 . Memory (MB): peak = 2686.691 ; gain = 0.000
INFO: [USF-XSim-69] 'elaborate' step finished in '8' seconds
launch_simulation: Time (s): cpu = 00:00:00 ; elapsed = 00:00:08 . Memory (MB): peak = 2686.691 ; gain = 0.000
Vivado Simulator 2020.2
INFO: [Wavedata 42-565] Reading protoinst file protoinst_files/RiscV_BD.protoinst
Time resolution is 1 ps
Simulation complete.
$finish called at time : 2007 ps : File "C:/IIT_Bombay_Academics/Semester_2/EE705_VLSI_Design_Lab/Course_Project/FINAL_TEST2/FINAL_TEST2/FINAL_TEST2.srcs/sim_1/new/RiscV_BD_wrapper_tb.v" Line 34
relaunch_xsim_kernel: Time (s): cpu = 00:00:03 ; elapsed = 00:00:06 . Memory (MB): peak = 2686.691 ; gain = 0.000
relaunch_sim: Time (s): cpu = 00:00:05 ; elapsed = 00:00:28 . Memory (MB): peak = 2686.691 ; gain = 0.000
relaunch_sim
Command: launch_simulation -simset sim_1 -mode behavioral
INFO: [Vivado 12-5682] Launching behavioral simulation in 'C:/IIT_Bombay_Academics/Semester_2/EE705_VLSI_Design_Lab/Course_Project/FINAL_TEST2/FINAL_TEST2/FINAL_TEST2.sim/sim_1/behav/xsim'
INFO: [Vivado 12-4795] Using compiled simulation libraries for IPs
INFO: [SIM-utils-51] Simulation object is 'sim_1'
INFO: [USF-XSim-7] Finding pre-compiled libraries...
INFO: [USF-XSim-11] File 'C:/Xilinx/Vivado/2020.2/data/xsim/xsim.ini' copied to run dir:'C:/IIT_Bombay_Academics/Semester_2/EE705_VLSI_Design_Lab/Course_Project/FINAL_TEST2/FINAL_TEST2/FINAL_TEST2.sim/sim_1/behav/xsim'
INFO: [SIM-utils-54] Inspecting design source files for 'RiscV_BD_wrapper_tb' in fileset 'sim_1'...
INFO: [SIM-utils-43] Exported 'C:/IIT_Bombay_Academics/Semester_2/EE705_VLSI_Design_Lab/Course_Project/FINAL_TEST2/FINAL_TEST2/FINAL_TEST2.sim/sim_1/behav/xsim/instruction_memory.coe'
INFO: [SIM-utils-43] Exported 'C:/IIT_Bombay_Academics/Semester_2/EE705_VLSI_Design_Lab/Course_Project/FINAL_TEST2/FINAL_TEST2/FINAL_TEST2.sim/sim_1/behav/xsim/data_memory.coe'
INFO: [SIM-utils-43] Exported 'C:/IIT_Bombay_Academics/Semester_2/EE705_VLSI_Design_Lab/Course_Project/FINAL_TEST2/FINAL_TEST2/FINAL_TEST2.sim/sim_1/behav/xsim/instruction_memory.coe'
INFO: [SIM-utils-43] Exported 'C:/IIT_Bombay_Academics/Semester_2/EE705_VLSI_Design_Lab/Course_Project/FINAL_TEST2/FINAL_TEST2/FINAL_TEST2.sim/sim_1/behav/xsim/instruction_memory.coe'
INFO: [SIM-utils-43] Exported 'C:/IIT_Bombay_Academics/Semester_2/EE705_VLSI_Design_Lab/Course_Project/FINAL_TEST2/FINAL_TEST2/FINAL_TEST2.sim/sim_1/behav/xsim/data_memory.coe'
INFO: [USF-XSim-97] Finding global include files...
INFO: [USF-XSim-98] Fetching design files from 'sim_1'...
INFO: [USF-XSim-2] XSim::Compile design
INFO: [USF-XSim-61] Executing 'COMPILE and ANALYZE' step in 'C:/IIT_Bombay_Academics/Semester_2/EE705_VLSI_Design_Lab/Course_Project/FINAL_TEST2/FINAL_TEST2/FINAL_TEST2.sim/sim_1/behav/xsim'
"xvlog --incr --relax -prj RiscV_BD_wrapper_tb_vlog.prj"
INFO: [VRFC 10-2263] Analyzing Verilog file "C:/IIT_Bombay_Academics/Semester_2/EE705_VLSI_Design_Lab/Course_Project/FINAL_TEST2/FINAL_TEST2/FINAL_TEST2.srcs/sources_1/imports/sources_1/imports/new/Booth_PP.v" into library xil_defaultlib
INFO: [VRFC 10-311] analyzing module Booth_PP_FM
INFO: [VRFC 10-2263] Analyzing Verilog file "C:/IIT_Bombay_Academics/Semester_2/EE705_VLSI_Design_Lab/Course_Project/FINAL_TEST2/FINAL_TEST2/FINAL_TEST2.srcs/sources_1/imports/new/Dadda_tree.v" into library xil_defaultlib
INFO: [VRFC 10-311] analyzing module Dadda_tree
INFO: [VRFC 10-2263] Analyzing Verilog file "C:/IIT_Bombay_Academics/Semester_2/EE705_VLSI_Design_Lab/Course_Project/FINAL_TEST2/FINAL_TEST2/FINAL_TEST2.srcs/sources_1/imports/new/Q16_16.v" into library xil_defaultlib
INFO: [VRFC 10-311] analyzing module Q16_16_Mult
INFO: [VRFC 10-2263] Analyzing Verilog file "C:/IIT_Bombay_Academics/Semester_2/EE705_VLSI_Design_Lab/Course_Project/FINAL_TEST2/FINAL_TEST2/FINAL_TEST2.srcs/sources_1/imports/COURSE PRPJECT/Decode/reg_file.v" into library xil_defaultlib
INFO: [VRFC 10-311] analyzing module register_file
INFO: [VRFC 10-2263] Analyzing Verilog file "C:/IIT_Bombay_Academics/Semester_2/EE705_VLSI_Design_Lab/Course_Project/FINAL_TEST2/FINAL_TEST2/FINAL_TEST2.srcs/sources_1/imports/COURSE PRPJECT/Decode/imm_extend.v" into library xil_defaultlib
INFO: [VRFC 10-311] analyzing module imm_extend
INFO: [VRFC 10-2263] Analyzing Verilog file "C:/IIT_Bombay_Academics/Semester_2/EE705_VLSI_Design_Lab/Course_Project/FINAL_TEST2/FINAL_TEST2/FINAL_TEST2.srcs/sources_1/imports/codes/min_csr.v" into library xil_defaultlib
INFO: [VRFC 10-311] analyzing module csr
INFO: [VRFC 10-2263] Analyzing Verilog file "C:/IIT_Bombay_Academics/Semester_2/EE705_VLSI_Design_Lab/Course_Project/FINAL_TEST2/FINAL_TEST2/FINAL_TEST2.srcs/sources_1/imports/codes/alu_fixed_point_mux.v" into library xil_defaultlib
INFO: [VRFC 10-311] analyzing module alu_fixed_point_mux
INFO: [VRFC 10-2263] Analyzing Verilog file "C:/IIT_Bombay_Academics/Semester_2/EE705_VLSI_Design_Lab/Course_Project/FINAL_TEST2/FINAL_TEST2/FINAL_TEST2.srcs/sources_1/imports/codes/csr_mux.v" into library xil_defaultlib
INFO: [VRFC 10-311] analyzing module csr_mux
INFO: [VRFC 10-2263] Analyzing Verilog file "C:/IIT_Bombay_Academics/Semester_2/EE705_VLSI_Design_Lab/Course_Project/FINAL_TEST2/FINAL_TEST2/FINAL_TEST2.srcs/sources_1/imports/codes/forwarding_mux.v" into library xil_defaultlib
INFO: [VRFC 10-311] analyzing module forwarding_mux
INFO: [VRFC 10-2263] Analyzing Verilog file "C:/IIT_Bombay_Academics/Semester_2/EE705_VLSI_Design_Lab/Course_Project/FINAL_TEST2/FINAL_TEST2/FINAL_TEST2.srcs/sources_1/imports/codes/alu_muxes.v" into library xil_defaultlib
INFO: [VRFC 10-311] analyzing module alu_muxes
INFO: [VRFC 10-2263] Analyzing Verilog file "C:/IIT_Bombay_Academics/Semester_2/EE705_VLSI_Design_Lab/Course_Project/FINAL_TEST2/FINAL_TEST2/FINAL_TEST2.srcs/sources_1/imports/codes/branch_fsm.v" into library xil_defaultlib
INFO: [VRFC 10-311] analyzing module branch_fsm
INFO: [VRFC 10-2263] Analyzing Verilog file "C:/IIT_Bombay_Academics/Semester_2/EE705_VLSI_Design_Lab/Course_Project/FINAL_TEST2/FINAL_TEST2/FINAL_TEST2.srcs/sources_1/imports/codes/mul_fsm.v" into library xil_defaultlib
INFO: [VRFC 10-311] analyzing module mul_fsm
INFO: [VRFC 10-2263] Analyzing Verilog file "C:/IIT_Bombay_Academics/Semester_2/EE705_VLSI_Design_Lab/Course_Project/FINAL_TEST2/FINAL_TEST2/FINAL_TEST2.srcs/sources_1/new/EX_MA_PR.v" into library xil_defaultlib
INFO: [VRFC 10-311] analyzing module EX_MA_PR
INFO: [VRFC 10-2263] Analyzing Verilog file "C:/IIT_Bombay_Academics/Semester_2/EE705_VLSI_Design_Lab/Course_Project/FINAL_TEST2/FINAL_TEST2/FINAL_TEST2.srcs/sources_1/new/MA_WB_PR.v" into library xil_defaultlib
INFO: [VRFC 10-311] analyzing module MA_WB_PR
INFO: [VRFC 10-2263] Analyzing Verilog file "C:/IIT_Bombay_Academics/Semester_2/EE705_VLSI_Design_Lab/Course_Project/FINAL_TEST2/FINAL_TEST2/FINAL_TEST2.srcs/sources_1/imports/codes/load_extend.v" into library xil_defaultlib
INFO: [VRFC 10-311] analyzing module load_extend
INFO: [VRFC 10-2263] Analyzing Verilog file "C:/IIT_Bombay_Academics/Semester_2/EE705_VLSI_Design_Lab/Course_Project/FINAL_TEST2/FINAL_TEST2/FINAL_TEST2.srcs/sources_1/new/Write_back_Mux.v" into library xil_defaultlib
INFO: [VRFC 10-311] analyzing module Write_back_Mux
INFO: [VRFC 10-2263] Analyzing Verilog file "C:/IIT_Bombay_Academics/Semester_2/EE705_VLSI_Design_Lab/Course_Project/FINAL_TEST2/FINAL_TEST2/FINAL_TEST2.srcs/sources_1/new/combinational.v" into library xil_defaultlib
INFO: [VRFC 10-311] analyzing module combinational
INFO: [VRFC 10-2263] Analyzing Verilog file "C:/IIT_Bombay_Academics/Semester_2/EE705_VLSI_Design_Lab/Course_Project/FINAL_TEST2/FINAL_TEST2/FINAL_TEST2.srcs/sources_1/imports/codes/inst_retire_mux.v" into library xil_defaultlib
INFO: [VRFC 10-311] analyzing module instr_retire_mux
INFO: [VRFC 10-2263] Analyzing Verilog file "C:/IIT_Bombay_Academics/Semester_2/EE705_VLSI_Design_Lab/Course_Project/FINAL_TEST2/FINAL_TEST2/FINAL_TEST2.srcs/sources_1/new/concat_2to1.v" into library xil_defaultlib
INFO: [VRFC 10-311] analyzing module concat_2to1
INFO: [VRFC 10-2263] Analyzing Verilog file "C:/IIT_Bombay_Academics/Semester_2/EE705_VLSI_Design_Lab/Course_Project/FINAL_TEST2/FINAL_TEST2/FINAL_TEST2.srcs/sources_1/new/hazard_unit.v" into library xil_defaultlib
INFO: [VRFC 10-311] analyzing module hazard_unit
INFO: [VRFC 10-2263] Analyzing Verilog file "C:/IIT_Bombay_Academics/Semester_2/EE705_VLSI_Design_Lab/Course_Project/FINAL_TEST2/FINAL_TEST2/FINAL_TEST2.srcs/sources_1/new/ID_EX_PR.v" into library xil_defaultlib
INFO: [VRFC 10-311] analyzing module ID_EX_PR
INFO: [VRFC 10-2263] Analyzing Verilog file "C:/IIT_Bombay_Academics/Semester_2/EE705_VLSI_Design_Lab/Course_Project/FINAL_TEST2/FINAL_TEST2/FINAL_TEST2.srcs/sources_1/imports/new/Booth_PP.v" into library xil_defaultlib
INFO: [VRFC 10-311] analyzing module Booth_PP
INFO: [VRFC 10-2263] Analyzing Verilog file "C:/IIT_Bombay_Academics/Semester_2/EE705_VLSI_Design_Lab/Course_Project/FINAL_TEST2/FINAL_TEST2/FINAL_TEST2.srcs/sources_1/imports/sources_1/imports/new/Dadda_Stage_1.v" into library xil_defaultlib
INFO: [VRFC 10-311] analyzing module Dadda_stage1
INFO: [VRFC 10-2263] Analyzing Verilog file "C:/IIT_Bombay_Academics/Semester_2/EE705_VLSI_Design_Lab/Course_Project/FINAL_TEST2/FINAL_TEST2/FINAL_TEST2.srcs/sources_1/imports/sources_1/imports/new/Dadda_stage_2.v" into library xil_defaultlib
INFO: [VRFC 10-311] analyzing module Dadda_stage2
INFO: [VRFC 10-2263] Analyzing Verilog file "C:/IIT_Bombay_Academics/Semester_2/EE705_VLSI_Design_Lab/Course_Project/FINAL_TEST2/FINAL_TEST2/FINAL_TEST2.srcs/sources_1/imports/sources_1/imports/new/mul_top.v" into library xil_defaultlib
INFO: [VRFC 10-311] analyzing module mul_top
INFO: [VRFC 10-2263] Analyzing Verilog file "C:/IIT_Bombay_Academics/Semester_2/EE705_VLSI_Design_Lab/Course_Project/FINAL_TEST2/FINAL_TEST2/FINAL_TEST2.srcs/sources_1/imports/sources_1/new/ALU_OPER.v" into library xil_defaultlib
INFO: [VRFC 10-311] analyzing module ALU_OPER
INFO: [VRFC 10-2263] Analyzing Verilog file "C:/IIT_Bombay_Academics/Semester_2/EE705_VLSI_Design_Lab/Course_Project/FINAL_TEST2/FINAL_TEST2/FINAL_TEST2.srcs/sources_1/new/IF_ID_PR.v" into library xil_defaultlib
INFO: [VRFC 10-311] analyzing module IF_ID_PR
INFO: [VRFC 10-2263] Analyzing Verilog file "C:/IIT_Bombay_Academics/Semester_2/EE705_VLSI_Design_Lab/Course_Project/FINAL_TEST2/FINAL_TEST2/FINAL_TEST2.srcs/sources_1/new/OR_gate.v" into library xil_defaultlib
INFO: [VRFC 10-311] analyzing module or_gate
INFO: [VRFC 10-2263] Analyzing Verilog file "C:/IIT_Bombay_Academics/Semester_2/EE705_VLSI_Design_Lab/Course_Project/FINAL_TEST2/FINAL_TEST2/FINAL_TEST2.srcs/sources_1/imports/codes/controller.v" into library xil_defaultlib
INFO: [VRFC 10-311] analyzing module controller
INFO: [VRFC 10-2263] Analyzing Verilog file "C:/IIT_Bombay_Academics/Semester_2/EE705_VLSI_Design_Lab/Course_Project/FINAL_TEST2/FINAL_TEST2/FINAL_TEST2.srcs/sources_1/imports/DESIGN LAB/pc.v" into library xil_defaultlib
INFO: [VRFC 10-311] analyzing module pc
INFO: [VRFC 10-2263] Analyzing Verilog file "C:/IIT_Bombay_Academics/Semester_2/EE705_VLSI_Design_Lab/Course_Project/FINAL_TEST2/FINAL_TEST2/FINAL_TEST2.ip_user_files/bd/RiscV_BD/ip/RiscV_BD_Q16_16_Mult_0_0/sim/RiscV_BD_Q16_16_Mult_0_0.v" into library xil_defaultlib
INFO: [VRFC 10-311] analyzing module RiscV_BD_Q16_16_Mult_0_0
INFO: [VRFC 10-2263] Analyzing Verilog file "C:/IIT_Bombay_Academics/Semester_2/EE705_VLSI_Design_Lab/Course_Project/FINAL_TEST2/FINAL_TEST2/FINAL_TEST2.ip_user_files/bd/RiscV_BD/ip/RiscV_BD_register_file_0_0/sim/RiscV_BD_register_file_0_0.v" into library xil_defaultlib
INFO: [VRFC 10-311] analyzing module RiscV_BD_register_file_0_0
INFO: [VRFC 10-2263] Analyzing Verilog file "C:/IIT_Bombay_Academics/Semester_2/EE705_VLSI_Design_Lab/Course_Project/FINAL_TEST2/FINAL_TEST2/FINAL_TEST2.ip_user_files/bd/RiscV_BD/ip/RiscV_BD_imm_extend_0_0/sim/RiscV_BD_imm_extend_0_0.v" into library xil_defaultlib
INFO: [VRFC 10-311] analyzing module RiscV_BD_imm_extend_0_0
INFO: [VRFC 10-2263] Analyzing Verilog file "C:/IIT_Bombay_Academics/Semester_2/EE705_VLSI_Design_Lab/Course_Project/FINAL_TEST2/FINAL_TEST2/FINAL_TEST2.ip_user_files/bd/RiscV_BD/ip/RiscV_BD_csr_0_0/sim/RiscV_BD_csr_0_0.v" into library xil_defaultlib
INFO: [VRFC 10-311] analyzing module RiscV_BD_csr_0_0
INFO: [VRFC 10-2263] Analyzing Verilog file "C:/IIT_Bombay_Academics/Semester_2/EE705_VLSI_Design_Lab/Course_Project/FINAL_TEST2/FINAL_TEST2/FINAL_TEST2.ip_user_files/bd/RiscV_BD/ip/RiscV_BD_alu_fixed_point_mux_0_0/sim/RiscV_BD_alu_fixed_point_mux_0_0.v" into library xil_defaultlib
INFO: [VRFC 10-311] analyzing module RiscV_BD_alu_fixed_point_mux_0_0
INFO: [VRFC 10-2263] Analyzing Verilog file "C:/IIT_Bombay_Academics/Semester_2/EE705_VLSI_Design_Lab/Course_Project/FINAL_TEST2/FINAL_TEST2/FINAL_TEST2.ip_user_files/bd/RiscV_BD/ip/RiscV_BD_csr_mux_0_0/sim/RiscV_BD_csr_mux_0_0.v" into library xil_defaultlib
INFO: [VRFC 10-311] analyzing module RiscV_BD_csr_mux_0_0
INFO: [VRFC 10-2263] Analyzing Verilog file "C:/IIT_Bombay_Academics/Semester_2/EE705_VLSI_Design_Lab/Course_Project/FINAL_TEST2/FINAL_TEST2/FINAL_TEST2.ip_user_files/bd/RiscV_BD/ip/RiscV_BD_forwarding_mux_0_0/sim/RiscV_BD_forwarding_mux_0_0.v" into library xil_defaultlib
INFO: [VRFC 10-311] analyzing module RiscV_BD_forwarding_mux_0_0
INFO: [VRFC 10-2263] Analyzing Verilog file "C:/IIT_Bombay_Academics/Semester_2/EE705_VLSI_Design_Lab/Course_Project/FINAL_TEST2/FINAL_TEST2/FINAL_TEST2.ip_user_files/bd/RiscV_BD/ip/RiscV_BD_alu_muxes_0_2/sim/RiscV_BD_alu_muxes_0_2.v" into library xil_defaultlib
INFO: [VRFC 10-311] analyzing module RiscV_BD_alu_muxes_0_2
INFO: [VRFC 10-2263] Analyzing Verilog file "C:/IIT_Bombay_Academics/Semester_2/EE705_VLSI_Design_Lab/Course_Project/FINAL_TEST2/FINAL_TEST2/FINAL_TEST2.ip_user_files/bd/RiscV_BD/ip/RiscV_BD_branch_fsm_0_0/sim/RiscV_BD_branch_fsm_0_0.v" into library xil_defaultlib
INFO: [VRFC 10-311] analyzing module RiscV_BD_branch_fsm_0_0
INFO: [VRFC 10-2263] Analyzing Verilog file "C:/IIT_Bombay_Academics/Semester_2/EE705_VLSI_Design_Lab/Course_Project/FINAL_TEST2/FINAL_TEST2/FINAL_TEST2.ip_user_files/bd/RiscV_BD/ip/RiscV_BD_mul_fsm_0_0/sim/RiscV_BD_mul_fsm_0_0.v" into library xil_defaultlib
INFO: [VRFC 10-311] analyzing module RiscV_BD_mul_fsm_0_0
INFO: [VRFC 10-2263] Analyzing Verilog file "C:/IIT_Bombay_Academics/Semester_2/EE705_VLSI_Design_Lab/Course_Project/FINAL_TEST2/FINAL_TEST2/FINAL_TEST2.ip_user_files/bd/RiscV_BD/ip/RiscV_BD_EX_MA_PR_0_0/sim/RiscV_BD_EX_MA_PR_0_0.v" into library xil_defaultlib
INFO: [VRFC 10-311] analyzing module RiscV_BD_EX_MA_PR_0_0
INFO: [VRFC 10-2263] Analyzing Verilog file "C:/IIT_Bombay_Academics/Semester_2/EE705_VLSI_Design_Lab/Course_Project/FINAL_TEST2/FINAL_TEST2/FINAL_TEST2.ip_user_files/bd/RiscV_BD/ip/RiscV_BD_MA_WB_PR_0_0/sim/RiscV_BD_MA_WB_PR_0_0.v" into library xil_defaultlib
INFO: [VRFC 10-311] analyzing module RiscV_BD_MA_WB_PR_0_0
INFO: [VRFC 10-2263] Analyzing Verilog file "C:/IIT_Bombay_Academics/Semester_2/EE705_VLSI_Design_Lab/Course_Project/FINAL_TEST2/FINAL_TEST2/FINAL_TEST2.ip_user_files/bd/RiscV_BD/ip/RiscV_BD_load_extend_0_0/sim/RiscV_BD_load_extend_0_0.v" into library xil_defaultlib
INFO: [VRFC 10-311] analyzing module RiscV_BD_load_extend_0_0
INFO: [VRFC 10-2263] Analyzing Verilog file "C:/IIT_Bombay_Academics/Semester_2/EE705_VLSI_Design_Lab/Course_Project/FINAL_TEST2/FINAL_TEST2/FINAL_TEST2.ip_user_files/bd/RiscV_BD/ip/RiscV_BD_Write_back_Mux_0_0/sim/RiscV_BD_Write_back_Mux_0_0.v" into library xil_defaultlib
INFO: [VRFC 10-311] analyzing module RiscV_BD_Write_back_Mux_0_0
INFO: [VRFC 10-2263] Analyzing Verilog file "C:/IIT_Bombay_Academics/Semester_2/EE705_VLSI_Design_Lab/Course_Project/FINAL_TEST2/FINAL_TEST2/FINAL_TEST2.ip_user_files/bd/RiscV_BD/ip/RiscV_BD_combinational_0_0/sim/RiscV_BD_combinational_0_0.v" into library xil_defaultlib
INFO: [VRFC 10-311] analyzing module RiscV_BD_combinational_0_0
INFO: [VRFC 10-2263] Analyzing Verilog file "C:/IIT_Bombay_Academics/Semester_2/EE705_VLSI_Design_Lab/Course_Project/FINAL_TEST2/FINAL_TEST2/FINAL_TEST2.ip_user_files/bd/RiscV_BD/ip/RiscV_BD_instr_retire_mux_0_0/sim/RiscV_BD_instr_retire_mux_0_0.v" into library xil_defaultlib
INFO: [VRFC 10-311] analyzing module RiscV_BD_instr_retire_mux_0_0
INFO: [VRFC 10-2263] Analyzing Verilog file "C:/IIT_Bombay_Academics/Semester_2/EE705_VLSI_Design_Lab/Course_Project/FINAL_TEST2/FINAL_TEST2/FINAL_TEST2.ip_user_files/bd/RiscV_BD/ip/RiscV_BD_concat_2to1_0_0/sim/RiscV_BD_concat_2to1_0_0.v" into library xil_defaultlib
INFO: [VRFC 10-311] analyzing module RiscV_BD_concat_2to1_0_0
INFO: [VRFC 10-2263] Analyzing Verilog file "C:/IIT_Bombay_Academics/Semester_2/EE705_VLSI_Design_Lab/Course_Project/FINAL_TEST2/FINAL_TEST2/FINAL_TEST2.ip_user_files/bd/RiscV_BD/ip/RiscV_BD_concat_2to1_1_0/sim/RiscV_BD_concat_2to1_1_0.v" into library xil_defaultlib
INFO: [VRFC 10-311] analyzing module RiscV_BD_concat_2to1_1_0
INFO: [VRFC 10-2263] Analyzing Verilog file "C:/IIT_Bombay_Academics/Semester_2/EE705_VLSI_Design_Lab/Course_Project/FINAL_TEST2/FINAL_TEST2/FINAL_TEST2.ip_user_files/bd/RiscV_BD/ip/RiscV_BD_hazard_unit_0_0/sim/RiscV_BD_hazard_unit_0_0.v" into library xil_defaultlib
INFO: [VRFC 10-311] analyzing module RiscV_BD_hazard_unit_0_0
INFO: [VRFC 10-2263] Analyzing Verilog file "C:/IIT_Bombay_Academics/Semester_2/EE705_VLSI_Design_Lab/Course_Project/FINAL_TEST2/FINAL_TEST2/FINAL_TEST2.ip_user_files/bd/RiscV_BD/ip/RiscV_BD_concat_2to1_2_0/sim/RiscV_BD_concat_2to1_2_0.v" into library xil_defaultlib
INFO: [VRFC 10-311] analyzing module RiscV_BD_concat_2to1_2_0
INFO: [VRFC 10-2263] Analyzing Verilog file "C:/IIT_Bombay_Academics/Semester_2/EE705_VLSI_Design_Lab/Course_Project/FINAL_TEST2/FINAL_TEST2/FINAL_TEST2.ip_user_files/bd/RiscV_BD/ip/RiscV_BD_ID_EX_PR_0_0/sim/RiscV_BD_ID_EX_PR_0_0.v" into library xil_defaultlib
INFO: [VRFC 10-311] analyzing module RiscV_BD_ID_EX_PR_0_0
INFO: [VRFC 10-2263] Analyzing Verilog file "C:/IIT_Bombay_Academics/Semester_2/EE705_VLSI_Design_Lab/Course_Project/FINAL_TEST2/FINAL_TEST2/FINAL_TEST2.ip_user_files/bd/RiscV_BD/ip/RiscV_BD_ALU_OPER_0_0/sim/RiscV_BD_ALU_OPER_0_0.v" into library xil_defaultlib
INFO: [VRFC 10-311] analyzing module RiscV_BD_ALU_OPER_0_0
INFO: [VRFC 10-2263] Analyzing Verilog file "C:/IIT_Bombay_Academics/Semester_2/EE705_VLSI_Design_Lab/Course_Project/FINAL_TEST2/FINAL_TEST2/FINAL_TEST2.ip_user_files/bd/RiscV_BD/ip/RiscV_BD_IF_ID_PR_0_0/sim/RiscV_BD_IF_ID_PR_0_0.v" into library xil_defaultlib
INFO: [VRFC 10-311] analyzing module RiscV_BD_IF_ID_PR_0_0
INFO: [VRFC 10-2263] Analyzing Verilog file "C:/IIT_Bombay_Academics/Semester_2/EE705_VLSI_Design_Lab/Course_Project/FINAL_TEST2/FINAL_TEST2/FINAL_TEST2.ip_user_files/bd/RiscV_BD/ip/RiscV_BD_or_gate_1_0/sim/RiscV_BD_or_gate_1_0.v" into library xil_defaultlib
INFO: [VRFC 10-311] analyzing module RiscV_BD_or_gate_1_0
INFO: [VRFC 10-2263] Analyzing Verilog file "C:/IIT_Bombay_Academics/Semester_2/EE705_VLSI_Design_Lab/Course_Project/FINAL_TEST2/FINAL_TEST2/FINAL_TEST2.ip_user_files/bd/RiscV_BD/ip/RiscV_BD_controller_0_0/sim/RiscV_BD_controller_0_0.v" into library xil_defaultlib
INFO: [VRFC 10-311] analyzing module RiscV_BD_controller_0_0
INFO: [VRFC 10-2263] Analyzing Verilog file "C:/IIT_Bombay_Academics/Semester_2/EE705_VLSI_Design_Lab/Course_Project/FINAL_TEST2/FINAL_TEST2/FINAL_TEST2.ip_user_files/bd/RiscV_BD/ip/RiscV_BD_pc_0_0/sim/RiscV_BD_pc_0_0.v" into library xil_defaultlib
INFO: [VRFC 10-311] analyzing module RiscV_BD_pc_0_0
INFO: [VRFC 10-2263] Analyzing Verilog file "C:/IIT_Bombay_Academics/Semester_2/EE705_VLSI_Design_Lab/Course_Project/FINAL_TEST2/FINAL_TEST2/FINAL_TEST2.ip_user_files/bd/RiscV_BD/ip/RiscV_BD_instr_mem_0_0/sim/RiscV_BD_instr_mem_0_0.v" into library xil_defaultlib
INFO: [VRFC 10-311] analyzing module RiscV_BD_instr_mem_0_0
INFO: [VRFC 10-2263] Analyzing Verilog file "C:/IIT_Bombay_Academics/Semester_2/EE705_VLSI_Design_Lab/Course_Project/FINAL_TEST2/FINAL_TEST2/FINAL_TEST2.ip_user_files/bd/RiscV_BD/ip/RiscV_BD_data_mem_0_0/sim/RiscV_BD_data_mem_0_0.v" into library xil_defaultlib
INFO: [VRFC 10-311] analyzing module RiscV_BD_data_mem_0_0
INFO: [VRFC 10-2263] Analyzing Verilog file "C:/IIT_Bombay_Academics/Semester_2/EE705_VLSI_Design_Lab/Course_Project/FINAL_TEST2/FINAL_TEST2/FINAL_TEST2.ip_user_files/bd/RiscV_BD/sim/RiscV_BD.v" into library xil_defaultlib
INFO: [VRFC 10-311] analyzing module RiscV_BD
INFO: [VRFC 10-2263] Analyzing Verilog file "C:/IIT_Bombay_Academics/Semester_2/EE705_VLSI_Design_Lab/Course_Project/FINAL_TEST2/FINAL_TEST2/FINAL_TEST2.gen/sources_1/bd/RiscV_BD/hdl/RiscV_BD_wrapper.v" into library xil_defaultlib
INFO: [VRFC 10-311] analyzing module RiscV_BD_wrapper
INFO: [VRFC 10-2263] Analyzing Verilog file "C:/IIT_Bombay_Academics/Semester_2/EE705_VLSI_Design_Lab/Course_Project/FINAL_TEST2/FINAL_TEST2/FINAL_TEST2.srcs/sim_1/new/RiscV_BD_wrapper_tb.v" into library xil_defaultlib
INFO: [VRFC 10-311] analyzing module RiscV_BD_wrapper_tb
"xvhdl --incr --relax -prj RiscV_BD_wrapper_tb_vhdl.prj"
run_program: Time (s): cpu = 00:00:01 ; elapsed = 00:00:12 . Memory (MB): peak = 2686.691 ; gain = 0.000
INFO: [USF-XSim-69] 'compile' step finished in '11' seconds
launch_simulation: Time (s): cpu = 00:00:01 ; elapsed = 00:00:12 . Memory (MB): peak = 2686.691 ; gain = 0.000
Command: launch_simulation -simset sim_1 -mode behavioral
INFO: [Vivado 12-5682] Launching behavioral simulation in 'C:/IIT_Bombay_Academics/Semester_2/EE705_VLSI_Design_Lab/Course_Project/FINAL_TEST2/FINAL_TEST2/FINAL_TEST2.sim/sim_1/behav/xsim'
INFO: [Vivado 12-4795] Using compiled simulation libraries for IPs
INFO: [USF-XSim-3] XSim::Elaborate design
INFO: [USF-XSim-61] Executing 'ELABORATE' step in 'C:/IIT_Bombay_Academics/Semester_2/EE705_VLSI_Design_Lab/Course_Project/FINAL_TEST2/FINAL_TEST2/FINAL_TEST2.sim/sim_1/behav/xsim'
"xelab -wto 825d914d5bae4902b22375897d789401 --incr --debug typical --relax --mt 2 -L xil_defaultlib -L unisims_ver -L unimacro_ver -L secureip -L xpm --snapshot RiscV_BD_wrapper_tb_behav xil_defaultlib.RiscV_BD_wrapper_tb xil_defaultlib.glbl -log elaborate.log"
Vivado Simulator 2020.2
Copyright 1986-1999, 2001-2020 Xilinx, Inc. All Rights Reserved.
Running: C:/Xilinx/Vivado/2020.2/bin/unwrapped/win64.o/xelab.exe -wto 825d914d5bae4902b22375897d789401 --incr --debug typical --relax --mt 2 -L xil_defaultlib -L unisims_ver -L unimacro_ver -L secureip -L xpm --snapshot RiscV_BD_wrapper_tb_behav xil_defaultlib.RiscV_BD_wrapper_tb xil_defaultlib.glbl -log elaborate.log 
Using 2 slave threads.
Starting static elaboration
Pass Through NonSizing Optimizer
Completed static elaboration
Starting simulation data flow analysis
Completed simulation data flow analysis
Time Resolution for simulation is 1ps
Compiling package std.standard
Compiling package std.textio
Compiling package ieee.std_logic_1164
Compiling package ieee.numeric_std
Compiling module xil_defaultlib.Booth_PP
Compiling module xil_defaultlib.Dadda_stage1
Compiling module xil_defaultlib.Dadda_stage2
Compiling module xil_defaultlib.mul_top
Compiling module xil_defaultlib.ALU_OPER
Compiling module xil_defaultlib.RiscV_BD_ALU_OPER_0_0
Compiling module xil_defaultlib.EX_MA_PR
Compiling module xil_defaultlib.RiscV_BD_EX_MA_PR_0_0
Compiling module xil_defaultlib.ID_EX_PR
Compiling module xil_defaultlib.RiscV_BD_ID_EX_PR_0_0
Compiling module xil_defaultlib.IF_ID_PR
Compiling module xil_defaultlib.RiscV_BD_IF_ID_PR_0_0
Compiling module xil_defaultlib.MA_WB_PR
Compiling module xil_defaultlib.RiscV_BD_MA_WB_PR_0_0
Compiling module xil_defaultlib.Booth_PP_FM
Compiling module xil_defaultlib.Dadda_tree
Compiling module xil_defaultlib.Q16_16_Mult
Compiling module xil_defaultlib.RiscV_BD_Q16_16_Mult_0_0
Compiling module xil_defaultlib.Write_back_Mux
Compiling module xil_defaultlib.RiscV_BD_Write_back_Mux_0_0
Compiling module xil_defaultlib.alu_fixed_point_mux
Compiling module xil_defaultlib.RiscV_BD_alu_fixed_point_mux_0_0
Compiling module xil_defaultlib.alu_muxes
Compiling module xil_defaultlib.RiscV_BD_alu_muxes_0_2
Compiling module xil_defaultlib.branch_fsm
Compiling module xil_defaultlib.RiscV_BD_branch_fsm_0_0
Compiling module xil_defaultlib.combinational
Compiling module xil_defaultlib.RiscV_BD_combinational_0_0
Compiling module xil_defaultlib.concat_2to1
Compiling module xil_defaultlib.RiscV_BD_concat_2to1_0_0
Compiling module xil_defaultlib.RiscV_BD_concat_2to1_1_0
Compiling module xil_defaultlib.RiscV_BD_concat_2to1_2_0
Compiling module xil_defaultlib.controller
Compiling module xil_defaultlib.RiscV_BD_controller_0_0
Compiling module xil_defaultlib.csr
Compiling module xil_defaultlib.RiscV_BD_csr_0_0
Compiling module xil_defaultlib.csr_mux
Compiling module xil_defaultlib.RiscV_BD_csr_mux_0_0
Compiling architecture dmem_arch of entity xil_defaultlib.data_mem [data_mem_default]
Compiling module xil_defaultlib.RiscV_BD_data_mem_0_0
Compiling module xil_defaultlib.forwarding_mux
Compiling module xil_defaultlib.RiscV_BD_forwarding_mux_0_0
Compiling module xil_defaultlib.hazard_unit
Compiling module xil_defaultlib.RiscV_BD_hazard_unit_0_0
Compiling module xil_defaultlib.imm_extend
Compiling module xil_defaultlib.RiscV_BD_imm_extend_0_0
Compiling architecture mem_arch of entity xil_defaultlib.instr_mem [instr_mem_default]
Compiling module xil_defaultlib.RiscV_BD_instr_mem_0_0
Compiling module xil_defaultlib.instr_retire_mux
Compiling module xil_defaultlib.RiscV_BD_instr_retire_mux_0_0
Compiling module xil_defaultlib.load_extend
Compiling module xil_defaultlib.RiscV_BD_load_extend_0_0
Compiling module xil_defaultlib.mul_fsm
Compiling module xil_defaultlib.RiscV_BD_mul_fsm_0_0
Compiling module xil_defaultlib.or_gate
Compiling module xil_defaultlib.RiscV_BD_or_gate_1_0
Compiling module xil_defaultlib.pc
Compiling module xil_defaultlib.RiscV_BD_pc_0_0
Compiling module xil_defaultlib.register_file
Compiling module xil_defaultlib.RiscV_BD_register_file_0_0
Compiling module xil_defaultlib.RiscV_BD
Compiling module xil_defaultlib.RiscV_BD_wrapper
Compiling module xil_defaultlib.RiscV_BD_wrapper_tb
Compiling module xil_defaultlib.glbl
Built simulation snapshot RiscV_BD_wrapper_tb_behav
run_program: Time (s): cpu = 00:00:01 ; elapsed = 00:00:08 . Memory (MB): peak = 2686.691 ; gain = 0.000
INFO: [USF-XSim-69] 'elaborate' step finished in '9' seconds
launch_simulation: Time (s): cpu = 00:00:01 ; elapsed = 00:00:09 . Memory (MB): peak = 2686.691 ; gain = 0.000
Vivado Simulator 2020.2
ERROR: [Simtcl 6-50] Simulation engine failed to start: Failed to launch child process (child exe not found).
Please see the Tcl Console or the Messages for details.
ERROR: [Common 17-69] Command failed: ERROR: [Simtcl 6-50] Simulation engine failed to start: Failed to launch child process (child exe not found).
Please see the Tcl Console or the Messages for details.

save_wave_config {C:/IIT_Bombay_Academics/Semester_2/EE705_VLSI_Design_Lab/Course_Project/FINAL_TEST2/FINAL_TEST2/FINAL_TEST2.srcs/sim_1/imports/VLSI_RISC_V_IM/RiscV_BD_wrapper_tb_behav.wcfg}
close_sim
INFO: [Simtcl 6-16] Simulation closed
launch_simulation
Command: launch_simulation 
INFO: [Vivado 12-5682] Launching behavioral simulation in 'C:/IIT_Bombay_Academics/Semester_2/EE705_VLSI_Design_Lab/Course_Project/FINAL_TEST2/FINAL_TEST2/FINAL_TEST2.sim/sim_1/behav/xsim'
INFO: [Vivado 12-4795] Using compiled simulation libraries for IPs
INFO: [SIM-utils-51] Simulation object is 'sim_1'
INFO: [USF-XSim-7] Finding pre-compiled libraries...
INFO: [USF-XSim-11] File 'C:/Xilinx/Vivado/2020.2/data/xsim/xsim.ini' copied to run dir:'C:/IIT_Bombay_Academics/Semester_2/EE705_VLSI_Design_Lab/Course_Project/FINAL_TEST2/FINAL_TEST2/FINAL_TEST2.sim/sim_1/behav/xsim'
INFO: [SIM-utils-54] Inspecting design source files for 'RiscV_BD_wrapper_tb' in fileset 'sim_1'...
INFO: [SIM-utils-43] Exported 'C:/IIT_Bombay_Academics/Semester_2/EE705_VLSI_Design_Lab/Course_Project/FINAL_TEST2/FINAL_TEST2/FINAL_TEST2.sim/sim_1/behav/xsim/instruction_memory.coe'
INFO: [SIM-utils-43] Exported 'C:/IIT_Bombay_Academics/Semester_2/EE705_VLSI_Design_Lab/Course_Project/FINAL_TEST2/FINAL_TEST2/FINAL_TEST2.sim/sim_1/behav/xsim/data_memory.coe'
INFO: [SIM-utils-43] Exported 'C:/IIT_Bombay_Academics/Semester_2/EE705_VLSI_Design_Lab/Course_Project/FINAL_TEST2/FINAL_TEST2/FINAL_TEST2.sim/sim_1/behav/xsim/instruction_memory.coe'
INFO: [SIM-utils-43] Exported 'C:/IIT_Bombay_Academics/Semester_2/EE705_VLSI_Design_Lab/Course_Project/FINAL_TEST2/FINAL_TEST2/FINAL_TEST2.sim/sim_1/behav/xsim/instruction_memory.coe'
INFO: [SIM-utils-43] Exported 'C:/IIT_Bombay_Academics/Semester_2/EE705_VLSI_Design_Lab/Course_Project/FINAL_TEST2/FINAL_TEST2/FINAL_TEST2.sim/sim_1/behav/xsim/data_memory.coe'
INFO: [USF-XSim-97] Finding global include files...
INFO: [USF-XSim-98] Fetching design files from 'sim_1'...
INFO: [USF-XSim-2] XSim::Compile design
INFO: [USF-XSim-61] Executing 'COMPILE and ANALYZE' step in 'C:/IIT_Bombay_Academics/Semester_2/EE705_VLSI_Design_Lab/Course_Project/FINAL_TEST2/FINAL_TEST2/FINAL_TEST2.sim/sim_1/behav/xsim'
"xvlog --incr --relax -prj RiscV_BD_wrapper_tb_vlog.prj"
INFO: [VRFC 10-2263] Analyzing Verilog file "C:/IIT_Bombay_Academics/Semester_2/EE705_VLSI_Design_Lab/Course_Project/FINAL_TEST2/FINAL_TEST2/FINAL_TEST2.srcs/sources_1/imports/sources_1/imports/new/Booth_PP.v" into library xil_defaultlib
INFO: [VRFC 10-311] analyzing module Booth_PP_FM
INFO: [VRFC 10-2263] Analyzing Verilog file "C:/IIT_Bombay_Academics/Semester_2/EE705_VLSI_Design_Lab/Course_Project/FINAL_TEST2/FINAL_TEST2/FINAL_TEST2.srcs/sources_1/imports/new/Dadda_tree.v" into library xil_defaultlib
INFO: [VRFC 10-311] analyzing module Dadda_tree
INFO: [VRFC 10-2263] Analyzing Verilog file "C:/IIT_Bombay_Academics/Semester_2/EE705_VLSI_Design_Lab/Course_Project/FINAL_TEST2/FINAL_TEST2/FINAL_TEST2.srcs/sources_1/imports/new/Q16_16.v" into library xil_defaultlib
INFO: [VRFC 10-311] analyzing module Q16_16_Mult
INFO: [VRFC 10-2263] Analyzing Verilog file "C:/IIT_Bombay_Academics/Semester_2/EE705_VLSI_Design_Lab/Course_Project/FINAL_TEST2/FINAL_TEST2/FINAL_TEST2.srcs/sources_1/imports/COURSE PRPJECT/Decode/reg_file.v" into library xil_defaultlib
INFO: [VRFC 10-311] analyzing module register_file
INFO: [VRFC 10-2263] Analyzing Verilog file "C:/IIT_Bombay_Academics/Semester_2/EE705_VLSI_Design_Lab/Course_Project/FINAL_TEST2/FINAL_TEST2/FINAL_TEST2.srcs/sources_1/imports/COURSE PRPJECT/Decode/imm_extend.v" into library xil_defaultlib
INFO: [VRFC 10-311] analyzing module imm_extend
INFO: [VRFC 10-2263] Analyzing Verilog file "C:/IIT_Bombay_Academics/Semester_2/EE705_VLSI_Design_Lab/Course_Project/FINAL_TEST2/FINAL_TEST2/FINAL_TEST2.srcs/sources_1/imports/codes/min_csr.v" into library xil_defaultlib
INFO: [VRFC 10-311] analyzing module csr
INFO: [VRFC 10-2263] Analyzing Verilog file "C:/IIT_Bombay_Academics/Semester_2/EE705_VLSI_Design_Lab/Course_Project/FINAL_TEST2/FINAL_TEST2/FINAL_TEST2.srcs/sources_1/imports/codes/alu_fixed_point_mux.v" into library xil_defaultlib
INFO: [VRFC 10-311] analyzing module alu_fixed_point_mux
INFO: [VRFC 10-2263] Analyzing Verilog file "C:/IIT_Bombay_Academics/Semester_2/EE705_VLSI_Design_Lab/Course_Project/FINAL_TEST2/FINAL_TEST2/FINAL_TEST2.srcs/sources_1/imports/codes/csr_mux.v" into library xil_defaultlib
INFO: [VRFC 10-311] analyzing module csr_mux
INFO: [VRFC 10-2263] Analyzing Verilog file "C:/IIT_Bombay_Academics/Semester_2/EE705_VLSI_Design_Lab/Course_Project/FINAL_TEST2/FINAL_TEST2/FINAL_TEST2.srcs/sources_1/imports/codes/forwarding_mux.v" into library xil_defaultlib
INFO: [VRFC 10-311] analyzing module forwarding_mux
INFO: [VRFC 10-2263] Analyzing Verilog file "C:/IIT_Bombay_Academics/Semester_2/EE705_VLSI_Design_Lab/Course_Project/FINAL_TEST2/FINAL_TEST2/FINAL_TEST2.srcs/sources_1/imports/codes/alu_muxes.v" into library xil_defaultlib
INFO: [VRFC 10-311] analyzing module alu_muxes
INFO: [VRFC 10-2263] Analyzing Verilog file "C:/IIT_Bombay_Academics/Semester_2/EE705_VLSI_Design_Lab/Course_Project/FINAL_TEST2/FINAL_TEST2/FINAL_TEST2.srcs/sources_1/imports/codes/branch_fsm.v" into library xil_defaultlib
INFO: [VRFC 10-311] analyzing module branch_fsm
INFO: [VRFC 10-2263] Analyzing Verilog file "C:/IIT_Bombay_Academics/Semester_2/EE705_VLSI_Design_Lab/Course_Project/FINAL_TEST2/FINAL_TEST2/FINAL_TEST2.srcs/sources_1/imports/codes/mul_fsm.v" into library xil_defaultlib
INFO: [VRFC 10-311] analyzing module mul_fsm
INFO: [VRFC 10-2263] Analyzing Verilog file "C:/IIT_Bombay_Academics/Semester_2/EE705_VLSI_Design_Lab/Course_Project/FINAL_TEST2/FINAL_TEST2/FINAL_TEST2.srcs/sources_1/new/EX_MA_PR.v" into library xil_defaultlib
INFO: [VRFC 10-311] analyzing module EX_MA_PR
INFO: [VRFC 10-2263] Analyzing Verilog file "C:/IIT_Bombay_Academics/Semester_2/EE705_VLSI_Design_Lab/Course_Project/FINAL_TEST2/FINAL_TEST2/FINAL_TEST2.srcs/sources_1/new/MA_WB_PR.v" into library xil_defaultlib
INFO: [VRFC 10-311] analyzing module MA_WB_PR
INFO: [VRFC 10-2263] Analyzing Verilog file "C:/IIT_Bombay_Academics/Semester_2/EE705_VLSI_Design_Lab/Course_Project/FINAL_TEST2/FINAL_TEST2/FINAL_TEST2.srcs/sources_1/imports/codes/load_extend.v" into library xil_defaultlib
INFO: [VRFC 10-311] analyzing module load_extend
INFO: [VRFC 10-2263] Analyzing Verilog file "C:/IIT_Bombay_Academics/Semester_2/EE705_VLSI_Design_Lab/Course_Project/FINAL_TEST2/FINAL_TEST2/FINAL_TEST2.srcs/sources_1/new/Write_back_Mux.v" into library xil_defaultlib
INFO: [VRFC 10-311] analyzing module Write_back_Mux
INFO: [VRFC 10-2263] Analyzing Verilog file "C:/IIT_Bombay_Academics/Semester_2/EE705_VLSI_Design_Lab/Course_Project/FINAL_TEST2/FINAL_TEST2/FINAL_TEST2.srcs/sources_1/new/combinational.v" into library xil_defaultlib
INFO: [VRFC 10-311] analyzing module combinational
INFO: [VRFC 10-2263] Analyzing Verilog file "C:/IIT_Bombay_Academics/Semester_2/EE705_VLSI_Design_Lab/Course_Project/FINAL_TEST2/FINAL_TEST2/FINAL_TEST2.srcs/sources_1/imports/codes/inst_retire_mux.v" into library xil_defaultlib
INFO: [VRFC 10-311] analyzing module instr_retire_mux
INFO: [VRFC 10-2263] Analyzing Verilog file "C:/IIT_Bombay_Academics/Semester_2/EE705_VLSI_Design_Lab/Course_Project/FINAL_TEST2/FINAL_TEST2/FINAL_TEST2.srcs/sources_1/new/concat_2to1.v" into library xil_defaultlib
INFO: [VRFC 10-311] analyzing module concat_2to1
INFO: [VRFC 10-2263] Analyzing Verilog file "C:/IIT_Bombay_Academics/Semester_2/EE705_VLSI_Design_Lab/Course_Project/FINAL_TEST2/FINAL_TEST2/FINAL_TEST2.srcs/sources_1/new/hazard_unit.v" into library xil_defaultlib
INFO: [VRFC 10-311] analyzing module hazard_unit
INFO: [VRFC 10-2263] Analyzing Verilog file "C:/IIT_Bombay_Academics/Semester_2/EE705_VLSI_Design_Lab/Course_Project/FINAL_TEST2/FINAL_TEST2/FINAL_TEST2.srcs/sources_1/new/ID_EX_PR.v" into library xil_defaultlib
INFO: [VRFC 10-311] analyzing module ID_EX_PR
INFO: [VRFC 10-2263] Analyzing Verilog file "C:/IIT_Bombay_Academics/Semester_2/EE705_VLSI_Design_Lab/Course_Project/FINAL_TEST2/FINAL_TEST2/FINAL_TEST2.srcs/sources_1/imports/new/Booth_PP.v" into library xil_defaultlib
INFO: [VRFC 10-311] analyzing module Booth_PP
INFO: [VRFC 10-2263] Analyzing Verilog file "C:/IIT_Bombay_Academics/Semester_2/EE705_VLSI_Design_Lab/Course_Project/FINAL_TEST2/FINAL_TEST2/FINAL_TEST2.srcs/sources_1/imports/sources_1/imports/new/Dadda_Stage_1.v" into library xil_defaultlib
INFO: [VRFC 10-311] analyzing module Dadda_stage1
INFO: [VRFC 10-2263] Analyzing Verilog file "C:/IIT_Bombay_Academics/Semester_2/EE705_VLSI_Design_Lab/Course_Project/FINAL_TEST2/FINAL_TEST2/FINAL_TEST2.srcs/sources_1/imports/sources_1/imports/new/Dadda_stage_2.v" into library xil_defaultlib
INFO: [VRFC 10-311] analyzing module Dadda_stage2
INFO: [VRFC 10-2263] Analyzing Verilog file "C:/IIT_Bombay_Academics/Semester_2/EE705_VLSI_Design_Lab/Course_Project/FINAL_TEST2/FINAL_TEST2/FINAL_TEST2.srcs/sources_1/imports/sources_1/imports/new/mul_top.v" into library xil_defaultlib
INFO: [VRFC 10-311] analyzing module mul_top
INFO: [VRFC 10-2263] Analyzing Verilog file "C:/IIT_Bombay_Academics/Semester_2/EE705_VLSI_Design_Lab/Course_Project/FINAL_TEST2/FINAL_TEST2/FINAL_TEST2.srcs/sources_1/imports/sources_1/new/ALU_OPER.v" into library xil_defaultlib
INFO: [VRFC 10-311] analyzing module ALU_OPER
INFO: [VRFC 10-2263] Analyzing Verilog file "C:/IIT_Bombay_Academics/Semester_2/EE705_VLSI_Design_Lab/Course_Project/FINAL_TEST2/FINAL_TEST2/FINAL_TEST2.srcs/sources_1/new/IF_ID_PR.v" into library xil_defaultlib
INFO: [VRFC 10-311] analyzing module IF_ID_PR
INFO: [VRFC 10-2263] Analyzing Verilog file "C:/IIT_Bombay_Academics/Semester_2/EE705_VLSI_Design_Lab/Course_Project/FINAL_TEST2/FINAL_TEST2/FINAL_TEST2.srcs/sources_1/new/OR_gate.v" into library xil_defaultlib
INFO: [VRFC 10-311] analyzing module or_gate
INFO: [VRFC 10-2263] Analyzing Verilog file "C:/IIT_Bombay_Academics/Semester_2/EE705_VLSI_Design_Lab/Course_Project/FINAL_TEST2/FINAL_TEST2/FINAL_TEST2.srcs/sources_1/imports/codes/controller.v" into library xil_defaultlib
INFO: [VRFC 10-311] analyzing module controller
INFO: [VRFC 10-2263] Analyzing Verilog file "C:/IIT_Bombay_Academics/Semester_2/EE705_VLSI_Design_Lab/Course_Project/FINAL_TEST2/FINAL_TEST2/FINAL_TEST2.srcs/sources_1/imports/DESIGN LAB/pc.v" into library xil_defaultlib
INFO: [VRFC 10-311] analyzing module pc
INFO: [VRFC 10-2263] Analyzing Verilog file "C:/IIT_Bombay_Academics/Semester_2/EE705_VLSI_Design_Lab/Course_Project/FINAL_TEST2/FINAL_TEST2/FINAL_TEST2.ip_user_files/bd/RiscV_BD/ip/RiscV_BD_Q16_16_Mult_0_0/sim/RiscV_BD_Q16_16_Mult_0_0.v" into library xil_defaultlib
INFO: [VRFC 10-311] analyzing module RiscV_BD_Q16_16_Mult_0_0
INFO: [VRFC 10-2263] Analyzing Verilog file "C:/IIT_Bombay_Academics/Semester_2/EE705_VLSI_Design_Lab/Course_Project/FINAL_TEST2/FINAL_TEST2/FINAL_TEST2.ip_user_files/bd/RiscV_BD/ip/RiscV_BD_register_file_0_0/sim/RiscV_BD_register_file_0_0.v" into library xil_defaultlib
INFO: [VRFC 10-311] analyzing module RiscV_BD_register_file_0_0
INFO: [VRFC 10-2263] Analyzing Verilog file "C:/IIT_Bombay_Academics/Semester_2/EE705_VLSI_Design_Lab/Course_Project/FINAL_TEST2/FINAL_TEST2/FINAL_TEST2.ip_user_files/bd/RiscV_BD/ip/RiscV_BD_imm_extend_0_0/sim/RiscV_BD_imm_extend_0_0.v" into library xil_defaultlib
INFO: [VRFC 10-311] analyzing module RiscV_BD_imm_extend_0_0
INFO: [VRFC 10-2263] Analyzing Verilog file "C:/IIT_Bombay_Academics/Semester_2/EE705_VLSI_Design_Lab/Course_Project/FINAL_TEST2/FINAL_TEST2/FINAL_TEST2.ip_user_files/bd/RiscV_BD/ip/RiscV_BD_csr_0_0/sim/RiscV_BD_csr_0_0.v" into library xil_defaultlib
INFO: [VRFC 10-311] analyzing module RiscV_BD_csr_0_0
INFO: [VRFC 10-2263] Analyzing Verilog file "C:/IIT_Bombay_Academics/Semester_2/EE705_VLSI_Design_Lab/Course_Project/FINAL_TEST2/FINAL_TEST2/FINAL_TEST2.ip_user_files/bd/RiscV_BD/ip/RiscV_BD_alu_fixed_point_mux_0_0/sim/RiscV_BD_alu_fixed_point_mux_0_0.v" into library xil_defaultlib
INFO: [VRFC 10-311] analyzing module RiscV_BD_alu_fixed_point_mux_0_0
INFO: [VRFC 10-2263] Analyzing Verilog file "C:/IIT_Bombay_Academics/Semester_2/EE705_VLSI_Design_Lab/Course_Project/FINAL_TEST2/FINAL_TEST2/FINAL_TEST2.ip_user_files/bd/RiscV_BD/ip/RiscV_BD_csr_mux_0_0/sim/RiscV_BD_csr_mux_0_0.v" into library xil_defaultlib
INFO: [VRFC 10-311] analyzing module RiscV_BD_csr_mux_0_0
INFO: [VRFC 10-2263] Analyzing Verilog file "C:/IIT_Bombay_Academics/Semester_2/EE705_VLSI_Design_Lab/Course_Project/FINAL_TEST2/FINAL_TEST2/FINAL_TEST2.ip_user_files/bd/RiscV_BD/ip/RiscV_BD_forwarding_mux_0_0/sim/RiscV_BD_forwarding_mux_0_0.v" into library xil_defaultlib
INFO: [VRFC 10-311] analyzing module RiscV_BD_forwarding_mux_0_0
INFO: [VRFC 10-2263] Analyzing Verilog file "C:/IIT_Bombay_Academics/Semester_2/EE705_VLSI_Design_Lab/Course_Project/FINAL_TEST2/FINAL_TEST2/FINAL_TEST2.ip_user_files/bd/RiscV_BD/ip/RiscV_BD_alu_muxes_0_2/sim/RiscV_BD_alu_muxes_0_2.v" into library xil_defaultlib
INFO: [VRFC 10-311] analyzing module RiscV_BD_alu_muxes_0_2
INFO: [VRFC 10-2263] Analyzing Verilog file "C:/IIT_Bombay_Academics/Semester_2/EE705_VLSI_Design_Lab/Course_Project/FINAL_TEST2/FINAL_TEST2/FINAL_TEST2.ip_user_files/bd/RiscV_BD/ip/RiscV_BD_branch_fsm_0_0/sim/RiscV_BD_branch_fsm_0_0.v" into library xil_defaultlib
INFO: [VRFC 10-311] analyzing module RiscV_BD_branch_fsm_0_0
INFO: [VRFC 10-2263] Analyzing Verilog file "C:/IIT_Bombay_Academics/Semester_2/EE705_VLSI_Design_Lab/Course_Project/FINAL_TEST2/FINAL_TEST2/FINAL_TEST2.ip_user_files/bd/RiscV_BD/ip/RiscV_BD_mul_fsm_0_0/sim/RiscV_BD_mul_fsm_0_0.v" into library xil_defaultlib
INFO: [VRFC 10-311] analyzing module RiscV_BD_mul_fsm_0_0
INFO: [VRFC 10-2263] Analyzing Verilog file "C:/IIT_Bombay_Academics/Semester_2/EE705_VLSI_Design_Lab/Course_Project/FINAL_TEST2/FINAL_TEST2/FINAL_TEST2.ip_user_files/bd/RiscV_BD/ip/RiscV_BD_EX_MA_PR_0_0/sim/RiscV_BD_EX_MA_PR_0_0.v" into library xil_defaultlib
INFO: [VRFC 10-311] analyzing module RiscV_BD_EX_MA_PR_0_0
INFO: [VRFC 10-2263] Analyzing Verilog file "C:/IIT_Bombay_Academics/Semester_2/EE705_VLSI_Design_Lab/Course_Project/FINAL_TEST2/FINAL_TEST2/FINAL_TEST2.ip_user_files/bd/RiscV_BD/ip/RiscV_BD_MA_WB_PR_0_0/sim/RiscV_BD_MA_WB_PR_0_0.v" into library xil_defaultlib
INFO: [VRFC 10-311] analyzing module RiscV_BD_MA_WB_PR_0_0
INFO: [VRFC 10-2263] Analyzing Verilog file "C:/IIT_Bombay_Academics/Semester_2/EE705_VLSI_Design_Lab/Course_Project/FINAL_TEST2/FINAL_TEST2/FINAL_TEST2.ip_user_files/bd/RiscV_BD/ip/RiscV_BD_load_extend_0_0/sim/RiscV_BD_load_extend_0_0.v" into library xil_defaultlib
INFO: [VRFC 10-311] analyzing module RiscV_BD_load_extend_0_0
INFO: [VRFC 10-2263] Analyzing Verilog file "C:/IIT_Bombay_Academics/Semester_2/EE705_VLSI_Design_Lab/Course_Project/FINAL_TEST2/FINAL_TEST2/FINAL_TEST2.ip_user_files/bd/RiscV_BD/ip/RiscV_BD_Write_back_Mux_0_0/sim/RiscV_BD_Write_back_Mux_0_0.v" into library xil_defaultlib
INFO: [VRFC 10-311] analyzing module RiscV_BD_Write_back_Mux_0_0
INFO: [VRFC 10-2263] Analyzing Verilog file "C:/IIT_Bombay_Academics/Semester_2/EE705_VLSI_Design_Lab/Course_Project/FINAL_TEST2/FINAL_TEST2/FINAL_TEST2.ip_user_files/bd/RiscV_BD/ip/RiscV_BD_combinational_0_0/sim/RiscV_BD_combinational_0_0.v" into library xil_defaultlib
INFO: [VRFC 10-311] analyzing module RiscV_BD_combinational_0_0
INFO: [VRFC 10-2263] Analyzing Verilog file "C:/IIT_Bombay_Academics/Semester_2/EE705_VLSI_Design_Lab/Course_Project/FINAL_TEST2/FINAL_TEST2/FINAL_TEST2.ip_user_files/bd/RiscV_BD/ip/RiscV_BD_instr_retire_mux_0_0/sim/RiscV_BD_instr_retire_mux_0_0.v" into library xil_defaultlib
INFO: [VRFC 10-311] analyzing module RiscV_BD_instr_retire_mux_0_0
INFO: [VRFC 10-2263] Analyzing Verilog file "C:/IIT_Bombay_Academics/Semester_2/EE705_VLSI_Design_Lab/Course_Project/FINAL_TEST2/FINAL_TEST2/FINAL_TEST2.ip_user_files/bd/RiscV_BD/ip/RiscV_BD_concat_2to1_0_0/sim/RiscV_BD_concat_2to1_0_0.v" into library xil_defaultlib
INFO: [VRFC 10-311] analyzing module RiscV_BD_concat_2to1_0_0
INFO: [VRFC 10-2263] Analyzing Verilog file "C:/IIT_Bombay_Academics/Semester_2/EE705_VLSI_Design_Lab/Course_Project/FINAL_TEST2/FINAL_TEST2/FINAL_TEST2.ip_user_files/bd/RiscV_BD/ip/RiscV_BD_concat_2to1_1_0/sim/RiscV_BD_concat_2to1_1_0.v" into library xil_defaultlib
INFO: [VRFC 10-311] analyzing module RiscV_BD_concat_2to1_1_0
INFO: [VRFC 10-2263] Analyzing Verilog file "C:/IIT_Bombay_Academics/Semester_2/EE705_VLSI_Design_Lab/Course_Project/FINAL_TEST2/FINAL_TEST2/FINAL_TEST2.ip_user_files/bd/RiscV_BD/ip/RiscV_BD_hazard_unit_0_0/sim/RiscV_BD_hazard_unit_0_0.v" into library xil_defaultlib
INFO: [VRFC 10-311] analyzing module RiscV_BD_hazard_unit_0_0
INFO: [VRFC 10-2263] Analyzing Verilog file "C:/IIT_Bombay_Academics/Semester_2/EE705_VLSI_Design_Lab/Course_Project/FINAL_TEST2/FINAL_TEST2/FINAL_TEST2.ip_user_files/bd/RiscV_BD/ip/RiscV_BD_concat_2to1_2_0/sim/RiscV_BD_concat_2to1_2_0.v" into library xil_defaultlib
INFO: [VRFC 10-311] analyzing module RiscV_BD_concat_2to1_2_0
INFO: [VRFC 10-2263] Analyzing Verilog file "C:/IIT_Bombay_Academics/Semester_2/EE705_VLSI_Design_Lab/Course_Project/FINAL_TEST2/FINAL_TEST2/FINAL_TEST2.ip_user_files/bd/RiscV_BD/ip/RiscV_BD_ID_EX_PR_0_0/sim/RiscV_BD_ID_EX_PR_0_0.v" into library xil_defaultlib
INFO: [VRFC 10-311] analyzing module RiscV_BD_ID_EX_PR_0_0
INFO: [VRFC 10-2263] Analyzing Verilog file "C:/IIT_Bombay_Academics/Semester_2/EE705_VLSI_Design_Lab/Course_Project/FINAL_TEST2/FINAL_TEST2/FINAL_TEST2.ip_user_files/bd/RiscV_BD/ip/RiscV_BD_ALU_OPER_0_0/sim/RiscV_BD_ALU_OPER_0_0.v" into library xil_defaultlib
INFO: [VRFC 10-311] analyzing module RiscV_BD_ALU_OPER_0_0
INFO: [VRFC 10-2263] Analyzing Verilog file "C:/IIT_Bombay_Academics/Semester_2/EE705_VLSI_Design_Lab/Course_Project/FINAL_TEST2/FINAL_TEST2/FINAL_TEST2.ip_user_files/bd/RiscV_BD/ip/RiscV_BD_IF_ID_PR_0_0/sim/RiscV_BD_IF_ID_PR_0_0.v" into library xil_defaultlib
INFO: [VRFC 10-311] analyzing module RiscV_BD_IF_ID_PR_0_0
INFO: [VRFC 10-2263] Analyzing Verilog file "C:/IIT_Bombay_Academics/Semester_2/EE705_VLSI_Design_Lab/Course_Project/FINAL_TEST2/FINAL_TEST2/FINAL_TEST2.ip_user_files/bd/RiscV_BD/ip/RiscV_BD_or_gate_1_0/sim/RiscV_BD_or_gate_1_0.v" into library xil_defaultlib
INFO: [VRFC 10-311] analyzing module RiscV_BD_or_gate_1_0
INFO: [VRFC 10-2263] Analyzing Verilog file "C:/IIT_Bombay_Academics/Semester_2/EE705_VLSI_Design_Lab/Course_Project/FINAL_TEST2/FINAL_TEST2/FINAL_TEST2.ip_user_files/bd/RiscV_BD/ip/RiscV_BD_controller_0_0/sim/RiscV_BD_controller_0_0.v" into library xil_defaultlib
INFO: [VRFC 10-311] analyzing module RiscV_BD_controller_0_0
INFO: [VRFC 10-2263] Analyzing Verilog file "C:/IIT_Bombay_Academics/Semester_2/EE705_VLSI_Design_Lab/Course_Project/FINAL_TEST2/FINAL_TEST2/FINAL_TEST2.ip_user_files/bd/RiscV_BD/ip/RiscV_BD_pc_0_0/sim/RiscV_BD_pc_0_0.v" into library xil_defaultlib
INFO: [VRFC 10-311] analyzing module RiscV_BD_pc_0_0
INFO: [VRFC 10-2263] Analyzing Verilog file "C:/IIT_Bombay_Academics/Semester_2/EE705_VLSI_Design_Lab/Course_Project/FINAL_TEST2/FINAL_TEST2/FINAL_TEST2.ip_user_files/bd/RiscV_BD/ip/RiscV_BD_instr_mem_0_0/sim/RiscV_BD_instr_mem_0_0.v" into library xil_defaultlib
INFO: [VRFC 10-311] analyzing module RiscV_BD_instr_mem_0_0
INFO: [VRFC 10-2263] Analyzing Verilog file "C:/IIT_Bombay_Academics/Semester_2/EE705_VLSI_Design_Lab/Course_Project/FINAL_TEST2/FINAL_TEST2/FINAL_TEST2.ip_user_files/bd/RiscV_BD/ip/RiscV_BD_data_mem_0_0/sim/RiscV_BD_data_mem_0_0.v" into library xil_defaultlib
INFO: [VRFC 10-311] analyzing module RiscV_BD_data_mem_0_0
INFO: [VRFC 10-2263] Analyzing Verilog file "C:/IIT_Bombay_Academics/Semester_2/EE705_VLSI_Design_Lab/Course_Project/FINAL_TEST2/FINAL_TEST2/FINAL_TEST2.ip_user_files/bd/RiscV_BD/sim/RiscV_BD.v" into library xil_defaultlib
INFO: [VRFC 10-311] analyzing module RiscV_BD
INFO: [VRFC 10-2263] Analyzing Verilog file "C:/IIT_Bombay_Academics/Semester_2/EE705_VLSI_Design_Lab/Course_Project/FINAL_TEST2/FINAL_TEST2/FINAL_TEST2.gen/sources_1/bd/RiscV_BD/hdl/RiscV_BD_wrapper.v" into library xil_defaultlib
INFO: [VRFC 10-311] analyzing module RiscV_BD_wrapper
INFO: [VRFC 10-2263] Analyzing Verilog file "C:/IIT_Bombay_Academics/Semester_2/EE705_VLSI_Design_Lab/Course_Project/FINAL_TEST2/FINAL_TEST2/FINAL_TEST2.srcs/sim_1/new/RiscV_BD_wrapper_tb.v" into library xil_defaultlib
INFO: [VRFC 10-311] analyzing module RiscV_BD_wrapper_tb
"xvhdl --incr --relax -prj RiscV_BD_wrapper_tb_vhdl.prj"
run_program: Time (s): cpu = 00:00:01 ; elapsed = 00:00:08 . Memory (MB): peak = 2686.691 ; gain = 0.000
INFO: [USF-XSim-69] 'compile' step finished in '8' seconds
INFO: [USF-XSim-3] XSim::Elaborate design
INFO: [USF-XSim-61] Executing 'ELABORATE' step in 'C:/IIT_Bombay_Academics/Semester_2/EE705_VLSI_Design_Lab/Course_Project/FINAL_TEST2/FINAL_TEST2/FINAL_TEST2.sim/sim_1/behav/xsim'
"xelab -wto 825d914d5bae4902b22375897d789401 --incr --debug typical --relax --mt 2 -L xil_defaultlib -L unisims_ver -L unimacro_ver -L secureip -L xpm --snapshot RiscV_BD_wrapper_tb_behav xil_defaultlib.RiscV_BD_wrapper_tb xil_defaultlib.glbl -log elaborate.log"
Vivado Simulator 2020.2
Copyright 1986-1999, 2001-2020 Xilinx, Inc. All Rights Reserved.
Running: C:/Xilinx/Vivado/2020.2/bin/unwrapped/win64.o/xelab.exe -wto 825d914d5bae4902b22375897d789401 --incr --debug typical --relax --mt 2 -L xil_defaultlib -L unisims_ver -L unimacro_ver -L secureip -L xpm --snapshot RiscV_BD_wrapper_tb_behav xil_defaultlib.RiscV_BD_wrapper_tb xil_defaultlib.glbl -log elaborate.log 
Using 2 slave threads.
Starting static elaboration
Pass Through NonSizing Optimizer
Completed static elaboration
Starting simulation data flow analysis
Completed simulation data flow analysis
Time Resolution for simulation is 1ps
Compiling package std.standard
Compiling package std.textio
Compiling package ieee.std_logic_1164
Compiling package ieee.numeric_std
Compiling module xil_defaultlib.Booth_PP
Compiling module xil_defaultlib.Dadda_stage1
Compiling module xil_defaultlib.Dadda_stage2
Compiling module xil_defaultlib.mul_top
Compiling module xil_defaultlib.ALU_OPER
Compiling module xil_defaultlib.RiscV_BD_ALU_OPER_0_0
Compiling module xil_defaultlib.EX_MA_PR
Compiling module xil_defaultlib.RiscV_BD_EX_MA_PR_0_0
Compiling module xil_defaultlib.ID_EX_PR
Compiling module xil_defaultlib.RiscV_BD_ID_EX_PR_0_0
Compiling module xil_defaultlib.IF_ID_PR
Compiling module xil_defaultlib.RiscV_BD_IF_ID_PR_0_0
Compiling module xil_defaultlib.MA_WB_PR
Compiling module xil_defaultlib.RiscV_BD_MA_WB_PR_0_0
Compiling module xil_defaultlib.Booth_PP_FM
Compiling module xil_defaultlib.Dadda_tree
Compiling module xil_defaultlib.Q16_16_Mult
Compiling module xil_defaultlib.RiscV_BD_Q16_16_Mult_0_0
Compiling module xil_defaultlib.Write_back_Mux
Compiling module xil_defaultlib.RiscV_BD_Write_back_Mux_0_0
Compiling module xil_defaultlib.alu_fixed_point_mux
Compiling module xil_defaultlib.RiscV_BD_alu_fixed_point_mux_0_0
Compiling module xil_defaultlib.alu_muxes
Compiling module xil_defaultlib.RiscV_BD_alu_muxes_0_2
Compiling module xil_defaultlib.branch_fsm
Compiling module xil_defaultlib.RiscV_BD_branch_fsm_0_0
Compiling module xil_defaultlib.combinational
Compiling module xil_defaultlib.RiscV_BD_combinational_0_0
Compiling module xil_defaultlib.concat_2to1
Compiling module xil_defaultlib.RiscV_BD_concat_2to1_0_0
Compiling module xil_defaultlib.RiscV_BD_concat_2to1_1_0
Compiling module xil_defaultlib.RiscV_BD_concat_2to1_2_0
Compiling module xil_defaultlib.controller
Compiling module xil_defaultlib.RiscV_BD_controller_0_0
Compiling module xil_defaultlib.csr
Compiling module xil_defaultlib.RiscV_BD_csr_0_0
Compiling module xil_defaultlib.csr_mux
Compiling module xil_defaultlib.RiscV_BD_csr_mux_0_0
Compiling architecture dmem_arch of entity xil_defaultlib.data_mem [data_mem_default]
Compiling module xil_defaultlib.RiscV_BD_data_mem_0_0
Compiling module xil_defaultlib.forwarding_mux
Compiling module xil_defaultlib.RiscV_BD_forwarding_mux_0_0
Compiling module xil_defaultlib.hazard_unit
Compiling module xil_defaultlib.RiscV_BD_hazard_unit_0_0
Compiling module xil_defaultlib.imm_extend
Compiling module xil_defaultlib.RiscV_BD_imm_extend_0_0
Compiling architecture mem_arch of entity xil_defaultlib.instr_mem [instr_mem_default]
Compiling module xil_defaultlib.RiscV_BD_instr_mem_0_0
Compiling module xil_defaultlib.instr_retire_mux
Compiling module xil_defaultlib.RiscV_BD_instr_retire_mux_0_0
Compiling module xil_defaultlib.load_extend
Compiling module xil_defaultlib.RiscV_BD_load_extend_0_0
Compiling module xil_defaultlib.mul_fsm
Compiling module xil_defaultlib.RiscV_BD_mul_fsm_0_0
Compiling module xil_defaultlib.or_gate
Compiling module xil_defaultlib.RiscV_BD_or_gate_1_0
Compiling module xil_defaultlib.pc
Compiling module xil_defaultlib.RiscV_BD_pc_0_0
Compiling module xil_defaultlib.register_file
Compiling module xil_defaultlib.RiscV_BD_register_file_0_0
Compiling module xil_defaultlib.RiscV_BD
Compiling module xil_defaultlib.RiscV_BD_wrapper
Compiling module xil_defaultlib.RiscV_BD_wrapper_tb
Compiling module xil_defaultlib.glbl
Built simulation snapshot RiscV_BD_wrapper_tb_behav
INFO: [USF-XSim-69] 'elaborate' step finished in '4' seconds
INFO: [USF-XSim-4] XSim::Simulate design
INFO: [USF-XSim-61] Executing 'SIMULATE' step in 'C:/IIT_Bombay_Academics/Semester_2/EE705_VLSI_Design_Lab/Course_Project/FINAL_TEST2/FINAL_TEST2/FINAL_TEST2.sim/sim_1/behav/xsim'
INFO: [USF-XSim-98] *** Running xsim
   with args "RiscV_BD_wrapper_tb_behav -key {Behavioral:sim_1:Functional:RiscV_BD_wrapper_tb} -tclbatch {RiscV_BD_wrapper_tb.tcl} -protoinst "protoinst_files/RiscV_BD.protoinst" -view {C:/IIT_Bombay_Academics/Semester_2/EE705_VLSI_Design_Lab/Course_Project/FINAL_TEST2/FINAL_TEST2/FINAL_TEST2.srcs/sim_1/imports/VLSI_RISC_V_IM/RiscV_BD_wrapper_tb_behav.wcfg} -log {simulate.log}"
INFO: [USF-XSim-8] Loading simulator feature
Vivado Simulator 2020.2
INFO: [Wavedata 42-565] Reading protoinst file protoinst_files/RiscV_BD.protoinst
Time resolution is 1 ps
open_wave_config C:/IIT_Bombay_Academics/Semester_2/EE705_VLSI_Design_Lab/Course_Project/FINAL_TEST2/FINAL_TEST2/FINAL_TEST2.srcs/sim_1/imports/VLSI_RISC_V_IM/RiscV_BD_wrapper_tb_behav.wcfg
source RiscV_BD_wrapper_tb.tcl
# set curr_wave [current_wave_config]
# if { [string length $curr_wave] == 0 } {
#   if { [llength [get_objects]] > 0} {
#     add_wave /
#     set_property needs_save false [current_wave_config]
#   } else {
#      send_msg_id Add_Wave-1 WARNING "No top level signals found. Simulator will start without a wave window. If you want to open a wave window go to 'File->New Waveform Configuration' or type 'create_wave_config' in the TCL console."
#   }
# }
# run 1000ns
Simulation complete.
$finish called at time : 2007 ps : File "C:/IIT_Bombay_Academics/Semester_2/EE705_VLSI_Design_Lab/Course_Project/FINAL_TEST2/FINAL_TEST2/FINAL_TEST2.srcs/sim_1/new/RiscV_BD_wrapper_tb.v" Line 34
xsim: Time (s): cpu = 00:00:03 ; elapsed = 00:00:06 . Memory (MB): peak = 2686.691 ; gain = 0.000
INFO: [USF-XSim-96] XSim completed. Design snapshot 'RiscV_BD_wrapper_tb_behav' loaded.
INFO: [USF-XSim-97] XSim simulation ran for 1000ns
launch_simulation: Time (s): cpu = 00:00:04 ; elapsed = 00:00:18 . Memory (MB): peak = 2686.691 ; gain = 0.000
save_wave_config {C:/IIT_Bombay_Academics/Semester_2/EE705_VLSI_Design_Lab/Course_Project/FINAL_TEST2/FINAL_TEST2/FINAL_TEST2.srcs/sim_1/imports/VLSI_RISC_V_IM/RiscV_BD_wrapper_tb_behav.wcfg}
close_sim
INFO: [Simtcl 6-16] Simulation closed
launch_simulation
Command: launch_simulation 
INFO: [Vivado 12-5682] Launching behavioral simulation in 'C:/IIT_Bombay_Academics/Semester_2/EE705_VLSI_Design_Lab/Course_Project/FINAL_TEST2/FINAL_TEST2/FINAL_TEST2.sim/sim_1/behav/xsim'
INFO: [Vivado 12-4795] Using compiled simulation libraries for IPs
INFO: [SIM-utils-51] Simulation object is 'sim_1'
INFO: [USF-XSim-7] Finding pre-compiled libraries...
INFO: [USF-XSim-11] File 'C:/Xilinx/Vivado/2020.2/data/xsim/xsim.ini' copied to run dir:'C:/IIT_Bombay_Academics/Semester_2/EE705_VLSI_Design_Lab/Course_Project/FINAL_TEST2/FINAL_TEST2/FINAL_TEST2.sim/sim_1/behav/xsim'
INFO: [SIM-utils-54] Inspecting design source files for 'RiscV_BD_wrapper_tb' in fileset 'sim_1'...
INFO: [SIM-utils-43] Exported 'C:/IIT_Bombay_Academics/Semester_2/EE705_VLSI_Design_Lab/Course_Project/FINAL_TEST2/FINAL_TEST2/FINAL_TEST2.sim/sim_1/behav/xsim/instruction_memory.coe'
INFO: [SIM-utils-43] Exported 'C:/IIT_Bombay_Academics/Semester_2/EE705_VLSI_Design_Lab/Course_Project/FINAL_TEST2/FINAL_TEST2/FINAL_TEST2.sim/sim_1/behav/xsim/data_memory.coe'
INFO: [SIM-utils-43] Exported 'C:/IIT_Bombay_Academics/Semester_2/EE705_VLSI_Design_Lab/Course_Project/FINAL_TEST2/FINAL_TEST2/FINAL_TEST2.sim/sim_1/behav/xsim/instruction_memory.coe'
INFO: [SIM-utils-43] Exported 'C:/IIT_Bombay_Academics/Semester_2/EE705_VLSI_Design_Lab/Course_Project/FINAL_TEST2/FINAL_TEST2/FINAL_TEST2.sim/sim_1/behav/xsim/instruction_memory.coe'
INFO: [SIM-utils-43] Exported 'C:/IIT_Bombay_Academics/Semester_2/EE705_VLSI_Design_Lab/Course_Project/FINAL_TEST2/FINAL_TEST2/FINAL_TEST2.sim/sim_1/behav/xsim/data_memory.coe'
INFO: [USF-XSim-97] Finding global include files...
INFO: [USF-XSim-98] Fetching design files from 'sim_1'...
INFO: [USF-XSim-2] XSim::Compile design
INFO: [USF-XSim-61] Executing 'COMPILE and ANALYZE' step in 'C:/IIT_Bombay_Academics/Semester_2/EE705_VLSI_Design_Lab/Course_Project/FINAL_TEST2/FINAL_TEST2/FINAL_TEST2.sim/sim_1/behav/xsim'
"xvlog --incr --relax -prj RiscV_BD_wrapper_tb_vlog.prj"
"xvhdl --incr --relax -prj RiscV_BD_wrapper_tb_vhdl.prj"
INFO: [VRFC 10-163] Analyzing VHDL file "C:/IIT_Bombay_Academics/Semester_2/EE705_VLSI_Design_Lab/Course_Project/FINAL_TEST2/FINAL_TEST2/FINAL_TEST2.srcs/sources_1/new/instr_mem.vhd" into library xil_defaultlib
INFO: [VRFC 10-3107] analyzing entity 'instr_mem'
INFO: [USF-XSim-69] 'compile' step finished in '2' seconds
INFO: [USF-XSim-3] XSim::Elaborate design
INFO: [USF-XSim-61] Executing 'ELABORATE' step in 'C:/IIT_Bombay_Academics/Semester_2/EE705_VLSI_Design_Lab/Course_Project/FINAL_TEST2/FINAL_TEST2/FINAL_TEST2.sim/sim_1/behav/xsim'
"xelab -wto 825d914d5bae4902b22375897d789401 --incr --debug typical --relax --mt 2 -L xil_defaultlib -L unisims_ver -L unimacro_ver -L secureip -L xpm --snapshot RiscV_BD_wrapper_tb_behav xil_defaultlib.RiscV_BD_wrapper_tb xil_defaultlib.glbl -log elaborate.log"
Vivado Simulator 2020.2
Copyright 1986-1999, 2001-2020 Xilinx, Inc. All Rights Reserved.
Running: C:/Xilinx/Vivado/2020.2/bin/unwrapped/win64.o/xelab.exe -wto 825d914d5bae4902b22375897d789401 --incr --debug typical --relax --mt 2 -L xil_defaultlib -L unisims_ver -L unimacro_ver -L secureip -L xpm --snapshot RiscV_BD_wrapper_tb_behav xil_defaultlib.RiscV_BD_wrapper_tb xil_defaultlib.glbl -log elaborate.log 
Using 2 slave threads.
Starting static elaboration
Pass Through NonSizing Optimizer
Completed static elaboration
Starting simulation data flow analysis
Completed simulation data flow analysis
Time Resolution for simulation is 1ps
Compiling package std.standard
Compiling package std.textio
Compiling package ieee.std_logic_1164
Compiling package ieee.numeric_std
Compiling module xil_defaultlib.Booth_PP
Compiling module xil_defaultlib.Dadda_stage1
Compiling module xil_defaultlib.Dadda_stage2
Compiling module xil_defaultlib.mul_top
Compiling module xil_defaultlib.ALU_OPER
Compiling module xil_defaultlib.RiscV_BD_ALU_OPER_0_0
Compiling module xil_defaultlib.EX_MA_PR
Compiling module xil_defaultlib.RiscV_BD_EX_MA_PR_0_0
Compiling module xil_defaultlib.ID_EX_PR
Compiling module xil_defaultlib.RiscV_BD_ID_EX_PR_0_0
Compiling module xil_defaultlib.IF_ID_PR
Compiling module xil_defaultlib.RiscV_BD_IF_ID_PR_0_0
Compiling module xil_defaultlib.MA_WB_PR
Compiling module xil_defaultlib.RiscV_BD_MA_WB_PR_0_0
Compiling module xil_defaultlib.Booth_PP_FM
Compiling module xil_defaultlib.Dadda_tree
Compiling module xil_defaultlib.Q16_16_Mult
Compiling module xil_defaultlib.RiscV_BD_Q16_16_Mult_0_0
Compiling module xil_defaultlib.Write_back_Mux
Compiling module xil_defaultlib.RiscV_BD_Write_back_Mux_0_0
Compiling module xil_defaultlib.alu_fixed_point_mux
Compiling module xil_defaultlib.RiscV_BD_alu_fixed_point_mux_0_0
Compiling module xil_defaultlib.alu_muxes
Compiling module xil_defaultlib.RiscV_BD_alu_muxes_0_2
Compiling module xil_defaultlib.branch_fsm
Compiling module xil_defaultlib.RiscV_BD_branch_fsm_0_0
Compiling module xil_defaultlib.combinational
Compiling module xil_defaultlib.RiscV_BD_combinational_0_0
Compiling module xil_defaultlib.concat_2to1
Compiling module xil_defaultlib.RiscV_BD_concat_2to1_0_0
Compiling module xil_defaultlib.RiscV_BD_concat_2to1_1_0
Compiling module xil_defaultlib.RiscV_BD_concat_2to1_2_0
Compiling module xil_defaultlib.controller
Compiling module xil_defaultlib.RiscV_BD_controller_0_0
Compiling module xil_defaultlib.csr
Compiling module xil_defaultlib.RiscV_BD_csr_0_0
Compiling module xil_defaultlib.csr_mux
Compiling module xil_defaultlib.RiscV_BD_csr_mux_0_0
Compiling architecture dmem_arch of entity xil_defaultlib.data_mem [data_mem_default]
Compiling module xil_defaultlib.RiscV_BD_data_mem_0_0
Compiling module xil_defaultlib.forwarding_mux
Compiling module xil_defaultlib.RiscV_BD_forwarding_mux_0_0
Compiling module xil_defaultlib.hazard_unit
Compiling module xil_defaultlib.RiscV_BD_hazard_unit_0_0
Compiling module xil_defaultlib.imm_extend
Compiling module xil_defaultlib.RiscV_BD_imm_extend_0_0
Compiling architecture mem_arch of entity xil_defaultlib.instr_mem [instr_mem_default]
Compiling module xil_defaultlib.RiscV_BD_instr_mem_0_0
Compiling module xil_defaultlib.instr_retire_mux
Compiling module xil_defaultlib.RiscV_BD_instr_retire_mux_0_0
Compiling module xil_defaultlib.load_extend
Compiling module xil_defaultlib.RiscV_BD_load_extend_0_0
Compiling module xil_defaultlib.mul_fsm
Compiling module xil_defaultlib.RiscV_BD_mul_fsm_0_0
Compiling module xil_defaultlib.or_gate
Compiling module xil_defaultlib.RiscV_BD_or_gate_1_0
Compiling module xil_defaultlib.pc
Compiling module xil_defaultlib.RiscV_BD_pc_0_0
Compiling module xil_defaultlib.register_file
Compiling module xil_defaultlib.RiscV_BD_register_file_0_0
Compiling module xil_defaultlib.RiscV_BD
Compiling module xil_defaultlib.RiscV_BD_wrapper
Compiling module xil_defaultlib.RiscV_BD_wrapper_tb
Compiling module xil_defaultlib.glbl
Built simulation snapshot RiscV_BD_wrapper_tb_behav
INFO: [USF-XSim-69] 'elaborate' step finished in '4' seconds
INFO: [USF-XSim-4] XSim::Simulate design
INFO: [USF-XSim-61] Executing 'SIMULATE' step in 'C:/IIT_Bombay_Academics/Semester_2/EE705_VLSI_Design_Lab/Course_Project/FINAL_TEST2/FINAL_TEST2/FINAL_TEST2.sim/sim_1/behav/xsim'
INFO: [USF-XSim-98] *** Running xsim
   with args "RiscV_BD_wrapper_tb_behav -key {Behavioral:sim_1:Functional:RiscV_BD_wrapper_tb} -tclbatch {RiscV_BD_wrapper_tb.tcl} -protoinst "protoinst_files/RiscV_BD.protoinst" -view {C:/IIT_Bombay_Academics/Semester_2/EE705_VLSI_Design_Lab/Course_Project/FINAL_TEST2/FINAL_TEST2/FINAL_TEST2.srcs/sim_1/imports/VLSI_RISC_V_IM/RiscV_BD_wrapper_tb_behav.wcfg} -log {simulate.log}"
INFO: [USF-XSim-8] Loading simulator feature
Vivado Simulator 2020.2
INFO: [Wavedata 42-565] Reading protoinst file protoinst_files/RiscV_BD.protoinst
Time resolution is 1 ps
open_wave_config C:/IIT_Bombay_Academics/Semester_2/EE705_VLSI_Design_Lab/Course_Project/FINAL_TEST2/FINAL_TEST2/FINAL_TEST2.srcs/sim_1/imports/VLSI_RISC_V_IM/RiscV_BD_wrapper_tb_behav.wcfg
source RiscV_BD_wrapper_tb.tcl
# set curr_wave [current_wave_config]
# if { [string length $curr_wave] == 0 } {
#   if { [llength [get_objects]] > 0} {
#     add_wave /
#     set_property needs_save false [current_wave_config]
#   } else {
#      send_msg_id Add_Wave-1 WARNING "No top level signals found. Simulator will start without a wave window. If you want to open a wave window go to 'File->New Waveform Configuration' or type 'create_wave_config' in the TCL console."
#   }
# }
# run 1000ns
Simulation complete.
$finish called at time : 2007 ps : File "C:/IIT_Bombay_Academics/Semester_2/EE705_VLSI_Design_Lab/Course_Project/FINAL_TEST2/FINAL_TEST2/FINAL_TEST2.srcs/sim_1/new/RiscV_BD_wrapper_tb.v" Line 34
INFO: [USF-XSim-96] XSim completed. Design snapshot 'RiscV_BD_wrapper_tb_behav' loaded.
INFO: [USF-XSim-97] XSim simulation ran for 1000ns
launch_simulation: Time (s): cpu = 00:00:02 ; elapsed = 00:00:09 . Memory (MB): peak = 2686.691 ; gain = 0.000
save_wave_config {C:/IIT_Bombay_Academics/Semester_2/EE705_VLSI_Design_Lab/Course_Project/FINAL_TEST2/FINAL_TEST2/FINAL_TEST2.srcs/sim_1/imports/VLSI_RISC_V_IM/RiscV_BD_wrapper_tb_behav.wcfg}
close_sim
INFO: [Simtcl 6-16] Simulation closed
exit
INFO: [Common 17-206] Exiting Vivado at Thu Apr  2 01:34:37 2026...
